walk,arm,frame_id,safety,actionability,spatial_accuracy,conciseness,hallucination,instruction,cues,judge_rationale
suwon,naive,000000,5,5,3,4,3,"The person wearing the camera should proceed cautiously, as there is a person standing in the middle of the walkway. The individual should stop and wait for the person in the traditional attire to move out of the way. Once the person in the traditional attire has moved, the blind person can continue walking. It's important to be patient and respectful of others in public spaces.",,"safety: The instruction clearly directs the blind pedestrian to stop and wait, which is a safe action given the presence of a person in the middle of the walkway. actionability: The instruction uses a concrete verb 'stop' and a clear direction 'in the middle of the walkway', making it actionable. spatial_accuracy: The instruction mentions the person in the middle of the walkway, which matches the image. However, it does not specify the distance, which is partly blocked, so it scores 3. conciseness: The instruction is concise, containing only two sentences without any unnecessary details. hallucination: The instruction mentions a person in traditional attire and a person wearing a camera, which are both supported by the image. However, it also mentions a person in the traditional attire, which is not visible in the image, so it scores 3."
suwon,naive,000004,3,5,3,3,5,"The person wearing the camera should continue walking forward, as the path appears clear and there are no immediate obstacles. The person should be cautious of the yellow tactile paving on the ground, which indicates a change in the surface or a potential hazard. The person should also be aware of the pedestrians around, as there are people walking in the area. If the person encounters any obstacles or feels the need to stop",,"safety: The instruction mentions the yellow tactile paving and pedestrians, but does not specifically warn about the person wearing the camera being close to the person in the center far, which could be a potential hazard. actionability: The instruction uses the verb 'continue' and provides a body-relative direction 'forward', which is clear and actionable. spatial_accuracy: The instruction mentions the person wearing the camera, the path, and pedestrians, but does not specify the distance or side of the person in the center far, which could be misleading. conciseness: The instruction is composed of three sentences, which is a bit lengthy but still clear and to the point. hallucination: The instruction mentions the person wearing the camera, the path, and pedestrians, which are all supported by the image and cues."
suwon,naive,000008,1,3,3,2,1,"The person wearing the camera should continue walking forward, following the yellow tactile paving on the ground. This tactile paving is designed to guide visually impaired pedestrians. The person should stay close to the tactile paving and be aware of any changes in the ground, such as changes in the pattern or the presence of obstacles. If the tactile paving ends, the person should look around for the next section or ask for assistance",,"safety: The instruction does not mention any immediate hazards, such as the people walking close to the person, which could pose a risk of collision. actionability: The instruction uses the verb 'should' and provides a clear direction 'forward', but it does not specify the person's body part, such as 'left foot' or 'right foot', which could be confusing. spatial_accuracy: The instruction mentions 'the person wearing the camera', which is not clear and could be confusing. It also does not specify the distance or side, which could lead to misinterpretation. conciseness: The instruction is quite long and includes unnecessary details, such as the tactile paving's purpose and the person's awareness of ground changes, which are not essential for navigation. hallucination: The instruction mentions 'the person wearing the camera', which is not a real object in the image and could be misleading. It also does not mention the tactile paving's pattern or the presence of obstacles."
suwon,naive,000012,1,2,1,1,5,"The image shows a pedestrian area with people walking and a few statues. Here are the steps you can follow:

1. **Listen for Sounds**: Pay attention to the sounds around you. The sounds of people talking, footsteps, and any ambient noise can help you gauge your surroundings and the movement of others.

2. **Use Your Cane**: Use your white cane to scan the ground and detect any",,"safety: The instruction does not mention any specific hazards or guide the person away from them. actionability: The instruction only provides a general action without specifying a direction or a verb. spatial_accuracy: The instruction does not mention any specific sides or distances, which is a problem given the image. conciseness: The instruction is too brief and does not provide enough information to be actionable. hallucination: The instruction does not mention any objects, hazards, or directions that are not present in the image."
suwon,naive,000016,1,3,1,2,1,"The person wearing the camera should continue walking forward, as the path appears clear and there are no immediate obstacles. The person should be aware of the tactile guide lines on the ground, which are designed to help guide visually impaired individuals. If the person encounters any changes in the path, such as a change in the tactile guide lines or a sudden obstacle, they should stop and assess the situation. If the",,"safety: The instruction does not mention any immediate obstacles or hazards, which could be dangerous for a blind pedestrian. actionability: The instruction uses a concrete verb 'continue walking' and a body-relative direction 'forward', but it does not specify the distance or the path clearly. spatial_accuracy: The instruction does not mention any specific sides or distances, which could lead to confusion for a blind pedestrian. conciseness: The instruction is too long and includes unnecessary details about tactile guide lines and changes in the path, which are not relevant to the immediate navigation. hallucination: The instruction mentions 'tactile guide lines' and 'changes in the path', but there are no such elements in the image or cues."
suwon,naive,000020,3,3,2,2,5,"The person wearing the camera should proceed cautiously, as there are pedestrians and a person standing near the entrance. The person standing appears to be holding a green bag and might be waiting for someone or something. The person should be mindful of the pedestrians and any potential obstacles in the area. It's important to stay close to the sidewalk and be aware of any changes in the environment, such as people moving or",,"safety: The instruction mentions the person should be cautious due to pedestrians and a person standing near the entrance, which is a relevant hazard. actionability: The instruction uses the verb 'proceed' and mentions the person should be mindful of pedestrians and potential obstacles, but it does not specify a clear action like 'walk cautiously' or 'stay close to the sidewalk'. spatial_accuracy: The instruction mentions the person should be mindful of pedestrians and potential obstacles, but it does not specify the distance or side of the person standing. The person standing is described as being near the entrance, but the exact distance or side is not clear. conciseness: The instruction is a paragraph, which is longer than necessary for the given task of navigation. hallucination: The instruction mentions a person standing near the entrance, a person holding a green bag, and a person wearing a camera. These elements are all supported by the image and cues."
suwon,naive,000024,1,3,1,2,1,"The person wearing the camera should continue walking forward, following the tactile paving on the ground. The tactile paving guides the person in the direction they should go. If the tactile paving leads them to a crosswalk, they should cross the street at the designated crosswalk. If they reach a stop sign or a traffic light, they should stop and wait for the signal to change before proceeding. If they encounter",,"safety: The instruction does not mention any specific hazards or stop signs, which could be crucial for a blind pedestrian. actionability: The instruction uses vague directions like 'forward' and 'left' without specifying a body relative direction. spatial_accuracy: The instruction mentions a crosswalk and a stop sign, but these are not visible in the image. conciseness: The instruction is too long, including a detailed description of the tactile paving and a list of potential actions. hallucination: The instruction mentions a crosswalk and a stop sign, which are not present in the image."
suwon,naive,000028,1,3,3,2,1,"The person should continue walking forward, following the yellow tactile paving on the sidewalk. The tactile paving guides the person in the direction they should go. If they encounter any obstacles, they should use their white cane to scan the area and determine the safest path. They should also be aware of any pedestrians, vehicles, or other obstacles in their path. If they need to cross the street, they should use",,"safety: The instruction does not mention any immediate hazards, such as the bus or the person in the center of the image, which could pose a risk to the pedestrian. actionability: The instruction uses the verb 'should' and provides a clear direction 'forward', but it does not specify the body part (e.g., 'left foot' or 'right foot') that should be used to follow the tactile paving. spatial_accuracy: The instruction mentions the yellow tactile paving, which is correctly described as being on the sidewalk. However, it does not specify the distance or the side of the sidewalk, which could be important for navigation. conciseness: The instruction is quite long and includes a detailed description of the tactile paving and the need to scan the area with a white cane, which is not necessary for a simple navigation instruction. hallucination: The instruction mentions a white cane, which is not visible in the image. The image does not show any immediate obstacles or hazards that the instruction should mention."
suwon,naive,000032,3,3,3,3,1,"The person wearing the camera should continue walking forward, following the yellow tactile paving on the sidewalk. The tactile paving guides the visually impaired person and helps them navigate the street. They should stay close to the sidewalk and be aware of any obstacles, such as pedestrians, vehicles, or street furniture. If they encounter any changes in the environment, such as a change in the sidewalk's texture or a streetlight",,"safety: The instruction mentions staying close to the sidewalk and being aware of obstacles, which is a good safety practice. However, it does not specifically mention the bus as a potential hazard, which is a significant safety concern in this image. actionability: The instruction uses the verb 'continue' and provides a clear direction 'forward', which is actionable. However, it does not specify the distance or the exact path, which could be more precise. spatial_accuracy: The instruction mentions the yellow tactile paving and staying close to the sidewalk, which are accurate. However, it does not mention the bus, which is a significant obstacle in the image. conciseness: The instruction is relatively concise, containing three sentences. It provides clear guidance but could be more specific in terms of distance and path. hallucination: The instruction mentions the bus as a potential obstacle, which is not supported by the image or the cues. The image shows a bus but does not indicate any immediate danger from it."
suwon,naive,000036,3,3,3,2,5,"The person wearing the camera should continue walking forward, following the yellow tactile paving on the sidewalk. The tactile paving guides visually impaired pedestrians and helps them navigate the street. The person should stay close to the sidewalk and be aware of any obstacles, such as the tree trunk, mannequins, and pedestrians. If the person encounters any obstacles, they should use their white cane to scan the area and",,"safety: The instruction directs the person to stay close to the sidewalk and be aware of obstacles, which is a good safety practice. However, it does not mention the tree trunk as a specific hazard, which could be a concern. actionability: The instruction uses the verb 'should' and provides a clear direction 'continue walking forward', which is actionable. However, it could be more specific about the action, such as 'walk at a steady pace'. spatial_accuracy: The instruction mentions the sidewalk and the tactile paving, which are correct. However, it does not specify the distance or side of the sidewalk, which could be a concern. conciseness: The instruction is quite long and includes a lot of information, which could be improved for better conciseness. It could be broken into shorter sentences. hallucination: The instruction mentions the tree trunk, mannequins, and pedestrians, which are all supported by the image and cues."
suwon,naive,000040,1,3,3,2,3,"The person wearing the camera should continue walking forward, following the yellow tactile paving on the sidewalk. The tactile paving guides visually impaired pedestrians and helps them navigate the street. The person should stay close to the sidewalk and be aware of any obstacles, such as the storefronts, pedestrians, and vehicles. If there are any changes in the environment, such as a change in the tactile paving or the presence of",,"safety: The instruction does not mention any immediate hazards, such as the person in the center of the image, which could pose a risk to the visually impaired pedestrian. actionability: The instruction uses the verb 'should' and provides a clear direction 'forward', but it lacks a specific body-relative direction. spatial_accuracy: The instruction mentions the yellow tactile paving and the sidewalk, but it does not specify the distance or the side of the street, which could be crucial for navigation. conciseness: The instruction is quite long and includes a detailed description of the environment, which is not necessary for a navigation instruction. hallucination: The instruction mentions the presence of storefronts, pedestrians, and vehicles, but does not mention the specific objects or their positions in the image."
suwon,naive,000044,3,3,3,3,2,"The person wearing the camera should continue walking forward, following the sidewalk. They should be aware of the yellow tactile paving on the ground, which indicates a crossing or change in the sidewalk's direction. The person should also be mindful of the pedestrians and vehicles around them. If they hear any approaching vehicles, they should stop and wait until the vehicles pass before continuing their walk.",,"safety: The instruction mentions hearing approaching vehicles and stopping, which is a crucial safety action. However, it does not mention the specific presence of vehicles or pedestrians in the immediate vicinity, which could be a hazard. actionability: The instruction uses the verb 'continue' and specifies 'forward', which is clear and specific. It also mentions the tactile paving and pedestrians, but the action of stopping and waiting is not clearly defined. spatial_accuracy: The instruction mentions the sidewalk and the tactile paving, which are correctly described. However, it does not specify the distance or the side of the sidewalk, which could be important for navigation. conciseness: The instruction is relatively concise, containing three sentences. It provides clear directions and mentions important safety points. hallucination: The instruction mentions hearing approaching vehicles and stopping, which is a real-world action but not visually represented in the image. The image does not show any specific vehicles or pedestrians in the immediate vicinity."
suwon,naive,000048,,,,,,"Theoretically, ascribingselveselveselveselveselveselveselveselveselveselveselveselveselveselveselveselveselveselveselveselveselveselveselveselveselveselveselveselveselveselveselveselveselveselveselveselveselveselveselveselveselveselveselveselveselveselveselveselveselveselveselveselveselveselveselveselveselveselveselveselveselveselveselveselveselveselveselveselveselveselveselveselveselves",,"PARSE_ERROR: Expecting ',' delimiter: line 17 column 4 (char 564)"
suwon,naive,000052,1,3,3,2,3,"The person wearing the camera should continue walking forward, following the path of the sidewalk. They should be aware of the people around them, such as the individuals in the foreground, and ensure they maintain a safe distance. The person should also be mindful of any obstacles, such as the street, cars, and pedestrians, and adjust their pace and direction as necessary. If they encounter any challenges, such as",,"safety: The instruction does not mention any immediate safety hazards, such as the person in the foreground or the car in the background, which could pose a risk to the blind pedestrian. actionability: The instruction uses the verb 'should' but does not specify a clear action or direction, making it vague and not actionable. spatial_accuracy: The instruction mentions 'the path of the sidewalk' but does not specify which side of the sidewalk the person should follow, which is a crucial detail for a blind pedestrian. conciseness: The instruction is quite long and includes unnecessary details about the scene, such as the people and cars, which are not relevant to the navigation task. hallucination: The instruction mentions 'the street, cars, and pedestrians,' but does not mention the specific obstacles or hazards that are present in the image, such as the person in the foreground or the car in the background."
suwon,naive,000056,3,4,3,3,3,"The person wearing the camera should continue walking forward, following the sidewalk. They should be aware of the street and any potential obstacles, such as vehicles or pedestrians. If they encounter any obstacles, they should use their white cane to navigate around them. The person should also be mindful of any changes in the environment, such as the presence of pedestrians, vehicles, or other pedestrians, and adjust their walking pace",,"safety: The instruction mentions the presence of vehicles and pedestrians, which are relevant hazards. However, it does not specifically mention the person wearing the camera should avoid the person in the center, who is near and partially blocking the path. actionability: The instruction provides a clear action (continue walking forward) and a body-relative direction (following the sidewalk). However, it does not specify the exact body part to use the white cane. spatial_accuracy: The instruction mentions the sidewalk and the street, which are correctly stated. However, it does not specify the distance or side of the sidewalk, which is partly blocked. conciseness: The instruction is relatively concise, containing three sentences. It provides clear guidance but includes some additional information about the environment. hallucination: The instruction mentions the presence of vehicles and pedestrians, which are supported by the image. However, it does not mention the specific obstacles that are partly blocking the path."
suwon,naive,000060,3,3,3,3,3,"The person should continue walking forward, following the tactile guide lines on the sidewalk. They should stay close to the curb and be aware of any obstacles or changes in the sidewalk. If they encounter a crosswalk, they should wait for the pedestrian signal to turn green before crossing. If they need to turn, they should look for a safe turning point and ensure they can see any potential hazards.",,"safety: The instruction mentions the tactile guide lines and the curb, which are important for safety. However, it does not specifically mention the person on the left who is close to the speaker, which could be a hazard. actionability: The instruction uses clear verbs like 'continue walking' and 'stay close to,' but the direction is vague and does not specify which side of the curb to stay close to. spatial_accuracy: The instruction mentions the tactile guide lines and the curb, which are correct. However, it does not specify the distance or the side of the curb, which could be misleading. conciseness: The instruction is relatively concise, containing three sentences, but it includes some unnecessary details like the pedestrian signal and turning points, which are not relevant to the immediate navigation. hallucination: The instruction mentions the tactile guide lines, curb, and pedestrian signal, which are all supported by the image. However, it does not mention the person on the left who is close to the speaker, which is not supported by the image."
suwon,naive,000064,3,3,3,4,5,"Based on the image, it appears you are walking on a sidewalk in an urban area. Here are some steps you can follow to continue your walk safely:

1. **Stay on the Sidewalk**: Continue walking on the sidewalk. The yellow tactile paving on the sidewalk should guide you in the right direction.

2. **Be Aware of Your Surroundings**: Keep your ears open for any sounds that",,"safety: The instruction does not mention any immediate hazards and only advises staying on the sidewalk, which is a good action but does not address the person walking too close to the street or the potential for crossing into the road. actionability: The instruction provides a clear action (stay on the sidewalk) and a body-relative direction (left / right), but it does not specify which side of the sidewalk to stay on. spatial_accuracy: The instruction does not mention any specific side or distance, but it does not contradict the image or cues. conciseness: The instruction is concise, containing only two sentences. hallucination: The instruction mentions the sidewalk and tactile paving, which are supported by the image and cues."
suwon,naive,000068,5,5,3,4,3,"The person should continue walking forward, following the tactile paving on the sidewalk. The tactile paving will guide them in the direction they need to go. If they encounter any obstacles, such as the bus or pedestrians, they should stop and assess the situation before proceeding. If they need to cross the street, they should use the crosswalk and ensure that it is safe to do so.",,"safety: The instruction mentions the bus and pedestrians as obstacles, which are correctly identified as hazards in the image. actionability: The instruction uses a concrete verb 'continue walking' and a body-relative direction 'forward', which is clear and actionable. spatial_accuracy: The instruction mentions the tactile paving and bus correctly, but does not mention the crosswalk, which is a relevant feature in the image. conciseness: The instruction is concise, containing only two sentences without unnecessary details. hallucination: The instruction mentions the bus and pedestrians, which are present in the image, but does not mention the crosswalk, which is a relevant feature in the image."
suwon,naive,000072,1,3,3,2,1,"The person should continue walking forward, following the sidewalk. They can use their white cane to scan the ground and detect any obstacles. The sidewalk appears to be clear, so they can proceed at a steady pace. If they encounter any changes in the sidewalk, such as a change in the surface or a curb, they should be prepared to adjust their walking path accordingly.",,"safety: The instruction does not mention any specific hazards or changes in the sidewalk, which could be dangerous for a blind pedestrian. actionability: The instruction uses a concrete verb 'continue walking' and a body-relative direction 'forward', but it does not specify the side of the sidewalk. spatial_accuracy: The instruction mentions 'the sidewalk' but does not specify which side of the sidewalk the person should follow, which could lead to confusion. conciseness: The instruction is a paragraph, which is too long and includes unnecessary details about the sidewalk's surface and curb. hallucination: The instruction mentions 'changes in the sidewalk, such as a change in the surface or a curb', but the image does not show any such changes."
suwon,naive,000076,1,5,3,4,5,"The person should continue walking forward, following the sidewalk. They can use the tactile paving on the ground to guide their path. The tactile paving is a series of raised dots that indicate the edge of the sidewalk and can help the person navigate safely. If they encounter any obstacles, they should be cautious and adjust their path accordingly.",,"safety: The instruction does not mention any immediate obstacles or hazards, which could be dangerous for a blind pedestrian. actionability: The instruction uses the verb 'continue' and specifies 'forward', which is clear and actionable. spatial_accuracy: The instruction mentions the sidewalk and tactile paving, which are correctly described in the image. conciseness: The instruction is concise, containing only two sentences. hallucination: The instruction mentions tactile paving and the sidewalk, which are supported by the image and cues."
suwon,naive,000080,1,3,3,4,1,"The image shows a street market with various stalls. Here are some suggestions for what you might do next:

1. **Look for a stall that interests you**: There are many stalls with different items, so you might want to explore and see what you find appealing. You can ask for assistance if you need help navigating the stalls.

2. **Ask for help**: If you need assistance, you can",,"safety: The instruction does not mention any immediate safety hazards, such as the person walking in front of the stall, which could pose a risk. actionability: The instruction suggests looking for a stall and asking for help, but it does not specify a particular action or direction. spatial_accuracy: The instruction does not mention any specific sides or distances, but it does not contradict the image or cues. conciseness: The instruction is brief and clear, focusing on the next steps without unnecessary details. hallucination: The instruction mentions a person walking in front of the stall, which is not supported by the image or cues."
suwon,naive,000084,1,3,1,2,1,"The image you've provided appears to be taken from a camera worn by a blind person who is walking through a market. Here are some steps you can take next:

1. **Identify the Surroundings**: Use your surroundings to orient yourself. Notice the sounds of the market, such as the rustling of food packaging and the chatter of people. This can help you locate the entrance or exit of",,"safety: The instruction does not mention any immediate safety hazards, such as the blocked right side or the trash can. actionability: The instruction provides a vague action and direction, asking the person to use their surroundings to orient themselves. spatial_accuracy: The instruction does not mention any specific sides or distances, which are not spatially accurate. conciseness: The instruction is too long and includes unnecessary scene description, making it less concise. hallucination: The instruction mentions the rustling of food packaging and the chatter of people, which are not visible in the image."
suwon,naive,000088,1,2,1,2,5,"The image shows a food stall with various cooked items displayed on trays. Since you are blind and using a camera, here are the steps you can follow:

1. **Locate the Food Stall**: Use your surroundings to locate the food stall. You can ask for directions or use your sense of smell to identify the area where food is being cooked or served.

2. **Identify the Stall**:",,"safety: The instruction does not mention any immediate hazards or obstacles, which could be dangerous for a blind pedestrian. actionability: The instruction provides a vague action of asking for directions or using smell, which is not specific and may not be reliable. spatial_accuracy: The instruction does not specify any particular side or distance, which is not helpful for navigation. conciseness: The instruction is too brief and does not provide enough information for navigation. hallucination: The instruction does not mention any objects, hazards, or directions that are not present in the image."
suwon,naive,000092,1,2,1,2,1,"The image you've provided appears to be taken from a camera worn by a blind person who is walking. To navigate and interact with the environment, here are some steps you can follow:

1. **Identify the Surroundings**: Use your white cane or guide dog to scan the area. The image shows a market stall with a sign in Korean. The stall appears to be selling various types of eggs",,"safety: The instruction does not mention any immediate hazards or guide the pedestrian to avoid them. actionability: The instruction uses vague directions and does not provide a clear verb or body-relative direction. spatial_accuracy: The instruction does not mention any specific sides or distances, which is a critical aspect of navigation. conciseness: The instruction is too long and includes a scene description, which is not necessary for navigation. hallucination: The instruction mentions a guide dog, which is not present in the image."
suwon,naive,000096,1,1,3,1,5,"The image you've provided shows the exterior of a butcher shop. To navigate safely, here are some steps you can follow:

1. **Listen for Sounds**: Use your hearing to identify the location of the shop. Listen for the sounds of people inside, the clinking of meat, or the hum of the shop's equipment.

2. **Use Your Cane**: If you haven't already,",,"safety: The instruction does not mention any specific safety hazards or actions to avoid. actionability: The instruction is vague and does not provide a clear action or direction. spatial_accuracy: The instruction does not mention any specific sides or distances, which are not relevant in this context. conciseness: The instruction is too brief and does not provide enough information. hallucination: The instruction does not mention any objects, hazards, or directions that are not present in the image."
suwon,naive,000100,1,2,3,2,5,"The image shows a street scene with a small shop and a parked motorbike. Here are some steps you can take next:

1. **Listen for Sounds**: Use your hearing to identify any sounds that might indicate the presence of people, vehicles, or other environmental cues. This can help you navigate safely.

2. **Observe the Surroundings**: Look for any visible signs or markings that might indicate",,"safety: The instruction does not mention any immediate hazards or safety-critical information. actionability: The instruction provides a general action but lacks specific verbs and directions. spatial_accuracy: The instruction does not mention any specific sides or distances. conciseness: The instruction is too long and includes unnecessary scene description. hallucination: The instruction mentions a person and a motorbike, which are present in the image."
suwon,naive,000104,1,2,1,2,5,"The image shows a street scene with a food stall and a parked car. Here are the steps you can follow:

1. **Cross the Street**: Ensure it is safe to cross the street. Look both ways to check for oncoming traffic.
2. **Observe the Sidewalk**: Once you are on the sidewalk, look for any obstacles or uneven surfaces that might be hazardous.
3.",,"safety: The instruction does not mention any specific hazards or obstacles, which is a safety concern. actionability: The instruction uses vague directions and does not provide clear, concrete actions. spatial_accuracy: The instruction does not mention any specific sides or distances, which is a spatial inaccuracy. conciseness: The instruction is too brief and does not provide enough information to be actionable. hallucination: The instruction does not mention any objects, hazards, or directions that are not supported by the image or cues."
suwon,naive,000108,1,3,3,2,5,"As a blind person walking through this market area, here are some steps you can follow to navigate safely:

1. **Use Your Cane**: Ensure your cane is ready and use it to scan the ground and obstacles. Tap the cane gently to feel the texture and height of the ground and objects around you.

2. **Listen for Sounds**: Pay attention to the sounds around you. The rustling",,"safety: The instruction does not mention any specific hazards or actions to avoid, such as the person in the center of the image or the partly blocked right side. actionability: The instruction provides a general action but lacks a clear direction, such as 'left' or 'right'. spatial_accuracy: The instruction does not mention the person in the center of the image or the partly blocked right side. conciseness: The instruction is too brief and does not provide enough information to be fully actionable. hallucination: The instruction mentions a person in the center of the image and a partly blocked right side, which are supported by the image and cues."
suwon,naive,000112,1,1,1,1,3,"The image shows a street scene with a person riding a bicycle and a market on the right side. Here are some suggestions for the next steps:

1. **Cross the Street**: If you need to cross the street, look for a crosswalk or a safe spot to cross. Ensure there are no oncoming vehicles and that it is safe to cross.

2. **Observe the Market**: If",,"safety: The instruction does not mention any immediate hazards and does not guide the pedestrian to avoid them. actionability: The instruction is vague and does not provide a clear action or direction. spatial_accuracy: The instruction does not mention any specific sides or distances, which is a problem given the image context. conciseness: The instruction is too brief and does not provide enough information to be actionable. hallucination: The instruction mentions a crosswalk and a safe spot to cross, but does not mention any specific hazards or obstacles."
suwon,naive,000116,1,2,1,2,3,"The image shows a bustling street market with various stalls and shops. Here are some suggestions for navigating the area:

1. **Listen for Sounds**: Pay attention to the sounds around you. The rustling of fruits and vegetables, the chatter of people, and the occasional motorbike or car passing by can help you orient yourself and gauge the distance to different stalls.

2. **Use Your Cane**:",,"safety: The instruction does not mention any specific hazards or guide the pedestrian away from them. actionability: The instruction provides a general action but lacks a clear verb and direction. spatial_accuracy: The instruction does not mention any specific sides or distances, making it difficult to orient oneself spatially. conciseness: The instruction is too brief and does not provide enough information to navigate the area effectively. hallucination: The instruction mentions sounds and a cane, but does not mention any specific objects or directions in the image."
suwon,naive,000120,1,3,1,2,1,"The person wearing the camera should proceed cautiously down the street. They should listen for any sounds that might indicate the presence of vehicles or pedestrians. If they hear a vehicle approaching, they should stop and wait until the vehicle has passed. They should also be aware of any changes in the environment, such as the sound of people talking or the rustling of items in the market stalls. If they need to",,"safety: The instruction does not mention the motorcycle as a potential hazard, which is a significant obstacle in the image. actionability: The instruction uses vague verbs like 'listen' and 'be aware of' without specifying actions. spatial_accuracy: The instruction mentions the person wearing the camera, which is not a relevant object in the scene. conciseness: The instruction is long and includes unnecessary details about the environment. hallucination: The instruction mentions the person wearing the camera, which is not a relevant object in the scene, and does not mention the motorcycle as a hazard."
suwon,naive,000124,1,3,1,2,1,"The image shows a street scene with various shops and people. Here are some suggestions for what you might do next:

1. **Listen for Sounds**: Continue listening for any sounds that might indicate the presence of obstacles or people. This can help you navigate safely.
2. **Observe the Environment**: Look for any visual cues that might help you identify the layout of the street and the positions of the",,"safety: The instruction does not mention any specific hazards or obstacles, which could be dangerous for a blind pedestrian. actionability: The instruction provides a general action of listening and observing, but does not specify a clear action to take. spatial_accuracy: The instruction does not mention any specific sides or distances, which could be misleading. conciseness: The instruction is too long and includes unnecessary details about the environment. hallucination: The instruction mentions sounds and visual cues, but does not align with the actual scene shown in the image."
suwon,naive,000128,1,2,1,4,1,"The image shows a street scene with various shops and vehicles. Here are some steps you can follow to navigate safely:

1. **Listen for Sounds**: Pay attention to the sounds around you. The sounds of vehicles, people, and the environment can provide clues about the layout and any potential hazards.

2. **Use Your Cane**: If you have a white cane, use it to scan the ground",,"safety: The instruction does not mention any specific hazards or how to avoid them, such as the person in the right mid area or the car in the center mid area. actionability: The instruction provides a general action but does not specify a clear direction or verb, making it less actionable. spatial_accuracy: The instruction does not mention any specific sides or distances, which is a requirement for spatial accuracy. conciseness: The instruction is concise, containing only two sentences without any scene description. hallucination: The instruction mentions a white cane, which is not visible in the image, and does not mention any specific objects or directions."
suwon,naive,000132,1,1,1,2,3,"The image shows a street scene with a white truck, a few pedestrians, and a motorcycle parked on the side. The street appears to be in an urban area with shops and signs. Here are some steps you can take:

1. **Look for Obstacles**: Be aware of any obstacles such as parked vehicles, pedestrians, or other moving objects. The motorcycle and the truck are visible, so be",,"safety: The instruction does not mention the truck as a potential hazard, which is a significant obstacle. actionability: The instruction is vague and does not provide a clear action or direction. spatial_accuracy: The instruction does not mention the truck or motorcycle, which are visible obstacles. conciseness: The instruction is too long and includes unnecessary scene description. hallucination: The instruction mentions the truck and motorcycle, which are visible in the image, but does not mention the person or the car, which are also visible obstacles."
suwon,naive,000136,1,1,1,1,1,"The image you provided appears to be taken from a camera mounted on a blind person, as it captures the scene from a first-person perspective. Here are the steps you should take next:

1. **Assess the Surroundings**: Look around to identify any obstacles, such as parked cars, pedestrians, or uneven surfaces. The sidewalk appears to be clear, but be cautious of any hidden hazards like po",,"safety: The instruction does not mention any potential hazards or obstacles, which is a concern for a blind pedestrian. actionability: The instruction is vague and does not provide a clear verb or direction, making it difficult to follow. spatial_accuracy: The instruction does not mention any specific sides or distances, which is a critical aspect for navigation. conciseness: The instruction is too long and includes unnecessary details, such as a description of the surroundings. hallucination: The instruction mentions obstacles and hazards that are not present in the image, such as hidden hazards and uneven surfaces."
suwon,naive,000140,1,1,1,1,1,"The image you provided shows a street scene with various shops, signs, and vehicles. Here are some steps you can follow to navigate safely:

1. **Listen for Sounds**: Pay attention to the sounds around you. The sounds of vehicles, people, and ambient noise can help you gauge your surroundings and identify potential hazards.

2. **Use Your Cane**: If you are using a white cane,",,"safety: The instruction does not mention any specific hazards or guide the pedestrian away from them. actionability: The instruction is vague and does not provide a clear action or direction. spatial_accuracy: The instruction does not mention any specific sides or distances, making it difficult to follow spatially. conciseness: The instruction is too brief and does not provide enough information to be actionable. hallucination: The instruction mentions a white cane, which is not visible in the image, and does not mention any specific objects or hazards."
suwon,naive,000144,1,1,1,1,1,"The image you provided shows a street scene with various shops, signs, and vehicles. To navigate safely, here are some steps you can follow:

1. **Listen for Sounds**: Pay attention to the sounds around you. The sounds of vehicles, people, and the environment can provide clues about the layout and any potential hazards.

2. **Use Your Cane**: Use your white cane to scan the",,"safety: The instruction does not mention any specific hazards or guide the pedestrian to avoid them. actionability: The instruction is vague and does not provide a clear action or direction. spatial_accuracy: The instruction does not mention any specific sides or distances, making it difficult to follow spatially. conciseness: The instruction is too brief and does not provide enough information to be actionable. hallucination: The instruction mentions a white cane but does not describe any specific hazards or directions."
suwon,naive,000148,3,4,3,4,3,"The image you provided shows a busy urban street scene with various shops, signs, and vehicles. Since you are a blind person walking, here are some steps you can follow to navigate safely:

1. **Use Your Cane**: Use your white cane to scan the ground and detect any obstacles. Move your cane in a sweeping motion to feel the texture of the sidewalk and any potential hazards like steps,",,"safety: The instruction advises using the cane to detect obstacles, which is a good safety measure but does not mention the specific hazards present in the image, such as the motorcycle and trash can. actionability: The instruction uses the verb 'use' and provides a body-relative direction 'left' and 'right', which is clear and actionable. spatial_accuracy: The instruction mentions the left and right sides, but does not specify distances or directions accurately, such as 'left' and 'right' being vague. conciseness: The instruction is concise, containing only two sentences without any scene description. hallucination: The instruction mentions the motorcycle and trash can, which are present in the image, but does not mention the truck, which is far away."
suwon,naive,000152,1,2,3,4,3,"The image you provided appears to be taken from a camera mounted on a blind person, as it captures the scene from a first-person perspective. Here are the steps you should take next:

1. **Assess the Surroundings**: Look around to identify any obstacles, such as parked cars, pedestrians, or uneven surfaces. The street appears to be relatively clear, but be cautious of any hidden hazards.",,"safety: The instruction does not mention any specific hazards, such as the parked cars or the motorcycle, which could pose a risk to a blind pedestrian. actionability: The instruction is vague and does not provide a clear action, such as 'stop' or 'look right', but rather asks the person to 'look around'. spatial_accuracy: The instruction does not mention any specific sides or distances, which are not relevant in this context. conciseness: The instruction is a single sentence, which is concise. hallucination: The instruction mentions 'obstacles' but does not specify which ones, and it does not mention any objects or directions that are not present in the image."
suwon,naive,000156,1,2,3,4,3,"The image shows a street scene with a gas station on the right and a signboard on the left displaying contact information for various countries. The street appears to be relatively quiet with a few parked cars and a person walking in the distance. Here are some suggestions for the next steps:

1. **Cross the Street**: If you need to cross the street, ensure there are no oncoming vehicles. Look",,"safety: The instruction does not mention any oncoming vehicles, which is a critical safety concern in a street scene. actionability: The instruction only provides a vague action of 'cross the street' without specifying a direction or a body-relative position. spatial_accuracy: The instruction mentions crossing the street but does not specify the side or distance, which is not clear from the image. conciseness: The instruction is a single sentence, which is concise but lacks specific spatial directions. hallucination: The instruction mentions 'oncoming vehicles' but does not mention any specific objects or hazards in the image."
suwon,naive,000160,3,3,1,4,3,"The image shows a parking sign with Korean text and a phone number for ""Apsara Angkor Restaurant."" The sign also indicates that it is a parking area. Given that you are walking and the sign is visible, you should:

1. **Continue walking** in the direction you are currently going.
2. **Look out for vehicles** and pedestrians, as the area appears to be a busy",,"safety: The instruction does not mention any specific hazards or dangers in the immediate vicinity, which could be a concern for a blind pedestrian. actionability: The instruction uses a concrete verb 'look out for' but does not specify a direction or distance, making it vague. spatial_accuracy: The instruction does not mention the truck, motorcycle, or car, which are visible obstacles in the image. conciseness: The instruction is concise, containing only two sentences. hallucination: The instruction mentions a truck, motorcycle, and car, which are visible in the image, but does not mention the parking sign or the restaurant."
suwon,naive,000164,1,1,1,2,1,"The image you've provided shows a signboard with various businesses and their contact information, including restaurants and other establishments. Given that you are a blind person walking and using a camera, here are the steps you can follow:

1. **Identify the Signboard**: Use your camera to take a close-up photo of the signboard. Focus on the text and logos to identify the businesses listed.

2",,"safety: The instruction does not mention any safety hazards, such as the truck or car in the image. actionability: The instruction is vague and does not provide a clear action, such as 'look at the signboard' or 'walk towards the signboard'. spatial_accuracy: The instruction does not mention the spatial accuracy of the signboard, such as its location relative to the camera or the person. conciseness: The instruction is too long and includes unnecessary details about the signboard and businesses, which is not relevant to the navigation task. hallucination: The instruction mentions a truck and a car, which are not present in the image."
suwon,naive,000168,1,1,1,1,1,"The image you've provided shows a street scene with various signs, including some that appear to be for businesses or services. Since you are a blind person walking, here are some steps you can follow:

1. **Identify Your Surroundings**: Use your white cane or guide dog to scan the area. The cane should help you detect any obstacles or changes in the terrain, such as steps or uneven",,"safety: The instruction does not mention any specific hazards or obstacles, which is crucial for a blind pedestrian. actionability: The instruction is vague and does not provide a clear action or direction. spatial_accuracy: The instruction does not mention any specific sides or distances, which is important for navigation. conciseness: The instruction is too long and includes unnecessary details about the scene, which is not helpful for navigation. hallucination: The instruction mentions a white cane or guide dog, which is not visible in the image."
suwon,naive,000172,1,1,1,2,1,"The image you've provided shows a street scene with various signs, including one that appears to be a directory or information board. Given that you are a blind person walking and using a camera, here are the steps you can follow:

1. **Identify the Surroundings**: Use your surroundings to orient yourself. Notice the buildings, signs, and any other landmarks that might help you navigate the area.",,"safety: The instruction does not mention any safety hazards or guide the person away from them. actionability: The instruction does not provide a clear verb or body-relative direction. spatial_accuracy: The instruction does not mention any specific sides or distances. conciseness: The instruction is too long and includes a scene description, which is not necessary for navigation. hallucination: The instruction mentions objects and directions that are not present in the image, such as 'directories' and 'landmarks'."
suwon,naive,000176,1,1,3,4,3,"The image you provided shows a street scene with various signs, buildings, and parked cars. Since you are a blind person walking, here are some steps you can follow to navigate safely:

1. **Use Your Cane**: Ensure your cane is extended and ready to use. Cane walking is a crucial tool for navigating unfamiliar environments.

2. **Listen for Sounds**: Pay attention to the sounds around",,"safety: The instruction does not mention any specific hazards or how to avoid them, such as the person in the center of the image or the parked cars. actionability: The instruction only provides a general action without specifying a direction or a verb. spatial_accuracy: The instruction does not mention any specific sides or distances, which are not relevant to the given image. conciseness: The instruction is very brief, consisting of only two sentences. hallucination: The instruction mentions a person and a car, which are present in the image, but does not mention the buildings or signs."
suwon,naive,000180,1,3,3,3,3,"The image shows a street scene with various buildings, shops, and parked cars. To navigate safely, you can follow these steps:

1. **Listen for Sounds**: Pay attention to the sounds around you. The sounds of traffic, people, and ambient noise can help you orient yourself and identify safe paths.

2. **Use Your Cane**: If you have a white cane, use it to scan",,"safety: The instruction does not mention any specific hazards or guide the pedestrian away from them. actionability: The instruction suggests listening for sounds and using a cane, but does not provide a clear action or direction. spatial_accuracy: The instruction does not mention any specific sides or distances, only general actions. conciseness: The instruction is brief, focusing on listening and using a cane, but does not provide specific spatial directions. hallucination: The instruction mentions sounds and a cane, but does not mention any specific objects or hazards in the image."
suwon,naive,000184,1,1,1,2,1,"The image you've provided shows a street scene with buildings, shops, and parked cars. Since you are walking and the image is from a camera worn by a blind person, here are some steps you can follow:

1. **Listen for Sounds**: Pay attention to the sounds around you. Listen for the movement of vehicles, people, and any other environmental sounds that can help you navigate the area.",,"safety: The instruction does not mention any specific hazards or guide the person away from them. actionability: The instruction lacks a clear verb and direction, making it unclear what action to take. spatial_accuracy: The instruction does not mention any specific sides or distances, which are not present in the image. conciseness: The instruction is too long and includes a scene description, which is not necessary for navigation. hallucination: The instruction mentions sounds and environmental sounds, but does not mention any objects or hazards in the image."
suwon,naive,000188,1,3,3,2,1,"The person should continue walking forward, as the path appears clear and there are no immediate obstacles. The street is relatively narrow, so it's important to stay aware of the surroundings and any pedestrians or vehicles that might be approaching. If there are any signs or markings on the ground, they should be mindful of them to ensure safe navigation.",,"safety: The instruction does not mention any immediate obstacles or hazards, which could be dangerous for a blind pedestrian. actionability: The instruction uses the verb 'continue' but does not specify a body-relative direction, making it vague. spatial_accuracy: The instruction mentions 'the street is relatively narrow,' but does not specify the distance or side of the street, which could be misleading. conciseness: The instruction is a paragraph, which is too long and includes unnecessary details about the surroundings. hallucination: The instruction mentions 'signs or markings on the ground,' but there are no such signs visible in the image."
suwon,naive,000192,1,3,3,2,1,"The person should continue walking forward, as the path appears clear and there are no immediate obstacles. The street seems to be a quiet residential area with parked cars and buildings on both sides. The person should be cautious of any pedestrians or vehicles that might suddenly appear. If there are any signs or markings on the ground, they should be aware of them and adjust their path accordingly.",,"safety: The instruction does not mention any specific hazards or potential dangers, such as pedestrians or vehicles that might suddenly appear. actionability: The instruction uses the verb 'continue' but does not specify a body-relative direction, making it vague. spatial_accuracy: The instruction mentions the path being clear and the street being a quiet residential area, but it does not specify the distance or side of the street. conciseness: The instruction is a paragraph, which is too long and includes unnecessary scene description. hallucination: The instruction mentions 'signs or markings on the ground,' which are not visible in the image."
suwon,naive,000196,1,2,3,2,3,"The camera you are using is designed to assist visually impaired individuals by providing audio feedback about their surroundings. Based on the image, here are the next steps:

1. **Listen for any sounds**: Pay attention to any sounds that might indicate the presence of obstacles, such as vehicles, pedestrians, or other environmental noises.
2. **Check the immediate area**: Since the image shows a narrow street with parked",,"safety: The instruction does not mention any immediate hazards, such as the parked car or the person near the camera, which could pose a risk to the visually impaired pedestrian. actionability: The instruction is vague and does not provide a clear action, such as 'walk left' or 'stop here'. spatial_accuracy: The instruction does not specify the spatial accuracy of the immediate area, such as the position of the person or the car. conciseness: The instruction is too brief and does not provide enough information for the visually impaired pedestrian to navigate safely. hallucination: The instruction mentions a person and a car, which are present in the image, but does not mention any other objects or directions."
suwon,naive,000200,1,1,1,1,5,"The image shows a street scene with various shops and parked cars. Here are some steps you can follow to navigate safely:

1. **Listen for Sounds**: Pay attention to the sounds around you. The sounds of people talking, vehicles, and the environment can help you orient yourself and identify safe paths.

2. **Use Your Cane**: If you have a white cane, use it to scan the",,"safety: The instruction does not mention any specific hazards or guide the pedestrian away from them. actionability: The instruction is vague and does not provide a clear action or direction. spatial_accuracy: The instruction does not mention any specific sides or distances, making it difficult to follow spatially. conciseness: The instruction is too brief and does not provide enough information to be actionable. hallucination: The instruction does not mention any objects, hazards, or directions that are not present in the image."
suwon,naive,000204,1,3,3,2,3,"The person wearing the camera should continue walking forward. The crosswalk is clear, and there are no immediate obstacles or traffic signals that indicate they should stop. The person should maintain a steady pace and be aware of their surroundings, including any pedestrians or vehicles that might be approaching. If there are any pedestrians ahead, they should be cautious and allow them to cross before proceeding.",,"safety: The instruction does not mention any immediate obstacles or hazards, which could be dangerous for a blind pedestrian. actionability: The instruction uses the verb 'continue' but does not specify a direction, making it unclear. spatial_accuracy: The instruction mentions 'the person wearing the camera' and 'any pedestrians ahead,' but does not specify the distance or side, which could be misleading. conciseness: The instruction is long and includes unnecessary details about the surroundings, making it less concise. hallucination: The instruction mentions 'any pedestrians ahead,' but does not specify the distance or side, which could be misleading."
suwon,naive,000208,3,3,2,3,2,"The person wearing the camera should look for the crosswalk signal to ensure it is safe to cross the street. If the signal indicates it is safe to cross, they should proceed with caution, being mindful of any pedestrians, cyclists, or vehicles that might be approaching. If the signal is not safe, they should wait until it changes to green before crossing.",,"safety: The instruction emphasizes the importance of checking the crosswalk signal and being cautious, which is appropriate for a blind pedestrian. However, it does not mention the immediate obstacle of the person on the right, which could be a hazard. actionability: The instruction provides a clear action (look for the crosswalk signal) and a body-relative direction (left), which is good. However, it could be more specific about the action of crossing and being mindful of approaching pedestrians, cyclists, or vehicles. spatial_accuracy: The instruction mentions the crosswalk signal and being mindful of approaching pedestrians, cyclists, or vehicles, but does not specify the direction or distance of these hazards. The immediate obstacle of the person on the right is not mentioned. conciseness: The instruction is relatively concise, consisting of two sentences. However, it could be more focused on the immediate action of crossing the street. hallucination: The instruction mentions the crosswalk signal, being mindful of approaching pedestrians, cyclists, or vehicles, and the immediate obstacle of the person on the right. The latter is not supported by the image or cues."
suwon,naive,000212,5,5,3,4,3,"The person wearing the camera should look for the pedestrian crossing signal, which is currently red, indicating that it is not safe to cross the street. Once the signal changes to green, they should cross the street at the designated crosswalk. It's important to stay on the sidewalk and avoid crossing in the middle of the street. If there are no crosswalks, they should look for a safe spot",,"safety: The instruction correctly advises the pedestrian to wait for the green signal and avoid crossing in the middle of the street, which is a crucial safety measure. actionability: The instruction provides a clear action (look for the pedestrian crossing signal) and a body-relative direction (left / right / ahead), making it actionable. spatial_accuracy: The instruction mentions the pedestrian crossing signal and the designated crosswalk, which aligns with the image and cues. However, it does not specify the exact location of the crosswalk, which is partly blocked on the right side, but this is not a major error. conciseness: The instruction is concise, containing only two sentences without any unnecessary details or descriptions. hallucination: The instruction mentions the pedestrian crossing signal and the designated crosswalk, which are supported by the image and cues. However, it does not mention the crosswalk being partly blocked on the right side, which is a relevant near hazard."
suwon,naive,000216,1,3,3,2,1,"The person wearing the camera should continue walking forward, following the flow of the crowd. They should be mindful of their surroundings and the people around them to avoid any potential obstacles. If they feel the need to stop or turn, they should do so cautiously and ensure they are in a safe position before proceeding.",,"safety: The instruction does not mention any specific hazards and does not guide the person to avoid them. actionability: The instruction uses the verb 'should' but does not specify a clear action or direction. spatial_accuracy: The instruction does not mention any specific sides or distances. conciseness: The instruction is a single sentence, but it includes a lot of descriptive text. hallucination: The instruction mentions 'the person wearing the camera', which is not a real object in the image."
suwon,naive,000220,1,3,3,4,1,"The person wearing the camera should continue walking forward, following the flow of the crowd. They should be mindful of their surroundings and the people around them to avoid any potential obstacles. If they feel the need to stop or turn, they should do so cautiously and ensure they are in a safe position before proceeding.",,"safety: The instruction does not mention any specific hazards and does not guide the person to avoid them. actionability: The instruction uses a concrete verb 'continue walking' and a body-relative direction 'forward', but it does not specify which side or distance. spatial_accuracy: The instruction does not mention any specific sides or distances, but it does not contradict the available cues. conciseness: The instruction is concise, consisting of two sentences without any scene description. hallucination: The instruction mentions 'the person wearing the camera', which is not a supported object in the image or cues."
suwon,naive,000224,1,2,3,3,1,"The person wearing the camera should continue walking forward. They can use their other senses, such as their hearing and touch, to navigate the environment. If they encounter any obstacles or changes in the sidewalk, they should adjust their path accordingly. If they need to cross the street, they should look for a safe crossing and ensure that it is clear before proceeding.",,"safety: The instruction does not mention any immediate hazards, such as the person wearing the camera being close to a blocked area or other pedestrians. actionability: The instruction uses the verb 'should' but does not specify a clear direction or action, making it vague and not actionable. spatial_accuracy: The instruction does not mention any specific sides or distances, only general navigation advice. conciseness: The instruction is a single sentence, which is concise but lacks specific spatial or directional information. hallucination: The instruction mentions 'person wearing the camera', which is not a real object in the image, and does not mention any specific objects or directions."
suwon,naive,000228,1,3,1,3,1,"The person wearing the camera should continue walking forward. The camera is capturing the environment ahead, so they can navigate based on the visual information provided. If they encounter any obstacles or changes in the environment, they can adjust their path accordingly. The camera will help them stay aware of their surroundings and avoid any potential hazards.",,"safety: The instruction does not mention any specific hazards or obstacles, which is a concern given the presence of people in the immediate vicinity. actionability: The instruction uses the verb 'continue' but does not specify a direction, making it vague and not actionable. spatial_accuracy: The instruction does not mention any specific sides or distances, which is a concern given the presence of people in the immediate vicinity. conciseness: The instruction is a single sentence, which is concise but lacks specific spatial information. hallucination: The instruction mentions 'the person wearing the camera', which is not a relevant object in the image, and does not mention any specific objects or hazards."
suwon,naive,000232,1,2,3,2,3,"The person should continue walking forward, as the path appears clear and there are no immediate obstacles. The sidewalk is relatively flat and there are no visible signs of uneven terrain. The person should maintain a steady pace and be aware of their surroundings, including any potential obstacles or changes in the environment. If they encounter any obstacles or changes in the path, they should use their other senses, such as listening for",,"safety: The instruction does not mention any immediate obstacles or hazards, which could be dangerous for a blind pedestrian. actionability: The instruction uses a vague verb 'continue' and does not specify a body-relative direction, making it unclear and less actionable. spatial_accuracy: The instruction mentions 'the path appears clear and there are no immediate obstacles,' but does not specify the distance or side of the path, which could be misleading. conciseness: The instruction is quite long and includes a detailed description of the environment, which is not necessary for a navigation instruction. hallucination: The instruction mentions 'the person should maintain a steady pace and be aware of their surroundings,' but does not mention any specific objects or hazards in the image or cues."
suwon,naive,000236,1,2,1,2,1,"As a blind person walking, you can proceed by following these steps:

1. **Listen for Sounds**: Continue to listen for any sounds that might indicate the presence of obstacles or people. The sounds of footsteps, doors, or other environmental noises can guide you.

2. **Feel for Obstacles**: Use your white cane to feel for any obstacles or changes in the ground. The cane can help you",,"safety: The instruction does not mention any specific hazards or obstacles, which is a concern given the image shows a narrow alley with potential obstacles. actionability: The instruction provides a general action but lacks a clear verb and direction, making it unclear what specific action to take. spatial_accuracy: The instruction does not mention any specific sides or distances, which is a concern given the image shows a narrow alley with potential obstacles. conciseness: The instruction is too long and includes unnecessary details, such as asking the person to listen for sounds and feel for obstacles, which are not directly related to the navigation task. hallucination: The instruction mentions listening for sounds and feeling for obstacles, which are not directly related to the navigation task and are not supported by the image or cues."
suwon,naive,000240,1,2,1,1,1,"The image shows a narrow alleyway with various shops and signs. Here are some suggestions for navigating the area:

1. **Listen for Sounds**: Pay attention to the sounds around you. The rustling of bags, the clatter of dishes, or the hum of appliances can help you locate specific shops or areas of interest.

2. **Use Your Cane**: If you have a cane, use",,"safety: The instruction does not mention any immediate safety hazards, such as the person in the far center of the image, which could pose a risk if the person is not aware of their presence. actionability: The instruction suggests using a cane but does not specify a direction or action, making it unclear how to proceed. spatial_accuracy: The instruction does not mention any specific sides or distances, which is a critical aspect of navigation for blind pedestrians. conciseness: The instruction is too brief and does not provide enough information to guide the pedestrian effectively. hallucination: The instruction mentions a cane but does not mention any specific objects or directions in the image, such as the person in the far center or the shops and signs."
suwon,naive,000244,3,2,3,2,3,"The image shows a narrow alleyway with various shops and storage areas. Here are some suggestions for navigating this area:

1. **Stay Close to the Wall**: Keep your hand close to the wall on the left side of the alley. This will help you feel the texture and any obstacles, such as crates or bags, which can guide you forward.

2. **Listen for Sounds**: Pay attention to",,"safety: The instruction advises staying close to the wall, which is a good safety measure, but it does not mention any specific hazards or obstacles that might be present. actionability: The instruction suggests staying close to the wall and listening for sounds, but it does not provide a clear verb or direction. spatial_accuracy: The instruction mentions staying close to the wall on the left side of the alley, which matches the image. However, it does not specify the distance or the exact side of the alley. conciseness: The instruction is a bit long and includes some description of the scene, which is not necessary for navigation. hallucination: The instruction mentions staying close to the wall and listening for sounds, but does not mention any specific objects, hazards, or directions that might be present in the image."
suwon,naive,000248,3,5,5,4,5,"The person should continue walking forward, as the alley appears to be clear ahead. There are no visible obstacles or hazards in the immediate path. The person can maintain their current pace and direction. If they encounter any obstacles or changes in the environment, they should be prepared to adjust their path accordingly.",,"safety: The instruction does not mention any specific hazards or obstacles, which could be a concern given the cluttered environment. actionability: The instruction uses a concrete verb 'continue walking' and a body-relative direction 'forward', which is clear and actionable. spatial_accuracy: The instruction states 'the alley appears to be clear ahead', which matches the image and the free space cues provided. conciseness: The instruction is concise, containing only two sentences without any unnecessary details. hallucination: The instruction mentions 'the person should continue walking forward', which is supported by the image and the free space cues."
suwon,naive,000252,1,2,1,2,1,"The camera you are using is designed to assist visually impaired individuals by providing audio feedback about their surroundings. Based on the image, it appears you are walking through a narrow alleyway. Here are the next steps:

1. **Listen for Sounds**: Use the audio feedback from the camera to identify any obstacles, such as walls, doors, or other people. The camera should be able to detect the distance",,"safety: The instruction does not mention any specific hazards, such as walls or doors, which are present in the image. actionability: The instruction provides a vague action of 'listen for sounds' without specifying a clear direction or verb. spatial_accuracy: The instruction does not mention any specific sides or distances, which are not present in the image. conciseness: The instruction is too long and includes unnecessary details about the camera's design and the need for audio feedback. hallucination: The instruction mentions 'audio feedback' and 'obstacles', but does not mention any specific objects or hazards in the image."
suwon,naive,000256,1,2,1,4,5,"The image shows a narrow alleyway. Given that you are walking, here are some steps you can take:

1. **Listen for Sounds**: Continue listening for any sounds that might indicate the presence of obstacles or people ahead. This can help you gauge the distance and nature of any potential hazards.

2. **Feel for Obstacles**: Use your cane or your hand to feel the walls and the ground",,"safety: The instruction does not mention the person ahead, which is a significant hazard in the image. actionability: The instruction uses vague directions and does not provide clear actions. spatial_accuracy: The instruction does not mention the person ahead, which is a significant hazard in the image. conciseness: The instruction is concise, containing only two sentences. hallucination: The instruction mentions a person ahead, which is supported by the image and cues."
suwon,naive,000260,1,1,1,1,1,"The image shows a narrow alleyway with a sign on the right side that appears to be in Korean. The sign has a red circle with a line through it, which typically indicates a prohibition or warning. The text on the sign seems to be related to a specific area or rule, possibly related to smoking or a similar activity, as there is a cigarette symbol inside the red circle. Given the context",,"safety: The instruction does not mention any immediate safety hazards, such as the narrow alleyway or the sign indicating a prohibition. actionability: The instruction does not provide a clear verb or body-relative direction, only describing the sign and its contents. spatial_accuracy: The instruction does not mention the alleyway or the sign, which are the main objects in the image. conciseness: The instruction is a paragraph, which is too long and includes unnecessary details about the sign and its contents. hallucination: The instruction mentions the sign and its contents, which are not supported by the image or cues."
suwon,naive,000264,3,5,3,4,3,"The image shows a narrow alleyway with a sign that appears to be in Korean. The alleyway leads to a brighter area where people are walking. Here are some steps you can take:

1. **Stay on the Path**: Continue walking straight ahead, following the path that leads out of the alleyway.
2. **Listen for Sounds**: Use your hearing to identify any obstacles or people ahead.",,"safety: The instruction does not mention any immediate hazards and directs the pedestrian to continue straight, which is a safe action given the clear path ahead. actionability: The instruction uses a concrete verb 'continue' and a body-relative direction 'straight ahead', which is clear and actionable. spatial_accuracy: The instruction states to continue straight ahead, which aligns with the clear path ahead in the image. conciseness: The instruction is concise, containing only two sentences without any unnecessary details. hallucination: The instruction mentions 'people' ahead, which is supported by the image, but does not mention any specific objects or hazards."
suwon,naive,000268,1,3,1,2,1,"The person wearing the camera should continue walking forward, as the path appears clear and there are no immediate obstacles. The camera is capturing the environment, so the person can rely on the visual information provided by the camera to navigate safely. If the person encounters any changes in the environment, such as a change in the sidewalk, a crosswalk, or a street, they should pause and listen for any sounds",,"safety: The instruction does not mention any immediate obstacles or hazards, which could be dangerous for a blind pedestrian. It only suggests continuing forward without specifying any potential risks. actionability: The instruction uses the verb 'continue' but does not specify a body-relative direction, making it unclear which way to move. spatial_accuracy: The instruction does not mention any specific sides or distances, which could lead to confusion for a blind pedestrian. conciseness: The instruction is too long and includes unnecessary details about the environment, which could distract from the navigation task. hallucination: The instruction mentions 'the person wearing the camera', which is not a relevant object in the image, and does not mention any specific hazards or directions."
suwon,naive,000272,3,4,3,4,3,"The person should continue walking forward, following the tactile guide lines on the sidewalk. They should be aware of the surrounding environment, including the signs, advertisements, and other pedestrians. If they encounter any obstacles or changes in the sidewalk, they should use their cane to navigate safely.",,"safety: The instruction mentions the tactile guide lines and advises the pedestrian to be aware of the environment, which is good. However, it does not specifically mention the person in the center of the image as a potential obstacle. actionability: The instruction uses the verb 'should' and provides a clear direction 'forward', which is actionable. However, it does not specify the action of using the cane. spatial_accuracy: The instruction does not mention any specific side or distance, so it scores 3. conciseness: The instruction is concise, containing only two sentences. hallucination: The instruction mentions the tactile guide lines, the environment, and the use of a cane, which are all supported by the image. However, it does not mention the person in the center of the image as a potential obstacle."
suwon,naive,000276,1,3,3,2,3,"The person wearing the camera should continue walking forward, as the path appears clear and there are no immediate obstacles. The person should be aware of the surroundings, such as the people walking ahead and the various shops and signs on the right side. If the person encounters any obstacles or changes in the path, they should use their other senses, such as listening to the sounds around them, to navigate safely.",,"safety: The instruction does not mention any immediate obstacles or hazards, which could be dangerous for a blind pedestrian. actionability: The instruction uses the verb 'continue' but does not specify a body-relative direction, making it vague. spatial_accuracy: The instruction mentions the right side, but the image shows the left side as partly blocked. conciseness: The instruction is long and includes a detailed description of the surroundings, which is not necessary for navigation. hallucination: The instruction mentions 'various shops and signs on the right side,' but the image shows the left side as partly blocked."
suwon,naive,000280,1,3,1,2,1,"The person wearing the camera should continue walking forward, as the path appears clear and there are no immediate obstacles. The person should be aware of the surroundings, such as the food stalls and pedestrians, and adjust their pace and direction as needed. If they encounter any barriers or obstacles, they should use their other senses, such as listening for sounds or feeling the ground, to navigate around them.",,"safety: The instruction does not mention any immediate obstacles or hazards, which could be dangerous for a blind pedestrian. actionability: The instruction uses the verb 'should' but does not specify a clear action or direction. spatial_accuracy: The instruction mentions 'the path appears clear and there are no immediate obstacles,' but the image shows that the path is partly blocked. conciseness: The instruction is long and includes a detailed description of the surroundings, which is not necessary for navigation. hallucination: The instruction mentions 'food stalls and pedestrians,' but the image does not show any food stalls or pedestrians."
suwon,naive,000284,1,5,3,4,5,"Based on the image, it appears to be a shopping mall with various stores and people walking around. Here are some suggestions for what you might do next:

1. **Look for a Restroom**: If you need to use the restroom, look for a sign that says ""화장실"" (washroom) or ""화장실"" (restroom) and follow the direction indicated.

2",,"safety: The instruction does not mention any immediate hazards or guide the person away from them. actionability: The instruction provides a clear action (look for a restroom) and a body-relative direction (left). spatial_accuracy: The instruction does not mention any specific sides or distances, but it is clear that the person should look left. conciseness: The instruction is concise, containing only two sentences. hallucination: The instruction mentions a sign that says '화장실' (washroom) and '화장실' (restroom), which are supported by the image."
suwon,naive,000288,1,1,1,1,1,"The image shows a shopping mall with various stores and clothing racks. Here are some suggestions for what you might do next:

1. **Continue Walking**: Keep walking in the direction you are currently going. The path appears to be clear and there are no immediate obstacles.

2. **Listen for Sounds**: Continue listening for any sounds that might indicate the presence of people, objects, or obstacles. This can",,"safety: The instruction does not mention any immediate safety hazards, such as people or obstacles, which are present in the image. actionability: The instruction provides a vague action of 'Continue Walking' without specifying a direction, which is not actionable. spatial_accuracy: The instruction does not mention any specific sides or distances, which are not supported by the image or cues. conciseness: The instruction is too long, containing a paragraph and a list of suggestions, which is not concise. hallucination: The instruction mentions 'people' and 'obstacles' but does not align with the actual scene, which has no visible people or obstacles."
suwon,naive,000292,3,2,3,4,3,"The image shows a shopping mall with various stores and mannequins. Here are some suggestions for what you might do next:

1. **Navigate Safely**: Use your white cane or guide dog to scan the area for any obstacles or hazards. Be cautious of the mannequins and other objects that might be in your path.

2. **Listen for Sounds**: Pay attention to the sounds",,"safety: The instruction advises the pedestrian to be cautious of mannequins and other objects, which is a good safety measure. actionability: The instruction suggests listening for sounds, but it does not provide a specific action to take based on the sounds. spatial_accuracy: The instruction does not mention any specific spatial directions or distances, which is a limitation. conciseness: The instruction is brief and focuses on safety and listening for sounds, which is concise. hallucination: The instruction mentions mannequins and other objects, which are present in the image, but does not mention any specific hazards or directions."
suwon,context-v1,000000,1,3,1,4,3,"Two steps ahead, there's a person. Move forward.","Free space: left=partly blocked, centre=partly blocked, right=partly blocked. Obstacles: person (right, mid); person (right, mid); person (centre, far); person (left, far).","safety: The instruction directs the pedestrian into the path of a person, which is a safety hazard. actionability: The instruction uses a concrete verb 'move forward' and a body-relative direction 'ahead', but it does not specify which side. spatial_accuracy: The instruction states 'Two steps ahead', but the person is not two steps ahead; it's closer. conciseness: The instruction is concise, containing only one sentence. hallucination: The instruction mentions a person, which is supported by the image, but does not mention any other objects or hazards."
suwon,context-v1,000004,3,3,1,4,1,"Two steps ahead, there's a person. Move forward.","Free space: left=partly blocked, centre=partly blocked, right=partly blocked. Obstacles: person (right, far); person (right, far); person (centre, far); person (right, far).","safety: The instruction directs the pedestrian into a hazardous area where people are close, but it does not mention the immediate obstacle. actionability: The instruction uses a concrete verb 'move forward' and a body-relative direction 'ahead', but it does not specify the distance or the side. spatial_accuracy: The instruction mentions 'two steps ahead', but the image shows a person far ahead, not two steps. conciseness: The instruction is concise, containing only one sentence. hallucination: The instruction mentions a person far ahead, but the image shows people close and not far ahead."
suwon,context-v1,000008,1,3,1,4,3,"Two steps ahead, there's a person. Move forward.","Free space: left=partly blocked, centre=partly blocked, right=partly blocked. Obstacles: person (left, mid); person (right, mid); person (right, mid); person (right, far).","safety: The instruction directs the pedestrian into the path of a person, which is a safety hazard. actionability: The instruction uses a concrete verb 'move forward' and a body-relative direction 'ahead', but it does not specify which side. spatial_accuracy: The instruction states 'Two steps ahead', but the image shows a person in the center, not ahead. conciseness: The instruction is concise, containing only one sentence. hallucination: The instruction mentions a person ahead, but the image shows people in various directions, not specifically ahead."
suwon,context-v1,000012,1,3,1,4,3,"Two steps ahead, there's a person. Move forward.","Free space: left=partly blocked, centre=partly blocked, right=partly blocked. Obstacles: person (right, mid); person (left, mid); person (right, far); person (centre, far).","safety: The instruction directs the pedestrian into the path of a person, which is a safety hazard. actionability: The instruction uses a concrete verb 'move forward' and a body-relative direction 'ahead', but it does not specify which side of the person to move towards. spatial_accuracy: The instruction states 'Two steps ahead', but the person is not two steps ahead; it is closer, which is a spatial inaccuracy. conciseness: The instruction is concise, containing only two sentences. hallucination: The instruction mentions a person, which is supported by the image, but does not mention any other objects or hazards."
suwon,context-v1,000016,1,3,1,4,5,"Two steps ahead, there's a person. Move forward.","Free space: left=partly blocked, centre=partly blocked, right=partly blocked. Obstacles: person (right, mid); person (right, mid); person (right, mid); person (centre, far).","safety: The instruction directs the pedestrian into the path of a person who is close by, which could be dangerous. actionability: The instruction uses a concrete verb 'move forward' and a body-relative direction 'ahead', but it lacks precision in terms of distance. spatial_accuracy: The instruction states 'Two steps ahead', but the person is not two steps ahead; they are closer, which could lead to confusion. conciseness: The instruction is brief and clear, containing only one sentence. hallucination: The instruction mentions a person ahead, which is supported by the image and cues."
suwon,context-v1,000020,1,3,1,4,3,"Two steps ahead, there's a person. Move forward.","Free space: left=clear, centre=clear, right=partly blocked. Obstacles: person (right, mid); person (right, mid); person (centre, far); person (centre, far).","safety: The instruction directs the pedestrian into the path of a person who is close by, which could be dangerous. actionability: The instruction uses a concrete verb 'move forward' and a body-relative direction 'ahead', but it does not specify which side of the person to move. spatial_accuracy: The instruction states 'Two steps ahead', but the person is not two steps ahead; they are closer. conciseness: The instruction is concise, containing only two sentences. hallucination: The instruction mentions a person, but does not mention any other objects or hazards."
suwon,context-v1,000024,1,3,1,4,3,"Two steps ahead, there's a person. Move forward.","Free space: left=partly blocked, centre=partly blocked, right=partly blocked. Obstacles: person (right, mid); person (right, far); person (centre, far); person (left, far).","safety: The instruction directs the pedestrian into the path of a person, which is a safety hazard. actionability: The instruction uses a concrete verb 'move forward' and a body-relative direction 'ahead', but it does not specify which side of the person to move towards. spatial_accuracy: The instruction states 'Two steps ahead', but the person is not two steps ahead; they are closer, which is a spatial inaccuracy. conciseness: The instruction is concise, containing only one sentence. hallucination: The instruction mentions a person, which is supported by the image, but does not mention any other objects or hazards."
suwon,context-v1,000028,1,3,1,4,5,"Two steps ahead, there's a person. Move forward.","Free space: left=partly blocked, centre=partly blocked, right=blocked. Obstacles: trash can (left, near); person (centre, far); bus (left, far); person (centre, far).","safety: The instruction directs the pedestrian into the path of a person who is ahead, which could be dangerous. actionability: The instruction uses a concrete verb 'move forward' and a body-relative direction 'ahead', but it lacks precision in terms of distance or proximity. spatial_accuracy: The instruction states 'Two steps ahead', but the image shows the person is far ahead, not two steps. conciseness: The instruction is concise, containing only one sentence. hallucination: The instruction mentions a person ahead, which is supported by the image and cues."
suwon,context-v1,000032,1,3,1,4,3,"Two steps ahead, there's a person. Move forward.","Free space: left=partly blocked, centre=partly blocked, right=partly blocked. Obstacles: person (left, mid); person (centre, mid); person (centre, mid); bus (left, far).","safety: The instruction does not mention any immediate hazards and directs the pedestrian into the path of a person, which could be dangerous. actionability: The instruction uses a concrete verb 'move forward' and a body-relative direction 'ahead', but it does not specify which side or distance. spatial_accuracy: The instruction states 'Two steps ahead, there's a person', but the image shows the person is not two steps ahead, and the distance is not clear. conciseness: The instruction is concise, containing only one sentence. hallucination: The instruction mentions a person ahead, which is supported by the image, but does not mention any other objects or hazards."
suwon,context-v1,000036,1,5,3,4,3,"Two steps ahead, there's a person. Move forward.","Free space: left=blocked, centre=blocked, right=partly blocked. Obstacles: person (left, near); person (centre, mid); person (centre, mid); person (right, far).","safety: The instruction directs the pedestrian into the path of a person who is close by, which is a safety hazard. actionability: The instruction uses a concrete verb 'move forward' and a body-relative direction 'ahead', making it actionable. spatial_accuracy: The instruction states 'Two steps ahead', which is consistent with the image, but it does not mention the person, which is a relevant near hazard. conciseness: The instruction is concise, containing only two sentences. hallucination: The instruction mentions a person, which is supported by the image, but it does not mention any other objects or hazards."
suwon,context-v1,000040,1,3,1,4,5,"Two steps ahead, there's a person. Move forward.","Free space: left=blocked, centre=partly blocked, right=partly blocked. Obstacles: person (left, near); person (centre, near); person (centre, mid); person (centre, mid).","safety: The instruction directs the pedestrian into the path of a person who is close by, which could be dangerous. actionability: The instruction uses a concrete verb 'move forward' and a body-relative direction 'ahead', but it does not specify which side of the pedestrian to move. spatial_accuracy: The instruction states 'Two steps ahead', but the image shows the person is closer than two steps away. conciseness: The instruction is concise, containing only one sentence. hallucination: The instruction mentions a person ahead, which is supported by the image and cues."
suwon,context-v1,000044,1,5,3,4,3,"Two steps ahead, there's a person. Move forward.","Free space: left=blocked, centre=clear, right=partly blocked. Obstacles: person (left, mid); person (centre, mid); person (centre, mid); person (left, mid).","safety: The instruction directs the pedestrian into the path of a person who is close by, which could be dangerous. actionability: The instruction is clear and concise, using a concrete verb and a body-relative direction. spatial_accuracy: The instruction states 'Two steps ahead,' which is consistent with the image, but it does not mention the person, which is a relevant obstacle. conciseness: The instruction is brief and to the point, containing only one sentence. hallucination: The instruction mentions a person, which is supported by the image, but it does not mention the other obstacles or the free space."
suwon,context-v1,000048,1,3,1,4,5,"Two steps ahead, there's a person. Move forward.","Free space: left=clear, centre=partly blocked, right=blocked. Obstacles: person (right, near); person (centre, near); person (centre, near); person (left, mid).","safety: The instruction does not mention the person ahead, which is a safety-critical hazard. actionability: The instruction uses a concrete verb 'move' and a body-relative direction 'ahead', but it is vague as it does not specify which side. spatial_accuracy: The instruction states 'Two steps ahead', but the image shows the person is not two steps ahead, indicating a spatial inaccuracy. conciseness: The instruction is concise, containing only one sentence. hallucination: The instruction mentions a person ahead, which is supported by the image and cues."
suwon,context-v1,000052,1,3,1,4,3,"Two steps ahead, there's a person. Move forward.","Free space: left=partly blocked, centre=blocked, right=blocked. Obstacles: person (centre, near); person (centre, near); person (right, near); car (left, far).","safety: The instruction directs the pedestrian into the path of a person who is near, which could be dangerous. actionability: The instruction uses a concrete verb 'move forward' and a body-relative direction 'ahead', but it does not specify which side of the person to move. spatial_accuracy: The instruction states 'Two steps ahead', but the person is not two steps ahead; they are near and in the path of the pedestrian. conciseness: The instruction is concise, consisting of two short sentences. hallucination: The instruction mentions a person, but does not mention any other objects or hazards."
suwon,context-v1,000056,1,5,3,4,5,"Two steps ahead, there's a person. Move forward.","Free space: left=partly blocked, centre=blocked, right=blocked. Obstacles: person (centre, near); person (right, near); car (left, far); car (centre, far).","safety: The instruction directs the pedestrian into the path of a person who is close by, which is a safety risk. actionability: The instruction uses a concrete verb 'move forward' and a body-relative direction 'ahead', making it actionable. spatial_accuracy: The instruction states 'Two steps ahead', but the person is not two steps ahead; it's closer, which is a spatial inaccuracy. conciseness: The instruction is concise, containing only one sentence. hallucination: The instruction mentions a person ahead, which is supported by the image and cues."
suwon,context-v1,000060,1,3,1,4,5,"Two steps ahead, there's a person. Move forward.","Free space: left=blocked, centre=partly blocked, right=partly blocked. Obstacles: person (left, near); person (centre, mid); car (left, far); person (centre, far).","safety: The instruction directs the pedestrian into the path of a person who is close by, which could be dangerous. actionability: The instruction uses a concrete verb 'move forward' and a body-relative direction 'ahead', but it lacks precision in terms of distance or angle. spatial_accuracy: The instruction states 'Two steps ahead', but the person is not two steps ahead; they are closer, which could lead to confusion. conciseness: The instruction is brief and clear, containing only one sentence. hallucination: The instruction mentions a person ahead, which is supported by the image and cues."
suwon,context-v1,000064,1,3,1,4,1,"Two steps ahead, there's a person. Move forward.","Free space: left=clear, centre=clear, right=blocked. Obstacles: person (centre, far); person (centre, far); person (centre, far); person (centre, far).","safety: The instruction directs the pedestrian into the path of a person who is far ahead, which could be dangerous. actionability: The instruction uses a concrete verb 'move forward' and a body-relative direction 'ahead', but it lacks precision in terms of distance. spatial_accuracy: The instruction states 'Two steps ahead', but the image shows a person far ahead, not two steps. conciseness: The instruction is concise, containing only two sentences. hallucination: The instruction mentions a person far ahead, which is not supported by the image or the cues."
suwon,context-v1,000068,1,3,1,4,3,"Two steps ahead, there's a person. Move forward.","Free space: left=blocked, centre=partly blocked, right=partly blocked. Obstacles: bus (centre, far); person (centre, far); person (centre, far); person (centre, far).","safety: The instruction directs the pedestrian into the path of a person who is ahead, which could be dangerous. actionability: The instruction uses a concrete verb 'move forward' and a body-relative direction 'ahead', but it lacks precision in terms of distance. spatial_accuracy: The instruction states 'Two steps ahead', but the image shows the person is not two steps ahead but closer, and the bus is also a relevant obstacle. conciseness: The instruction is concise, containing only one sentence. hallucination: The instruction mentions a person ahead, which is supported by the image, but it does not mention the bus, which is a significant obstacle."
suwon,context-v1,000072,1,5,3,4,5,"Two steps ahead, there's a person. Move forward.","Free space: left=partly blocked, centre=partly blocked, right=partly blocked. Obstacles: person (right, mid); person (centre, mid); person (centre, mid); car (left, far).","safety: The instruction does not mention any immediate hazards and directs the pedestrian into the path of a person, which could be dangerous. actionability: The instruction uses a concrete verb 'move forward' and provides a body-relative direction 'ahead', which is clear and actionable. spatial_accuracy: The instruction states 'Two steps ahead', which is consistent with the image, but it does not mention the person, which is a relevant obstacle. conciseness: The instruction is brief and to the point, containing only one sentence. hallucination: The instruction mentions a person ahead, which is supported by the image and the cues."
suwon,context-v1,000076,1,3,1,4,5,"Two steps ahead, there's a person. Move forward.","Free space: left=blocked, centre=partly blocked, right=partly blocked. Obstacles: person (centre, mid); bus (centre, far); car (left, far); car (left, far).","safety: The instruction directs the pedestrian into the path of a person who is ahead, which could be dangerous. actionability: The instruction uses a concrete verb 'move forward' and a body-relative direction 'ahead', but it does not specify which side. spatial_accuracy: The instruction states 'Two steps ahead', but the person is not two steps ahead; they are closer. conciseness: The instruction is concise, containing only two sentences. hallucination: The instruction mentions a person ahead, which is supported by the image and cues."
suwon,context-v1,000080,1,2,3,3,3,"Two steps ahead, there's a person. Move forward.","Free space: left=clear, centre=partly blocked, right=blocked. Obstacles: person (left, far).","safety: The instruction directs the pedestrian into a hazardous area where a person is located, which could lead to a collision. actionability: The instruction is vague and does not specify a clear action or direction. spatial_accuracy: The instruction mentions a person ahead, but does not specify the distance or side, which could be misleading. conciseness: The instruction is brief but lacks specific spatial information and action details. hallucination: The instruction mentions a person, but does not describe any other objects or directions."
suwon,context-v1,000084,1,5,3,4,5,"Two steps ahead, there's a trash can. Move forward.","Free space: left=partly blocked, centre=partly blocked, right=blocked. Obstacles: trash can (right, far).","safety: The instruction directs the pedestrian into a hazardous area where a trash can is located, which could pose a tripping risk. actionability: The instruction is clear and concise, providing a specific action and direction. spatial_accuracy: The instruction mentions a trash can, but does not specify the distance or side, which is not accurate. conciseness: The instruction is brief and to the point, without unnecessary details. hallucination: The instruction mentions a trash can, which is supported by the image and cues."
suwon,context-v1,000088,1,2,3,3,3,"Two steps ahead, there's a person. Move forward.","Free space: left=clear, centre=blocked, right=blocked. Obstacles: person (right, far); person (centre, far); person (centre, far).","safety: The instruction directs the pedestrian into a blocked area, which is unsafe. actionability: The instruction is vague and does not specify a clear action. spatial_accuracy: The instruction mentions a person ahead, but does not specify the side, which is not clear from the image. conciseness: The instruction is brief but lacks clear spatial information. hallucination: The instruction mentions a person ahead, but does not mention any other objects or hazards."
suwon,context-v1,000092,1,3,1,4,1,"Two steps ahead, there's a person. Move forward.","Free space: left=partly blocked, centre=blocked, right=clear. Obstacles: person (left, far); person (right, far); person (right, far).","safety: The instruction does not mention the person in the image, which is a safety-critical hazard. actionability: The instruction uses a concrete verb 'move forward' but does not specify a body-relative direction. spatial_accuracy: The instruction mentions 'two steps ahead,' but the image shows a person far ahead, not two steps. conciseness: The instruction is brief and clear, containing only one sentence. hallucination: The instruction mentions a person far ahead, which is not supported by the image or cues."
suwon,context-v1,000096,1,1,3,5,1,"Two steps ahead, there's a person. Move forward.","Free space: left=partly blocked, centre=partly blocked, right=blocked. Obstacles: none detected.","safety: The instruction does not mention any hazards and does not guide the pedestrian away from obstacles. actionability: The instruction is vague and does not specify a clear action or direction. spatial_accuracy: The instruction does not mention any spatial information, so it cannot be evaluated for spatial accuracy. conciseness: The instruction is very brief and does not contain any additional information. hallucination: The instruction mentions a person, but there is no person in the image."
suwon,context-v1,000100,1,3,1,4,5,"Two steps ahead, there's a person. Move forward.","Free space: left=clear, centre=partly blocked, right=blocked. Obstacles: motorcycle (centre, mid); person (left, far); person (left, far); person (left, far).","safety: The instruction does not mention the person ahead, which is a safety-critical hazard. actionability: The instruction uses a concrete verb 'move forward' but does not specify a body-relative direction. spatial_accuracy: The instruction states 'Two steps ahead,' but the image shows a person far ahead, not two steps. conciseness: The instruction is concise, containing only one sentence. hallucination: The instruction mentions a person ahead, which is supported by the image and cues."
suwon,context-v1,000104,1,3,1,4,5,"Two steps ahead, there's a person. Move forward.","Free space: left=blocked, centre=clear, right=partly blocked. Obstacles: car (left, near); person (right, mid); person (right, far); person (centre, far).","safety: The instruction does not mention the person ahead, which is a safety-critical hazard. actionability: The instruction uses a concrete verb 'move' and a body-relative direction 'forward', but it is vague about the distance. spatial_accuracy: The instruction mentions 'two steps ahead', but the image shows a person in the mid-ground, not two steps ahead. conciseness: The instruction is brief and clear, containing only one sentence. hallucination: The instruction mentions a person, which is supported by the image and cues."
suwon,context-v1,000108,1,3,1,4,5,The person is directly ahead. Move forward.,"Free space: left=clear, centre=clear, right=partly blocked. Obstacles: person (right, mid); person (centre, far).","safety: The instruction does not mention any hazards and directs the pedestrian forward, which could lead to a collision with the person ahead. actionability: The instruction uses a concrete verb 'move' and a body-relative direction 'forward', but it does not specify which side or distance. spatial_accuracy: The instruction does not mention any specific side or distance, which could lead to confusion. conciseness: The instruction is brief and clear, containing only one sentence. hallucination: The instruction mentions a person ahead, which is supported by the image and cues."
suwon,context-v1,000112,1,1,3,4,3,The person is directly ahead. Move forward.,"Free space: left=partly blocked, centre=clear, right=partly blocked. Obstacles: person (centre, mid); bicycle (centre, mid); person (left, far); motorcycle (left, far).","safety: The instruction does not mention any hazards and directs the pedestrian into the path of a person and a bicycle, which are both obstacles. actionability: The instruction is vague and does not specify a clear action or direction. spatial_accuracy: The instruction does not mention any spatial information, so it cannot be evaluated in this dimension. conciseness: The instruction is brief and only contains one sentence. hallucination: The instruction mentions a person and a bicycle, which are supported by the image, but does not mention any other objects or hazards."
suwon,context-v1,000116,1,3,1,4,3,The person is directly ahead. Move forward.,"Free space: left=clear, centre=clear, right=partly blocked. Obstacles: person (left, far); person (left, far); person (centre, far); person (centre, far).","safety: The instruction does not mention any immediate hazards and does not guide the pedestrian away from them. actionability: The instruction uses a concrete verb 'move' and a body-relative direction 'forward', but it does not specify the distance or the side. spatial_accuracy: The instruction does not mention any specific side or distance, which is not supported by the image or cues. conciseness: The instruction is brief and clear, containing only one sentence. hallucination: The instruction mentions 'the person' which is not a hallucination but a potential obstacle, but it does not mention any other objects or hazards."
suwon,context-v1,000120,1,2,1,4,2,The person is directly ahead. Move forward.,"Free space: left=partly blocked, centre=partly blocked, right=blocked. Obstacles: person (right, near); motorcycle (centre, mid); person (centre, far); person (left, far).","safety: The instruction does not mention any hazards, including the motorcycle and the person ahead, which are visible and pose a risk. actionability: The instruction only provides a vague direction without specifying a body-relative direction. spatial_accuracy: The instruction does not mention the spatial relationship between the person and the motorcycle or the person ahead, which are visible and relevant. conciseness: The instruction is very brief and does not provide any additional information or scene description. hallucination: The instruction mentions a person ahead, but does not mention the motorcycle or the person in the center of the image, which are visible and relevant."
suwon,context-v1,000124,1,3,1,4,5,The person is directly ahead. Move forward.,"Free space: left=clear, centre=clear, right=partly blocked. Obstacles: person (left, far); person (centre, far); person (right, far); person (centre, far).","safety: The instruction does not mention any immediate hazards and directs the pedestrian forward, which could lead to a collision with the person ahead. actionability: The instruction uses a concrete verb 'move' and a body-relative direction 'forward', but it does not specify the distance or the side, making it vague. spatial_accuracy: The instruction does not mention the side or distance, which is necessary for a blind pedestrian to navigate safely. conciseness: The instruction is brief and clear, containing only one sentence. hallucination: The instruction mentions a person ahead, which is supported by the image and cues."
suwon,context-v1,000128,1,3,1,4,3,The person is directly ahead. Move forward.,"Free space: left=partly blocked, centre=partly blocked, right=blocked. Obstacles: person (right, near); person (right, mid); car (centre, mid); person (centre, far).","safety: The instruction does not mention any immediate hazards and directs the pedestrian forward, which could lead to a collision with the person ahead. actionability: The instruction uses a concrete verb 'move' and a body-relative direction 'forward', but it does not specify the distance or the side, making it vague. spatial_accuracy: The instruction does not mention the side or distance, which is necessary for a blind pedestrian to navigate safely. conciseness: The instruction is brief and clear, containing only one sentence. hallucination: The instruction mentions a person ahead, which is supported by the image, but does not mention any other objects or hazards."
suwon,context-v1,000132,1,2,1,4,3,The truck is directly ahead. Move forward.,"Free space: left=partly blocked, centre=partly blocked, right=partly blocked. Obstacles: truck (left, mid); person (centre, far); person (centre, far); car (centre, far).","safety: The instruction does not mention any immediate hazards and directs the pedestrian into the path of the truck, which is a significant safety risk. actionability: The instruction is vague and does not specify a body-relative direction, making it unclear how the pedestrian should move. spatial_accuracy: The instruction states that the truck is 'directly ahead,' but the truck is actually to the left of the pedestrian, not directly ahead. conciseness: The instruction is brief and only contains one sentence, which is appropriate for its length. hallucination: The instruction mentions the truck, but does not mention any other objects or hazards in the scene, such as the person walking in front of the truck or the parked cars."
suwon,context-v1,000136,1,3,1,4,3,The car is directly ahead. Move forward.,"Free space: left=blocked, centre=blocked, right=clear. Obstacles: none detected.","safety: The instruction does not mention any hazards and does not guide the pedestrian away from the car, which is a safety concern. actionability: The instruction uses a concrete verb 'move' and a body-relative direction 'forward', but it does not specify which side or distance, making it vague. spatial_accuracy: The instruction does not mention the car, which is a relevant obstacle, and does not specify the side or distance, making it spatially inaccurate. conciseness: The instruction is brief and clear, containing only one sentence. hallucination: The instruction mentions the car, which is a supported object in the image, but does not mention any other objects or hazards."
suwon,context-v1,000140,1,3,1,4,3,The truck is directly ahead. Move forward.,"Free space: left=clear, centre=clear, right=partly blocked. Obstacles: shopping cart (right, near); truck (left, far); bicycle (left, far); car (centre, far).","safety: The instruction does not mention any hazards and directs the pedestrian into the path of the truck, which is a safety risk. actionability: The instruction uses a concrete verb 'move' and a body-relative direction 'forward', but it does not specify which side or distance, making it vague. spatial_accuracy: The instruction states 'directly ahead', but the truck is not directly ahead; it is to the left and far away. conciseness: The instruction is brief and clear, containing only one sentence. hallucination: The instruction mentions the truck, which is supported by the image, but does not mention the bicycle or the shopping cart, which are present in the image."
suwon,context-v1,000144,1,3,1,2,3,The truck is directly ahead. Move forward.,"Free space: left=clear, centre=clear, right=partly blocked. Obstacles: bicycle (left, mid); motorcycle (centre, mid); motorcycle (centre, mid); motorcycle (centre, mid).","safety: The instruction does not mention any hazards and directs the pedestrian forward, which could lead to a collision with the truck. actionability: The instruction uses a concrete verb 'move' and a body-relative direction 'forward', but it does not specify which side or distance. spatial_accuracy: The instruction does not mention the truck's position relative to the pedestrian, which is crucial for safety. conciseness: The instruction is brief but lacks specific spatial information and a clear action. hallucination: The instruction mentions the truck, but does not mention any other objects or hazards in the scene."
suwon,context-v1,000148,1,3,3,4,3,The motorcycle is directly ahead. Move forward.,"Free space: left=clear, centre=clear, right=partly blocked. Obstacles: motorcycle (centre, near); motorcycle (left, near); trash can (centre, mid); truck (left, far).","safety: The instruction does not mention any hazards and directs the pedestrian into the path of a motorcycle, which is a safety risk. actionability: The instruction uses a concrete verb 'move' and a body-relative direction 'forward', but it does not specify which side or distance, making it vague. spatial_accuracy: The instruction mentions the motorcycle ahead, but does not specify the distance or side, which is not accurate. conciseness: The instruction is brief and clear, containing only one sentence. hallucination: The instruction mentions the motorcycle, which is supported by the image, but does not mention the truck or the trash can, which are not in the immediate vicinity."
suwon,context-v1,000152,1,3,3,4,3,The motorcycle is directly ahead. Move forward.,"Free space: left=clear, centre=clear, right=blocked. Obstacles: motorcycle (left, mid); car (left, mid); car (centre, far); car (centre, far).","safety: The instruction does not mention any hazards and directs the pedestrian into the path of the motorcycle, which is a safety risk. actionability: The instruction uses a concrete verb 'move' and a body-relative direction 'forward', but it does not specify which side or distance, making it vague. spatial_accuracy: The instruction mentions the motorcycle, which is correctly located, but does not specify the distance or side, which is not accurate. conciseness: The instruction is brief and clear, containing only one sentence. hallucination: The instruction mentions the motorcycle, which is correctly located, but does not mention any other objects or hazards."
suwon,context-v1,000156,1,3,1,4,3,The car is directly ahead. Move forward.,"Free space: left=blocked, centre=clear, right=clear. Obstacles: car (centre, far); car (centre, far); car (centre, far).","safety: The instruction does not mention any hazards and directs the pedestrian into the path of a car, which is a safety risk. actionability: The instruction uses a concrete verb 'move' and a body-relative direction 'forward', but it does not specify which side or distance to move. spatial_accuracy: The instruction mentions the car's position as 'directly ahead', but the image shows the car is not directly ahead but further away and to the right. conciseness: The instruction is brief and clear, containing only one sentence. hallucination: The instruction mentions a car, which is supported by the image, but does not mention any other objects or hazards."
suwon,context-v1,000160,1,1,1,2,5,The truck is partly blocked ahead. Move forward.,"Free space: left=partly blocked, centre=partly blocked, right=partly blocked. Obstacles: truck (right, far); motorcycle (centre, far); car (centre, far).","safety: The instruction does not mention the truck, which is a significant obstacle. actionability: The instruction only provides a vague action without specifying a direction. spatial_accuracy: The instruction does not mention the truck, which is a relevant obstacle. conciseness: The instruction is brief but lacks specific spatial information. hallucination: The instruction mentions the truck, which is a supported object in the image."
suwon,context-v1,000164,5,5,5,4,5,The truck is far ahead and clear. Move forward.,"Free space: left=clear, centre=blocked, right=clear. Obstacles: truck (right, far); car (centre, far).","safety: The instruction does not mention any immediate hazards and directs the pedestrian forward, which is safe given the clear free space. actionability: The instruction uses a concrete verb 'move' and a body-relative direction 'forward', which is clear and actionable. spatial_accuracy: The instruction mentions the truck as being far ahead and clear, which matches the image and cues. conciseness: The instruction is brief and to the point, containing only one sentence. hallucination: The instruction mentions the truck and the clear free space, which are both supported by the image and cues."
suwon,context-v1,000168,1,2,1,5,5,The truck is partly blocked ahead. Move forward.,"Free space: left=clear, centre=blocked, right=clear. Obstacles: truck (right, mid); car (centre, far).","safety: The instruction does not mention the truck as a hazard, which is a safety-critical issue. actionability: The instruction only provides a vague action without specifying a body-relative direction. spatial_accuracy: The instruction does not mention the truck or any other obstacle, which is a spatially inaccurate statement. conciseness: The instruction is very brief and only contains one sentence. hallucination: The instruction mentions a truck, which is supported by the image and cues."
suwon,context-v1,000172,1,3,1,4,3,The truck is partly blocked ahead. Move forward.,"Free space: left=clear, centre=blocked, right=clear. Obstacles: none detected.","safety: The instruction does not mention any hazards and does not guide the pedestrian away from the truck, which is partly blocked ahead. actionability: The instruction uses a concrete verb 'Move' and a body-relative direction 'forward', but it does not specify the distance or side. spatial_accuracy: The instruction does not mention the side or distance of the truck, which is partly blocked ahead. conciseness: The instruction is brief and clear, containing only one sentence. hallucination: The instruction mentions a truck, which is partly blocked ahead, but does not mention any other objects or hazards."
suwon,context-v1,000176,1,3,3,4,5,"The person ahead is near, and there's a car to your right. Move forward.","Free space: left=partly blocked, centre=partly blocked, right=blocked. Obstacles: person (centre, near); car (right, near); person (left, mid); car (centre, far).","safety: The instruction does not mention the person ahead, which is a safety-critical hazard. actionability: The instruction uses a concrete verb 'move' and a body-relative direction 'forward', but it does not specify which side. spatial_accuracy: The instruction mentions a person ahead and a car to the right, but it does not specify the distance or side of the person ahead. conciseness: The instruction is brief and clear, containing only two sentences. hallucination: The instruction mentions a person ahead and a car to the right, which are supported by the image and cues."
suwon,context-v1,000180,1,2,1,3,3,The car ahead is partly blocked. Move forward.,"Free space: left=clear, centre=clear, right=clear. Obstacles: car (left, far); car (right, far); person (centre, far); car (centre, far).","safety: The instruction does not mention any immediate hazards and does not guide the pedestrian away from the car, which is a safety concern. actionability: The instruction uses a vague verb 'Move' and does not specify a body-relative direction, making it unclear and less actionable. spatial_accuracy: The instruction does not mention the car or any other obstacles, which is a spatial error. conciseness: The instruction is brief but lacks specific spatial information and action details, making it somewhat unclear. hallucination: The instruction mentions a car, but does not mention any other objects or hazards in the scene."
suwon,context-v1,000184,1,2,1,4,5,The car on your left is partly blocked. Move forward.,"Free space: left=clear, centre=clear, right=clear. Obstacles: car (left, near); person (centre, mid); car (centre, far); car (centre, far).","safety: The instruction does not mention the car on the left, which is a safety-critical hazard. actionability: The instruction only provides a vague direction without specifying a body-relative direction. spatial_accuracy: The instruction does not mention the car on the left, which is a relevant near hazard. conciseness: The instruction is brief and clear, mentioning only the car on the left. hallucination: The instruction mentions the car on the left, which is supported by the image and cues."
suwon,context-v1,000188,1,3,3,4,5,"The person ahead is near, and the car on your left is partly blocked. Move forward.","Free space: left=partly blocked, centre=clear, right=clear. Obstacles: person (centre, near); car (left, near); car (centre, mid); trash can (right, mid).","safety: The instruction directs the pedestrian into a potentially dangerous situation by not mentioning the partly blocked car on the left. actionability: The instruction uses a concrete verb 'move' and a body-relative direction 'forward', but it does not specify which side of the pedestrian to move. spatial_accuracy: The instruction mentions the person ahead and the car on the left, but it does not specify the distance or the side of the pedestrian. conciseness: The instruction is brief and clear, containing only two sentences. hallucination: The instruction mentions the person ahead and the car on the left, which are supported by the image and cues."
suwon,context-v1,000192,1,3,3,4,3,The car on your right is partly blocked. Move forward.,"Free space: left=clear, centre=clear, right=partly blocked. Obstacles: car (right, mid); car (centre, far); person (centre, far); car (left, far).","safety: The instruction does not mention the partly blocked car, which is a safety-critical hazard. actionability: The instruction uses a concrete verb 'move' and a body-relative direction 'forward', but it does not specify which side. spatial_accuracy: The instruction mentions the right side, but the partly blocked car is not described as being on the right side. conciseness: The instruction is brief and clear, containing only one sentence. hallucination: The instruction mentions a car on the right, which is partly blocked, but does not mention any other objects or hazards."
suwon,context-v1,000196,1,3,3,4,5,The car on your left is near. Move forward.,"Free space: left=clear, centre=clear, right=partly blocked. Obstacles: person (left, near); car (left, mid); car (centre, far); person (centre, far).","safety: The instruction does not mention any immediate hazards and directs the pedestrian forward, which could lead to a collision with the car on the left. actionability: The instruction uses a concrete verb 'move' and a body-relative direction 'forward', but it does not specify which side of the pedestrian the car is on. spatial_accuracy: The instruction mentions the car on the left, but does not specify the distance or the side of the pedestrian the car is on. conciseness: The instruction is brief and clear, containing only one sentence. hallucination: The instruction mentions the car on the left, which is supported by the image and the cues."
suwon,context-v1,000200,1,2,3,3,3,The car on your left is near. Move forward.,"Free space: left=clear, centre=clear, right=blocked. Obstacles: person (left, near); car (left, near); car (left, mid); person (centre, far).","safety: The instruction does not mention any immediate hazards and does not guide the pedestrian away from the car, which is a safety concern. actionability: The instruction is vague and does not specify a clear action or direction, making it difficult to follow. spatial_accuracy: The instruction mentions the car on the left, but does not specify the distance or the exact location, which can be misleading. conciseness: The instruction is brief but lacks specific details, making it unclear and potentially confusing. hallucination: The instruction mentions a car on the left, which is supported by the image, but does not mention any other objects or hazards."
suwon,context-v1,000204,1,2,2,3,4,The person on your right is near. Move forward.,"Free space: left=blocked, centre=blocked, right=clear. Obstacles: person (centre, near); person (right, mid); person (right, mid); person (left, far).","safety: The instruction directs the pedestrian into a hazardous area where people are crossing the street, which could lead to a collision. actionability: The instruction is vague and does not specify a clear action, only mentioning the presence of a person on the right. spatial_accuracy: The instruction does not specify the distance or side of the person, making it unclear whether the pedestrian should move forward or avoid them. conciseness: The instruction is brief but lacks specific details about the person's location and the action required. hallucination: The instruction mentions a person on the right, which is supported by the image, but does not mention any other objects or hazards."
suwon,context-v1,000208,1,3,3,4,3,The person on your left is near. Move forward.,"Free space: left=blocked, centre=partly blocked, right=partly blocked. Obstacles: person (right, near); person (left, near); person (left, near); person (centre, mid).","safety: The instruction does not mention any immediate hazards and directs the person forward, which could lead to collision with the person on the left. actionability: The instruction uses a concrete verb 'move' and a body-relative direction 'forward', but it does not specify which side of the person to move. spatial_accuracy: The instruction mentions the person on the left, but does not specify the distance or side, which is partly blocked. conciseness: The instruction is concise, consisting of only one sentence. hallucination: The instruction mentions the person on the left, which is supported by the image, but does not mention any other objects or hazards."
suwon,context-v1,000212,1,2,2,3,5,The person on your right is near. Move forward.,"Free space: left=partly blocked, centre=clear, right=partly blocked. Obstacles: person (right, mid); person (left, mid); person (left, mid); person (right, far).","safety: The instruction directs the pedestrian into a potentially hazardous situation by not mentioning the person on the right who is near. actionability: The instruction is vague and does not specify a clear action or direction. spatial_accuracy: The instruction does not specify the distance or side of the person, making it unclear. conciseness: The instruction is brief but lacks specific details about the person's location. hallucination: The instruction mentions a person on the right, which is supported by the image."
suwon,context-v1,000216,1,3,3,4,5,The person directly ahead is near. Move forward.,"Free space: left=partly blocked, centre=clear, right=partly blocked. Obstacles: person (right, mid); person (centre, mid); person (left, far); car (left, far).","safety: The instruction does not mention any immediate hazards and does not guide the pedestrian away from them. actionability: The instruction uses a concrete verb 'move' and a body-relative direction 'ahead', but it is vague as it does not specify how far ahead. spatial_accuracy: The instruction does not mention any specific side or distance, so it cannot be scored accurately. conciseness: The instruction is brief and clear, containing only one sentence. hallucination: The instruction mentions 'the person directly ahead', which is supported by the image, but does not mention any other objects or hazards."
suwon,context-v1,000220,1,3,1,4,5,The person directly ahead is near. Move forward.,"Free space: left=partly blocked, centre=blocked, right=blocked. Obstacles: person (right, near); person (centre, near); person (left, mid); person (left, mid).","safety: The instruction does not mention any immediate hazards and directs the pedestrian forward, which could lead to a collision with the person ahead. actionability: The instruction uses a concrete verb 'move' and a body-relative direction 'forward', but it does not specify the distance or the side. spatial_accuracy: The instruction does not specify the side or distance, which is not clear from the image or cues provided. conciseness: The instruction is concise, consisting of a single sentence. hallucination: The instruction mentions a person ahead, which is supported by the image and cues."
suwon,context-v1,000224,1,3,3,4,5,The person directly ahead is near. Move forward.,"Free space: left=clear, centre=clear, right=blocked. Obstacles: person (right, near); person (left, mid); person (centre, mid); person (centre, mid).","safety: The instruction does not mention any immediate hazards and directs the person forward, which could lead to collision with the person ahead. actionability: The instruction uses a concrete verb 'move' and a body-relative direction 'forward', but it does not specify the distance or the side. spatial_accuracy: The instruction does not specify the side or distance, which could be misleading given the presence of people ahead. conciseness: The instruction is brief and clear, containing only one sentence. hallucination: The instruction mentions 'the person directly ahead', which is supported by the image, but does not mention any other objects or hazards."
suwon,context-v1,000228,1,3,1,4,5,The person directly ahead is near. Move forward.,"Free space: left=blocked, centre=blocked, right=blocked. Obstacles: person (centre, near); person (left, near); person (centre, far); person (centre, far).","safety: The instruction does not mention any immediate hazards and directs the person forward, which could lead to collision with the person ahead. actionability: The instruction uses a concrete verb 'move' and a body-relative direction 'forward', but it does not specify which side or distance. spatial_accuracy: The instruction does not mention any specific side or distance, which could lead to confusion. conciseness: The instruction is brief and clear, containing only one sentence. hallucination: The instruction mentions a person ahead, which is supported by the image and cues."
suwon,context-v1,000232,1,3,1,4,5,The person directly ahead is near. Move forward.,"Free space: left=blocked, centre=clear, right=partly blocked. Obstacles: person (left, near); person (centre, far); person (centre, far).","safety: The instruction does not mention any hazards and directs the person forward, which could lead to collision with the person ahead. actionability: The instruction uses a concrete verb 'move' and a body-relative direction 'forward', but it does not specify the distance or the side. spatial_accuracy: The instruction does not mention any specific side or distance, which could be misleading. conciseness: The instruction is brief and clear, containing only one sentence. hallucination: The instruction mentions a person ahead, which is supported by the image and cues."
suwon,context-v1,000236,1,3,1,4,5,The person directly ahead is near. Move forward.,"Free space: left=clear, centre=clear, right=blocked. Obstacles: person (centre, far).","safety: The instruction does not mention any immediate hazards and directs the pedestrian forward, which could lead to a collision with the person ahead. actionability: The instruction uses a concrete verb 'move' and a body-relative direction 'forward', but it does not specify the distance or the side, making it vague. spatial_accuracy: The instruction does not mention any specific side or distance, which is a critical error given the presence of a person ahead. conciseness: The instruction is brief and clear, containing only one sentence. hallucination: The instruction mentions a person ahead, which is supported by the image and the cues."
suwon,context-v1,000240,1,3,1,2,5,The person directly ahead is near. Move forward.,"Free space: left=clear, centre=clear, right=blocked. Obstacles: person (centre, far); person (centre, far).","safety: The instruction does not mention any immediate hazards and directs the pedestrian forward, which could lead to collision with the person ahead. actionability: The instruction uses a concrete verb 'move' and a body-relative direction 'forward', but it is vague as it does not specify which side or distance. spatial_accuracy: The instruction does not specify any distance or side, which is necessary for spatial accuracy. conciseness: The instruction is brief but lacks specific spatial information, making it somewhat vague. hallucination: The instruction mentions a person ahead, which is supported by the image and cues."
suwon,context-v1,000244,1,3,3,4,5,The person directly ahead is near. Move forward.,"Free space: left=partly blocked, centre=clear, right=blocked. Obstacles: none detected.","safety: The instruction does not mention any hazards and does not guide the person away from obstacles. actionability: The instruction uses a concrete verb 'move' and a body-relative direction 'forward', but it does not specify the distance or the person's current position. spatial_accuracy: The instruction does not mention any specific sides or distances, so it cannot be scored accurately. conciseness: The instruction is brief and clear, containing only one sentence. hallucination: The instruction does not mention any objects, hazards, or directions that are not supported by the image or cues."
suwon,context-v1,000248,1,5,3,4,5,The path is clear ahead. Move forward.,"Free space: left=blocked, centre=clear, right=blocked. Obstacles: none detected.","safety: The instruction does not mention any potential hazards, such as the narrow alley or the person bending down, which could pose a risk. actionability: The instruction is clear and concise, providing a concrete action (move forward) and a body-relative direction (ahead). spatial_accuracy: The instruction does not mention any specific sides or distances, but it is clear that the path is ahead, which matches the image and cues. conciseness: The instruction is brief and to the point, consisting of only one sentence. hallucination: The instruction does not mention any objects, hazards, or directions that are not supported by the image or cues."
suwon,context-v1,000252,1,2,1,5,5,The path is clear ahead. Move forward.,"Free space: left=partly blocked, centre=clear, right=blocked. Obstacles: none detected.","safety: The instruction does not mention any potential hazards, such as the blocked areas on the left and right sides. actionability: The instruction only provides a vague direction 'forward' without specifying a body-relative direction. spatial_accuracy: The instruction does not mention any specific sides or distances, which is a problem given the blocked areas on the left and right. conciseness: The instruction is very brief, consisting of only one sentence. hallucination: The instruction does not mention any objects, hazards, or directions that are not supported by the image or cues."
suwon,context-v1,000256,3,3,3,4,5,The path is clear ahead. Move forward.,"Free space: left=blocked, centre=clear, right=blocked. Obstacles: person (centre, far).","safety: The instruction does not mention any hazards, but it does not direct the person into a hazard either. actionability: The instruction uses a concrete verb 'move' and a body-relative direction 'forward', but it does not specify the distance or the side. spatial_accuracy: The instruction does not mention any specific sides or distances, but it does not contradict the image or cues. conciseness: The instruction is brief and clear, containing only one sentence. hallucination: The instruction mentions 'the path is clear ahead' and 'move forward', which are supported by the image and cues."
suwon,context-v1,000260,1,5,3,4,5,The path is clear ahead. Move forward.,"Free space: left=blocked, centre=clear, right=partly blocked. Obstacles: person (centre, far).","safety: The instruction does not mention any potential hazards, such as the person in the distance, which could pose a risk to the blind pedestrian. actionability: The instruction is clear and concise, providing a concrete action (move forward) without any ambiguity. spatial_accuracy: The instruction does not mention any specific sides or distances, but it is clear that the path is ahead, which aligns with the image. conciseness: The instruction is brief and to the point, consisting of only one sentence. hallucination: The instruction does not mention any objects, hazards, or directions that are not supported by the image or cues."
suwon,context-v1,000264,3,5,3,4,5,The path is clear ahead. Move forward.,"Free space: left=blocked, centre=clear, right=clear. Obstacles: person (centre, far); person (centre, far); person (centre, far).","safety: The instruction does not mention any immediate hazards, but the path ahead is clear, which is a safe action. actionability: The instruction uses a concrete verb 'move' and a body-relative direction 'forward', which is clear and actionable. spatial_accuracy: The instruction does not mention any specific sides or distances, but the path ahead is clear, which is spatially accurate. conciseness: The instruction is brief and to the point, containing only one sentence. hallucination: The instruction does not mention any objects, hazards, or directions that are not supported by the image or cues."
suwon,context-v1,000268,3,5,3,4,5,The path is clear ahead. Move forward.,"Free space: left=clear, centre=clear, right=blocked. Obstacles: person (left, far); person (centre, far); person (centre, far); person (centre, far).","safety: The instruction does not mention any immediate hazards and directs the pedestrian forward, which is safe given the clear path ahead. actionability: The instruction uses a concrete verb 'move' and a body-relative direction 'forward', which is clear and actionable. spatial_accuracy: The instruction does not mention any specific sides or distances, but it is clear that the path ahead is free of obstacles. conciseness: The instruction is brief and to the point, consisting of only one sentence. hallucination: The instruction does not mention any objects, hazards, or directions that are not supported by the image or cues."
suwon,context-v1,000272,1,3,3,4,3,The path is partly blocked ahead. Move forward.,"Free space: left=partly blocked, centre=blocked, right=partly blocked. Obstacles: person (centre, near); person (centre, mid); person (centre, far); person (left, far).","safety: The instruction does not mention any immediate hazards and does not guide the pedestrian away from them. actionability: The instruction uses a concrete verb 'move' and a body-relative direction 'forward', but it does not specify which side or distance. spatial_accuracy: The instruction mentions 'partly blocked ahead', but it does not specify which side or distance matches the image and cues. conciseness: The instruction is brief and clear, containing only one sentence. hallucination: The instruction mentions 'partly blocked ahead', but it does not mention any specific objects, hazards, or directions that are not supported by the image or cues."
suwon,context-v1,000276,1,2,1,3,5,The path is clear ahead. Move forward.,"Free space: left=partly blocked, centre=partly blocked, right=partly blocked. Obstacles: person (centre, near); person (centre, far); person (left, far); person (centre, far).","safety: The instruction does not mention any immediate hazards and directs the pedestrian forward, which could lead to a collision with the person in the center of the image. actionability: The instruction is vague and does not specify a body-relative direction, making it unclear how the pedestrian should move. spatial_accuracy: The instruction does not mention any specific sides or distances, which makes it difficult to determine the correct path. conciseness: The instruction is brief but lacks specific spatial information, making it unclear how the pedestrian should move. hallucination: The instruction does not mention any objects, hazards, or directions that are not present in the image or cues."
suwon,context-v1,000280,1,2,1,4,5,The path is clear ahead. Move forward.,"Free space: left=partly blocked, centre=partly blocked, right=partly blocked. Obstacles: person (centre, near); person (right, mid); person (centre, mid); person (left, far).","safety: The instruction does not mention any immediate hazards and directs the pedestrian forward, which could lead to a collision with the person in the center of the image. actionability: The instruction is vague and does not specify a body-relative direction, making it unclear how the pedestrian should move. spatial_accuracy: The instruction does not mention any specific sides or distances, which makes it difficult to determine the correct path. conciseness: The instruction is brief and only consists of one sentence, which is appropriate for its length. hallucination: The instruction does not mention any objects, hazards, or directions that are not present in the image or cues."
suwon,context-v1,000284,3,5,3,4,5,The path is clear ahead. Move forward.,"Free space: left=clear, centre=clear, right=blocked. Obstacles: person (centre, far); person (right, far); person (centre, far); person (centre, far).","safety: The instruction does not mention any immediate hazards, but the path ahead is clear, which is a safe action. actionability: The instruction uses a concrete verb 'move' and a body-relative direction 'forward', which is clear and actionable. spatial_accuracy: The instruction does not mention any specific sides or distances, but the path ahead is clear, which is spatially accurate. conciseness: The instruction is brief and to the point, containing only one sentence. hallucination: The instruction does not mention any objects, hazards, or directions that are not supported by the image or cues."
suwon,context-v1,000288,1,2,1,5,5,The path is clear ahead. Move forward.,"Free space: left=clear, centre=clear, right=blocked. Obstacles: person (left, far); person (left, far); person (centre, far); person (left, far).","safety: The instruction does not mention any obstacles or hazards, which could be dangerous for a blind pedestrian. actionability: The instruction only provides a vague action without specifying a direction, making it unclear what the pedestrian should do. spatial_accuracy: The instruction does not mention any specific sides or distances, which could lead to confusion. conciseness: The instruction is very brief and does not provide any additional information, making it easy to understand. hallucination: The instruction does not mention any objects, hazards, or directions that are not present in the image or cues."
suwon,context-v1,000292,3,3,3,4,5,The path is clear ahead. Move forward.,"Free space: left=clear, centre=clear, right=blocked. Obstacles: person (right, mid); person (right, far).","safety: The instruction does not mention any hazards, but it does not direct the person into a hazard either. actionability: The instruction uses a concrete verb 'move' and a body-relative direction 'forward', but it does not specify the distance or the side. spatial_accuracy: The instruction does not mention any specific sides or distances, but it does not contradict the image or cues. conciseness: The instruction is brief and does not contain any unnecessary details. hallucination: The instruction does not mention any objects, hazards, or directions that are not supported by the image or cues."
suwon,"context-v1, no echo",000000,1,3,1,4,3,"Two steps ahead, there's a person. Move forward.","Free space: left=partly blocked, centre=partly blocked, right=partly blocked. Obstacles: person (right, mid); person (right, mid); person (centre, far); person (left, far).","safety: The instruction directs the pedestrian into the path of a person, which is a safety hazard. actionability: The instruction uses a concrete verb 'move forward' and a body-relative direction 'ahead', but it does not specify which side. spatial_accuracy: The instruction states 'Two steps ahead', but the person is not two steps ahead; it's closer. conciseness: The instruction is concise, containing only one sentence. hallucination: The instruction mentions a person, which is supported by the image, but does not mention any other objects or hazards."
suwon,"context-v1, no echo",000004,3,3,1,4,1,"Two steps ahead, there's a person. Move forward.","Free space: left=partly blocked, centre=partly blocked, right=partly blocked. Obstacles: person (right, far); person (right, far); person (centre, far); person (right, far).","safety: The instruction directs the pedestrian into a hazardous area where people are close, but it does not mention the immediate obstacle. actionability: The instruction uses a concrete verb 'move forward' and a body-relative direction 'ahead', but it does not specify the distance or the side. spatial_accuracy: The instruction mentions 'two steps ahead', but the image shows a person far ahead, not two steps. conciseness: The instruction is concise, containing only one sentence. hallucination: The instruction mentions a person far ahead, but the image shows people close and not far ahead."
suwon,"context-v1, no echo",000008,3,3,1,4,1,"Two steps ahead, there's a person. Move slowly.","Free space: left=partly blocked, centre=partly blocked, right=partly blocked. Obstacles: person (left, mid); person (right, mid); person (right, mid); person (right, far).","safety: The instruction directs the pedestrian to move slowly, which is a safe action but does not mention the person ahead, which is a relevant near hazard. actionability: The instruction uses a concrete verb 'move' and a body-relative direction 'ahead', but it is vague as it does not specify which side. spatial_accuracy: The instruction mentions 'two steps ahead', but the image shows a person in the center, not ahead. conciseness: The instruction is concise, containing only one sentence. hallucination: The instruction mentions a person ahead, but the image shows people in the center and right, not ahead."
suwon,"context-v1, no echo",000012,1,3,1,4,5,A person is directly ahead. Move forward.,"Free space: left=partly blocked, centre=partly blocked, right=partly blocked. Obstacles: person (right, mid); person (left, mid); person (right, far); person (centre, far).","safety: The instruction does not mention any immediate hazards and does not guide the pedestrian away from them. actionability: The instruction uses a concrete verb 'move' and a body-relative direction 'forward', but it does not specify the distance or the side. spatial_accuracy: The instruction does not mention any specific side or distance, which is not supported by the image or cues. conciseness: The instruction is concise, consisting of only one sentence. hallucination: The instruction mentions a person directly ahead, which is supported by the image and cues."
suwon,"context-v1, no echo",000016,1,3,1,4,5,"Two steps ahead, there's a person. Move forward.","Free space: left=partly blocked, centre=partly blocked, right=partly blocked. Obstacles: person (right, mid); person (right, mid); person (right, mid); person (centre, far).","safety: The instruction directs the pedestrian into the path of a person who is close by, which could be dangerous. actionability: The instruction uses a concrete verb 'move forward' and a body-relative direction 'ahead', but it lacks precision in terms of distance. spatial_accuracy: The instruction states 'Two steps ahead', but the person is not two steps ahead; they are closer, which could lead to confusion. conciseness: The instruction is brief and clear, containing only one sentence. hallucination: The instruction mentions a person ahead, which is supported by the image and cues."
suwon,"context-v1, no echo",000020,1,3,1,4,3,"Two steps ahead, there's a person. Move forward.","Free space: left=clear, centre=clear, right=partly blocked. Obstacles: person (right, mid); person (right, mid); person (centre, far); person (centre, far).","safety: The instruction directs the pedestrian into the path of a person who is close by, which could be dangerous. actionability: The instruction uses a concrete verb 'move forward' and a body-relative direction 'ahead', but it does not specify which side of the person to move. spatial_accuracy: The instruction states 'Two steps ahead', but the person is not two steps ahead; they are closer. conciseness: The instruction is concise, containing only two sentences. hallucination: The instruction mentions a person, but does not mention any other objects or hazards."
suwon,"context-v1, no echo",000024,3,3,3,4,5,"Two steps ahead, there's a person. Move slowly.","Free space: left=partly blocked, centre=partly blocked, right=partly blocked. Obstacles: person (right, mid); person (right, far); person (centre, far); person (left, far).","safety: The instruction directs the pedestrian to move slowly, which is a safe action, but it does not mention the person ahead, which is a relevant near hazard. actionability: The instruction uses a concrete verb 'move' and a body-relative direction 'ahead', but it lacks a specific body part, such as 'left' or 'right'. spatial_accuracy: The instruction states 'Two steps ahead', which matches the image, but it does not mention the person, which is a relevant near hazard. conciseness: The instruction is concise, containing only one sentence. hallucination: The instruction mentions a person ahead, which is supported by the image and cues."
suwon,"context-v1, no echo",000028,1,3,1,4,3,The bus is directly ahead. Walk straight.,"Free space: left=partly blocked, centre=partly blocked, right=blocked. Obstacles: trash can (left, near); person (centre, far); bus (left, far); person (centre, far).","safety: The instruction does not mention any immediate hazards and directs the pedestrian straight ahead, which could lead to a collision with the bus. actionability: The instruction uses a concrete verb 'walk' and a body-relative direction 'straight', but it does not specify which side of the pedestrian to walk. spatial_accuracy: The instruction does not mention the bus, which is a significant obstacle in the scene. conciseness: The instruction is brief and clear, containing only one sentence. hallucination: The instruction mentions the bus, which is a supported object in the image, but does not mention the trash can, person, or other obstacles."
suwon,"context-v1, no echo",000032,1,5,3,4,5,A person is directly ahead. Walk forward.,"Free space: left=partly blocked, centre=partly blocked, right=partly blocked. Obstacles: person (left, mid); person (centre, mid); person (centre, mid); bus (left, far).","safety: The instruction does not mention any immediate hazards and does not guide the pedestrian away from them. actionability: The instruction is clear and concise, using a concrete verb and a body-relative direction. spatial_accuracy: The instruction does not mention any specific side or distance, but it is clear that the person is directly ahead. conciseness: The instruction is brief and to the point, consisting of only one sentence. hallucination: The instruction mentions a person directly ahead, which is supported by the image."
suwon,"context-v1, no echo",000036,1,5,3,4,5,A person is directly ahead. Walk forward.,"Free space: left=blocked, centre=blocked, right=partly blocked. Obstacles: person (left, near); person (centre, mid); person (centre, mid); person (right, far).","safety: The instruction does not mention any immediate hazards and does not guide the pedestrian away from them. actionability: The instruction is clear and concise, using a concrete verb and a body-relative direction. spatial_accuracy: The instruction does not mention any specific side or distance, but it does not contradict the image or cues. conciseness: The instruction is brief and to the point, containing only one sentence. hallucination: The instruction mentions a person directly ahead, which is supported by the image and cues."
suwon,"context-v1, no echo",000040,1,3,1,4,5,A pedestrian is approaching aheadft of us. Continue forward steadily.,"Free space: left=blocked, centre=partly blocked, right=partly blocked. Obstacles: person (left, near); person (centre, near); person (centre, mid); person (centre, mid).","safety: The instruction does not mention any immediate hazards and does not guide the pedestrian away from them. actionability: The instruction uses a concrete verb 'continue' and a body-relative direction 'forward', but it does not specify which side or distance. spatial_accuracy: The instruction does not mention any specific sides or distances, which is a problem given the obstacles present. conciseness: The instruction is brief and clear, containing only one sentence. hallucination: The instruction does not mention any objects, hazards, or directions that are not supported by the image or cues."
suwon,"context-v1, no echo",000044,1,2,2,3,1,"Two steps ahead, you'll pass under the tree roots.","Free space: left=blocked, centre=clear, right=partly blocked. Obstacles: person (left, mid); person (centre, mid); person (centre, mid); person (left, mid).","safety: The instruction directs the pedestrian into a potentially hazardous area near tree roots, which could cause tripping or falling. actionability: The instruction is vague and does not specify a clear action or direction. spatial_accuracy: The instruction mentions 'two steps ahead,' but the image shows the tree roots are not visible from the current position, indicating a spatial inaccuracy. conciseness: The instruction is brief but lacks clear action and spatial information. hallucination: The instruction mentions tree roots, which are not visible in the image and are not a relevant obstacle."
suwon,"context-v1, no echo",000048,1,1,1,1,5,The center path splitsched.,"Free space: left=clear, centre=partly blocked, right=blocked. Obstacles: person (right, near); person (centre, near); person (centre, near); person (left, mid).","safety: The instruction does not mention any immediate hazards and does not guide the pedestrian away from them. actionability: The instruction is vague and does not specify a clear action or direction. spatial_accuracy: The instruction does not specify a clear side or distance, making it unclear which path to take. conciseness: The instruction is too short and does not provide enough information to be useful. hallucination: The instruction does not mention any objects, hazards, or directions that are not present in the image or cues."
suwon,"context-v1, no echo",000052,1,2,3,2,1,The center is blocked. Move slightly sideways toward kneeigh.,"Free space: left=partly blocked, centre=blocked, right=blocked. Obstacles: person (centre, near); person (centre, near); person (right, near); car (left, far).","safety: The instruction directs the pedestrian into a blocked area, which is unsafe. actionability: The instruction is vague and does not specify a clear action. spatial_accuracy: The instruction mentions 'center' but does not specify the distance or direction clearly. conciseness: The instruction is too brief and lacks clear spatial information. hallucination: The instruction mentions 'kneeigh', which is not a recognized word and does not correspond to any object or hazard in the image."
suwon,"context-v1, no echo",000056,1,3,3,4,5,The center and right sides are closed off. Keep walking forward steadily.,"Free space: left=partly blocked, centre=blocked, right=blocked. Obstacles: person (centre, near); person (right, near); car (left, far); car (centre, far).","safety: The instruction does not mention any immediate hazards and directs the pedestrian forward, which could lead to a collision with the person on the right. actionability: The instruction uses a concrete verb 'keep walking' and a body-relative direction 'forward', but it lacks a specific body part or landmark for guidance. spatial_accuracy: The instruction mentions the center and right sides, but does not specify the distance or the type of obstacles, which are not clearly defined in the image. conciseness: The instruction is concise, containing only two sentences without any additional scene description. hallucination: The instruction mentions 'center and right sides' and 'person' as obstacles, which are supported by the image and cues."
suwon,"context-v1, no echo",000060,1,3,1,4,1,The path is partly to the right. Walk cautiously ahead.,"Free space: left=blocked, centre=partly blocked, right=partly blocked. Obstacles: person (left, near); person (centre, mid); car (left, far); person (centre, far).","safety: The instruction does not mention any immediate hazards, which could be dangerous for a blind pedestrian. actionability: The instruction uses a concrete verb 'walk' and a body-relative direction 'ahead', but it does not specify which side of the path to walk on. spatial_accuracy: The instruction mentions 'partly to the right', but the image shows the path is partly blocked on the right side, not partly to the right. conciseness: The instruction is concise, containing only two sentences. hallucination: The instruction mentions 'partly to the right', but the image shows the path is partly blocked on the right side, not partly to the right."
suwon,"context-v1, no echo",000064,5,5,5,4,5,Two steps ahead is blocked ahead. Turn slightly left.,"Free space: left=clear, centre=clear, right=blocked. Obstacles: person (centre, far); person (centre, far); person (centre, far); person (centre, far).","safety: The instruction warns the pedestrian to turn slightly left, which is a safe action given the blocked area ahead. actionability: The instruction uses a concrete verb 'turn' and a body-relative direction 'slightly left', making it actionable. spatial_accuracy: The instruction states 'two steps ahead', which matches the image and the cues provided by the depth estimator. conciseness: The instruction is brief and to the point, containing only two sentences. hallucination: The instruction mentions 'blocked ahead' and 'slightly left', which are supported by the image and the cues."
suwon,"context-v1, no echo",000068,1,3,3,4,5,The bus is partly in front of you. Keep walking forward steadily.,"Free space: left=blocked, centre=partly blocked, right=partly blocked. Obstacles: bus (centre, far); person (centre, far); person (centre, far); person (centre, far).","safety: The instruction does not mention the bus as a hazard, which is a safety-critical element in the scene. actionability: The instruction uses the verb 'keep walking' but does not specify a direction, making it vague. spatial_accuracy: The instruction mentions the bus as being partly in front of the pedestrian, which is accurate. conciseness: The instruction is brief and clear, containing only one sentence. hallucination: The instruction mentions the bus as a hazard, which is supported by the image and cues."
suwon,"context-v1, no echo",000072,1,3,1,4,1,A pedestrian is approaching aheadft. Step cautiously aheadft.,"Free space: left=partly blocked, centre=partly blocked, right=partly blocked. Obstacles: person (right, mid); person (centre, mid); person (centre, mid); car (left, far).","safety: The instruction does not mention any immediate hazards and does not guide the pedestrian away from them. actionability: The instruction uses a concrete verb 'step' and a body-relative direction 'ahead', but it is vague and does not specify the distance or the side. spatial_accuracy: The instruction does not mention any specific side or distance, which is not supported by the image or cues. conciseness: The instruction is concise, containing only one sentence. hallucination: The instruction mentions 'pedestrian is approaching ahead', but there is no pedestrian in the image or cues."
suwon,"context-v1, no echo",000076,1,3,3,4,1,A cyclist is approaching aheadft of and slightly right of you. Keep walking forward steadily.,"Free space: left=blocked, centre=partly blocked, right=partly blocked. Obstacles: person (centre, mid); bus (centre, far); car (left, far); car (left, far).","safety: The instruction does not mention any immediate hazards and does not guide the pedestrian away from the cyclist, which is a safety concern. actionability: The instruction uses a concrete verb 'keep walking' and a body-relative direction 'forward', but it does not specify the distance or side relative to the cyclist. spatial_accuracy: The instruction mentions 'ahead' and 'slightly right', but the cyclist is not visible in the image, so the spatial accuracy cannot be fully assessed. conciseness: The instruction is concise, containing only two sentences. hallucination: The instruction mentions a cyclist, but there is no cyclist visible in the image, indicating a hallucination."
suwon,"context-v1, no echo",000080,1,1,1,5,5,Keep: Ahead forward slowly.,"Free space: left=clear, centre=partly blocked, right=blocked. Obstacles: person (left, far).","safety: The instruction does not mention any immediate hazards, such as the person walking ahead, which could pose a risk. actionability: The instruction is vague and does not specify a clear action or direction, only stating 'Keep: Ahead forward slowly.' spatial_accuracy: The instruction does not specify any distance or side, only stating 'Ahead forward slowly,' which is not spatially accurate. conciseness: The instruction is very brief, consisting of only one sentence, which is concise. hallucination: The instruction does not mention any objects, hazards, or directions that are not present in the image, such as a person walking ahead."
suwon,"context-v1, no echo",000084,1,1,1,1,1,The knee-guardienne ahead.,"Free space: left=partly blocked, centre=partly blocked, right=blocked. Obstacles: trash can (right, far).","safety: The instruction does not mention any hazards, which is a safety concern. actionability: The instruction lacks a clear verb and direction, making it unclear what action to take. spatial_accuracy: The instruction does not mention any spatial information, which is a spatial accuracy issue. conciseness: The instruction is a single word, which is not concise. hallucination: The instruction mentions 'knee-guardienne', which is not present in the image or cues."
suwon,"context-v1, no echo",000088,1,2,1,2,1,"The knee-guard, but someone is approaching ahead. Move cautiously ahead","Free space: left=clear, centre=blocked, right=blocked. Obstacles: person (right, far); person (centre, far); person (centre, far).","safety: The instruction does not mention any immediate hazards and does not guide the pedestrian away from them. actionability: The instruction uses a vague verb 'move' and does not specify a clear body-relative direction. spatial_accuracy: The instruction does not mention any specific sides or distances, making it unclear where to move. conciseness: The instruction is a single sentence, but it lacks clear action and direction. hallucination: The instruction mentions 'the knee-guard' which is not present in the image and does not mention any objects or hazards."
suwon,"context-v1, no echo",000092,1,1,3,4,5,"The knee-guard, keep moving forward steadily.","Free space: left=partly blocked, centre=blocked, right=clear. Obstacles: person (left, far); person (right, far); person (right, far).","safety: The instruction does not mention any hazards and does not guide the pedestrian away from obstacles. actionability: The instruction lacks a clear verb and a specific direction, making it unclear what action to take. spatial_accuracy: The instruction does not mention any spatial information, so it cannot be scored for spatial accuracy. conciseness: The instruction is a single sentence, which is relatively concise. hallucination: The instruction does not mention any objects, hazards, or directions that are not present in the image or cues."
suwon,"context-v1, no echo",000096,1,1,3,4,5,"The knee's right-hand, keep walking forward steadily.","Free space: left=partly blocked, centre=partly blocked, right=blocked. Obstacles: none detected.","safety: The instruction does not mention any hazards and does not guide the pedestrian away from obstacles. actionability: The instruction is vague and does not specify a clear action or direction. spatial_accuracy: The instruction does not mention any spatial information, so it cannot be evaluated for spatial accuracy. conciseness: The instruction is a single sentence, which is concise. hallucination: The instruction does not mention any objects, hazards, or directions that are not present in the image or cues."
suwon,"context-v1, no echo",000100,1,1,1,2,1,"The action splits ahead
Ahead
<tool_call>
 addCriterion>()","Free space: left=clear, centre=partly blocked, right=blocked. Obstacles: motorcycle (centre, mid); person (left, far); person (left, far); person (left, far).","safety: The instruction does not mention any hazards and does not guide the pedestrian away from obstacles. actionability: The instruction lacks a concrete verb and a clear direction, making it unclear what action to take. spatial_accuracy: The instruction does not mention any specific sides or distances, making it unclear where to go. conciseness: The instruction is a single sentence, but it does not provide enough information to be clear and concise. hallucination: The instruction mentions 'action splits ahead' but does not specify any objects or hazards, which are not present in the image."
suwon,"context-v1, no echo",000104,1,2,3,1,3,"The car is partly in front of you. Step diagonally ahead
(di
 addCriterion( 有一些文本模式","Free space: left=blocked, centre=clear, right=partly blocked. Obstacles: car (left, near); person (right, mid); person (right, far); person (centre, far).","safety: The instruction directs the pedestrian into the path of the car, which is a safety hazard. actionability: The instruction is vague and does not specify a clear action, only a direction. spatial_accuracy: The instruction mentions the car being partly in front of the pedestrian, but does not specify the distance or angle, which is crucial for safe navigation. conciseness: The instruction is cut off mid-sentence, making it unclear and potentially confusing. hallucination: The instruction mentions the car and the pedestrian, but does not mention any other objects or hazards in the scene."
suwon,"context-v1, no echo",000108,3,1,1,2,5,Aim slightly right.,"Free space: left=clear, centre=clear, right=partly blocked. Obstacles: person (right, mid); person (centre, far).","safety: The instruction does not mention any immediate hazards, but it does not direct the pedestrian into a danger either. actionability: The instruction is vague and does not specify a clear action or direction. spatial_accuracy: The instruction does not specify a distance or side, making it unclear where to aim. conciseness: The instruction is brief but lacks specific details about the action or direction. hallucination: The instruction does not mention any objects, hazards, or directions that are not present in the image."
suwon,"context-v1, no echo",000112,1,3,3,4,5,A cyclist and motorcycle ahead of you. Keep walking forward steadily.,"Free space: left=partly blocked, centre=clear, right=partly blocked. Obstacles: person (centre, mid); bicycle (centre, mid); person (left, far); motorcycle (left, far).","safety: The instruction does not mention any immediate hazards and does not guide the pedestrian away from the cyclist and motorcycle, which are in the path ahead. actionability: The instruction uses a concrete verb 'keep walking' and a body-relative direction 'forward', but it does not specify which side of the cyclist and motorcycle the pedestrian should walk. spatial_accuracy: The instruction does not mention the spatial accuracy of the cyclist and motorcycle, which are in the path ahead, but it does not mention any other objects or directions. conciseness: The instruction is concise, containing only one sentence. hallucination: The instruction mentions a cyclist and motorcycle, which are present in the image, but it does not mention any other objects or directions."
suwon,"context-v1, no echo",000116,5,5,3,4,3,"Two steps ahead, keep left.","Free space: left=clear, centre=clear, right=partly blocked. Obstacles: person (left, far); person (left, far); person (centre, far); person (centre, far).","safety: The instruction does not mention any immediate hazards and directs the pedestrian to keep left, which is safe given the clear free space ahead. actionability: The instruction is clear and concise, using a concrete verb and a body-relative direction. spatial_accuracy: The instruction states 'Two steps ahead,' which aligns with the free space ahead in the image, but it does not specify the side, which is a minor error. conciseness: The instruction is brief and to the point, containing only one sentence. hallucination: The instruction mentions 'Two steps ahead,' which is supported by the image, but it does not mention any objects or hazards."
suwon,"context-v1, no echo",000120,1,3,1,4,1,A cyclist rider is approaching aheadse. Move cautiously ahead.,"Free space: left=partly blocked, centre=partly blocked, right=blocked. Obstacles: person (right, near); motorcycle (centre, mid); person (centre, far); person (left, far).","safety: The instruction does not mention the cyclist, which is a safety-critical hazard. actionability: The instruction uses a concrete verb 'move' and a body-relative direction 'ahead', but it does not specify which side. spatial_accuracy: The instruction does not mention the side or distance of the cyclist, which is not clear from the image. conciseness: The instruction is concise, containing only one sentence. hallucination: The instruction mentions a cyclist, but there is no cyclist in the image."
suwon,"context-v1, no echo",000124,1,3,1,4,5,The person in front of you has slowed down. Keep walking forward steadily.,"Free space: left=clear, centre=clear, right=partly blocked. Obstacles: person (left, far); person (centre, far); person (right, far); person (centre, far).","safety: The instruction does not mention any immediate hazards and does not guide the pedestrian away from potential dangers. actionability: The instruction uses a concrete verb 'keep walking' and a body-relative direction 'forward', but it does not specify the distance or the side. spatial_accuracy: The instruction does not mention any specific side or distance, which is a critical element in navigation for blind pedestrians. conciseness: The instruction is concise, consisting of only two sentences. hallucination: The instruction does not mention any objects, hazards, or directions that are not supported by the image or cues."
suwon,"context-v1, no echo",000128,1,3,3,4,1,A cyclist is approaching aheadft of us. Please keep moving forward cautiously.,"Free space: left=partly blocked, centre=partly blocked, right=blocked. Obstacles: person (right, near); person (right, mid); car (centre, mid); person (centre, far).","safety: The instruction does not mention any immediate safety hazards, such as the cyclist approaching ahead, which is a critical safety concern for a blind pedestrian. actionability: The instruction uses a concrete verb 'keep moving forward' and a body-relative direction 'ahead', but it does not specify the distance or the speed, making it less actionable. spatial_accuracy: The instruction does not mention any spatial accuracy, as it does not specify the side or distance of the cyclist. conciseness: The instruction is concise, containing only one sentence. hallucination: The instruction mentions a cyclist, which is not present in the image or the sensor cues."
suwon,"context-v1, no echo",000132,3,3,3,4,3,The truck and pedestrians cautiously ahead. Move slowly ahead toward knee height caution.,"Free space: left=partly blocked, centre=partly blocked, right=partly blocked. Obstacles: truck (left, mid); person (centre, far); person (centre, far); car (centre, far).","safety: The instruction mentions the truck and pedestrians, which are the most immediate hazards, but it does not specify the action to take in response to these hazards. actionability: The instruction uses the verb 'move' and provides a body-relative direction 'ahead,' but it lacks a specific action to take in response to the hazards. spatial_accuracy: The instruction mentions the truck and pedestrians, which are correctly identified as obstacles, but it does not specify the distance or side of the road they are on. conciseness: The instruction is concise, containing only two sentences without any scene description. hallucination: The instruction mentions the truck and pedestrians, which are supported by the image and cues, but it does not mention the car or the person in the far background."
suwon,"context-v1, no echo",000136,1,1,1,2,5,"The kneeledge, keep walking forward steadily.","Free space: left=blocked, centre=blocked, right=clear. Obstacles: none detected.","safety: The instruction does not mention any hazards and does not guide the pedestrian away from obstacles. actionability: The instruction only provides a vague action without specifying a direction. spatial_accuracy: The instruction does not mention any specific sides or distances, making it unclear where to walk. conciseness: The instruction is a single sentence, but it lacks specific details and directions. hallucination: The instruction does not mention any objects, hazards, or directions that are not present in the image."
suwon,"context-v1, no echo",000140,1,3,3,4,3,The truck is partly behind you. Keep walking forward steadily.,"Free space: left=clear, centre=clear, right=partly blocked. Obstacles: shopping cart (right, near); truck (left, far); bicycle (left, far); car (centre, far).","safety: The instruction does not mention the truck, which is a relevant near hazard. actionability: The instruction uses a concrete verb 'keep walking' and a body-relative direction 'forward', but it is vague about the distance. spatial_accuracy: The instruction mentions the truck being partly behind the pedestrian, but it does not specify the distance or side, which is not clear from the image. conciseness: The instruction is brief and clear, containing only two sentences. hallucination: The instruction mentions the truck, which is supported by the image, but does not mention the bicycle or the shopping cart, which are not in the immediate vicinity."
suwon,"context-v1, no echo",000144,1,3,3,4,5,There's a motorcycle a bit closer ahead you. Keep walking forward steadily.,"Free space: left=clear, centre=clear, right=partly blocked. Obstacles: bicycle (left, mid); motorcycle (centre, mid); motorcycle (centre, mid); motorcycle (centre, mid).","safety: The instruction does not mention any immediate hazards and directs the pedestrian forward, which could lead to a collision with the motorcycle. actionability: The instruction uses a concrete verb 'keep walking' and a body-relative direction 'forward', but it does not specify which side of the pedestrian the motorcycle is located. spatial_accuracy: The instruction mentions a motorcycle ahead, but does not specify the distance or side, which could be misleading. conciseness: The instruction is brief and clear, containing only one sentence. hallucination: The instruction mentions a motorcycle ahead, which is supported by the image and the obstacle sensor cues."
suwon,"context-v1, no echo",000148,1,3,3,4,5,There's a motorcycle aheadft of us and a trash can nearby. Keep walking forward steadily.,"Free space: left=clear, centre=clear, right=partly blocked. Obstacles: motorcycle (centre, near); motorcycle (left, near); trash can (centre, mid); truck (left, far).","safety: The instruction does not mention the motorcycle ahead, which is a safety-critical hazard. actionability: The instruction uses the verb 'keep walking' but does not specify a body-relative direction. spatial_accuracy: The instruction mentions a motorcycle ahead and a trash can nearby, but the distance is not specified. conciseness: The instruction is concise, containing only two sentences. hallucination: The instruction mentions a motorcycle ahead and a trash can nearby, which are supported by the image."
suwon,"context-v1, no echo",000152,1,2,3,2,1,There's a motorcycle and motorcycles ahead微微. Continue forward steadily.,"Free space: left=clear, centre=clear, right=blocked. Obstacles: motorcycle (left, mid); car (left, mid); car (centre, far); car (centre, far).","safety: The instruction does not mention any hazards and does not guide the pedestrian away from the motorcycle, which is a safety concern. actionability: The instruction uses a vague verb 'continue' and does not specify a body-relative direction, making it unclear and less actionable. spatial_accuracy: The instruction mentions 'motorcycle and motorcycles ahead微微' but does not specify the distance or side, which is not accurate. conciseness: The instruction is too short and does not provide enough information to guide the pedestrian effectively. hallucination: The instruction mentions 'motorcycle and motorcycles ahead微微' but does not support the presence of motorcycles in the image."
suwon,"context-v1, no echo",000156,1,3,3,4,5,The car is ahead. Step forward slowly.,"Free space: left=blocked, centre=clear, right=clear. Obstacles: car (centre, far); car (centre, far); car (centre, far).","safety: The instruction does not mention any immediate hazards and does not guide the pedestrian away from the car, which is a safety concern. actionability: The instruction uses a concrete verb 'step' and a body-relative direction 'forward', but it lacks a specific distance or landmark to guide the pedestrian. spatial_accuracy: The instruction mentions the car ahead, but does not specify the distance or whether it is close enough to be a hazard. conciseness: The instruction is brief and clear, containing only one sentence. hallucination: The instruction mentions the car ahead, which is supported by the image and the cues."
suwon,"context-v1, no echo",000160,1,2,3,4,3,The truck is partly behind and ahead. Keep walking forward steadily.,"Free space: left=partly blocked, centre=partly blocked, right=partly blocked. Obstacles: truck (right, far); motorcycle (centre, far); car (centre, far).","safety: The instruction does not mention the truck as a hazard, which is a safety-critical obstacle. actionability: The instruction uses a vague verb 'keep walking' and does not specify a body-relative direction. spatial_accuracy: The instruction mentions the truck being partly behind and partly ahead, but does not specify the distance or side, which is not accurate. conciseness: The instruction is brief and does not contain any unnecessary details. hallucination: The instruction mentions the truck, which is supported by the image, but does not mention the motorcycle or car, which are not in the immediate vicinity."
suwon,"context-v1, no echo",000164,1,3,1,5,3,The car is parked parked. Keep walking forward steadily.,"Free space: left=clear, centre=blocked, right=clear. Obstacles: truck (right, far); car (centre, far).","safety: The instruction does not mention any hazards and does not guide the pedestrian away from the parked car, which is a safety concern. actionability: The instruction uses the verb 'keep walking' but does not specify a direction, making it unclear what action the pedestrian should take. spatial_accuracy: The instruction does not mention the car or any other obstacles, which is a spatial error. conciseness: The instruction is very brief, consisting of only one sentence, which is concise. hallucination: The instruction mentions a car, but does not mention any other objects or hazards in the image."
suwon,"context-v1, no echo",000168,1,1,1,1,5,"The right and aheadways
<|im_start|>
 addCriterion>()","Free space: left=clear, centre=blocked, right=clear. Obstacles: truck (right, mid); car (centre, far).","safety: The instruction does not mention any hazards or obstacles, which could be dangerous for a blind pedestrian. actionability: The instruction is vague and does not provide a clear verb or body-relative direction. spatial_accuracy: The instruction does not specify any spatial directions or distances, making it unclear where to go. conciseness: The instruction is too short and does not provide enough information for a blind pedestrian to navigate safely. hallucination: The instruction does not mention any objects, hazards, or directions that are not present in the image."
suwon,"context-v1, no echo",000172,1,3,1,4,5,"The centre ahead, keep walking forward steadily.","Free space: left=clear, centre=blocked, right=clear. Obstacles: none detected.","safety: The instruction does not mention any hazards and does not guide the pedestrian away from obstacles. actionability: The instruction uses a concrete verb 'walk' and a body-relative direction 'forward', but it lacks a specific distance or landmark. spatial_accuracy: The instruction does not mention any specific side or distance, which is not supported by the image or cues. conciseness: The instruction is a single sentence, which is concise. hallucination: The instruction does not mention any objects, hazards, or directions that are not supported by the image or cues."
suwon,"context-v1, no echo",000176,3,4,2,4,5,There's someone and likely vehicles near you ahead. Move cautiously ahead.,"Free space: left=partly blocked, centre=partly blocked, right=blocked. Obstacles: person (centre, near); car (right, near); person (left, mid); car (centre, far).","safety: The instruction mentions a person and vehicles ahead, which are relevant hazards, but does not specify which side or distance they are located, making it unclear how to avoid them. actionability: The instruction uses the verb 'move' and provides a relative direction 'ahead', which is clear and actionable. spatial_accuracy: The instruction does not specify the side or distance of the person and vehicles, which are not spatially accurate. conciseness: The instruction is brief and to the point, containing only one sentence. hallucination: The instruction mentions a person and vehicles, which are supported by the image and cues."
suwon,"context-v1, no echo",000180,1,3,1,4,3,"The car is near, keep walking forward steadily.","Free space: left=clear, centre=clear, right=clear. Obstacles: car (left, far); car (right, far); person (centre, far); car (centre, far).","safety: The instruction does not mention any immediate hazards and directs the pedestrian forward, which could lead to a collision with the car. actionability: The instruction uses a concrete verb 'keep walking' and a body-relative direction 'forward', but it lacks precision in terms of distance or angle. spatial_accuracy: The instruction does not mention the car, which is a relevant obstacle in the scene. conciseness: The instruction is brief and clear, containing only one sentence. hallucination: The instruction mentions a car, which is present in the image, but does not mention any other objects or hazards."
suwon,"context-v1, no echo",000184,1,3,1,4,5,A car is directly ahead. Walk forward.,"Free space: left=clear, centre=clear, right=clear. Obstacles: car (left, near); person (centre, mid); car (centre, far); car (centre, far).","safety: The instruction does not mention the car ahead, which is a safety-critical hazard. actionability: The instruction only provides a verb but lacks a clear direction. spatial_accuracy: The instruction does not mention the car's position, which is a relevant near hazard. conciseness: The instruction is brief and clear, focusing on the action. hallucination: The instruction mentions a car, which is supported by the image and cues."
suwon,"context-v1, no echo",000188,5,5,3,4,5,A person is near directly ahead. Walk carefully.,"Free space: left=partly blocked, centre=clear, right=clear. Obstacles: person (centre, near); car (left, near); car (centre, mid); trash can (right, mid).","safety: The instruction warns the pedestrian to walk carefully, which is appropriate given the presence of a person near directly ahead. actionability: The instruction uses a concrete verb 'walk' and a body-relative direction 'ahead', making it clear and actionable. spatial_accuracy: The instruction mentions 'directly ahead', which aligns with the image and the cues provided. conciseness: The instruction is brief and to the point, containing only one sentence. hallucination: The instruction mentions a person, which is supported by the image and the cues provided."
suwon,"context-v1, no echo",000192,1,3,3,4,5,There's a car partly blocking the right side. Walk straight ahead.,"Free space: left=clear, centre=clear, right=partly blocked. Obstacles: car (right, mid); car (centre, far); person (centre, far); car (left, far).","safety: The instruction does not mention the car partly blocking the right side, which is a safety-critical hazard. actionability: The instruction uses a concrete verb 'walk' and a body-relative direction 'straight ahead', but it does not specify which side to walk on. spatial_accuracy: The instruction mentions 'walk straight ahead', but it does not specify which side to walk on, which is a crucial detail. conciseness: The instruction is brief and clear, containing only one sentence. hallucination: The instruction mentions a car partly blocking the right side, which is a supported object in the image."
suwon,"context-v1, no echo",000196,1,3,3,4,5,A person is near on your left. Move forward.,"Free space: left=clear, centre=clear, right=partly blocked. Obstacles: person (left, near); car (left, mid); car (centre, far); person (centre, far).","safety: The instruction does not mention the person near on the left, which is a safety-critical hazard. actionability: The instruction uses a concrete verb 'Move' and a body-relative direction 'forward', but it is vague as it does not specify the distance or the path. spatial_accuracy: The instruction mentions 'left', but does not specify the distance or the path, which could be misleading. conciseness: The instruction is brief and clear, containing only one sentence. hallucination: The instruction mentions a person and a car, which are supported by the image and cues."
suwon,"context-v1, no echo",000200,1,3,3,4,5,A person is near on your left. Move forward.,"Free space: left=clear, centre=clear, right=blocked. Obstacles: person (left, near); car (left, near); car (left, mid); person (centre, far).","safety: The instruction does not mention the person on the left, which is a safety-critical hazard. actionability: The instruction uses a concrete verb 'move' and a body-relative direction 'left', but it is vague about the distance. spatial_accuracy: The instruction mentions a person on the left, but does not specify the distance, which is not clear from the image. conciseness: The instruction is brief and clear, containing only one sentence. hallucination: The instruction mentions a person on the left, which is supported by the image and cues."
suwon,"context-v1, no echo",000204,1,3,3,4,5,"Two steps ahead, there's a person. Continue straight.","Free space: left=blocked, centre=blocked, right=clear. Obstacles: person (centre, near); person (right, mid); person (right, mid); person (left, far).","safety: The instruction directs the pedestrian into a hazardous area where there is a person ahead, which could lead to a collision. actionability: The instruction uses a concrete verb 'continue' and a body-relative direction 'straight', but it does not specify which side of the pedestrian to continue straight. spatial_accuracy: The instruction states 'two steps ahead', but the person is not two steps ahead; it is closer, which could be misleading. conciseness: The instruction is concise, containing only two sentences. hallucination: The instruction mentions a person ahead, which is supported by the image and cues."
suwon,"context-v1, no echo",000208,3,3,3,4,3,There's a person on your left. Move slightly to the right.,"Free space: left=blocked, centre=partly blocked, right=partly blocked. Obstacles: person (right, near); person (left, near); person (left, near); person (centre, mid).","safety: The instruction directs the pedestrian to move slightly to the right, which avoids the person on the left, but does not mention the person on the right, which is a relevant near hazard. actionability: The instruction uses a concrete verb 'move' and a body-relative direction 'to the right', but it is vague as it does not specify how far to move. spatial_accuracy: The instruction mentions the left side correctly but does not specify the distance, which is partly blocked by people. It does not mention the right side, which is also partly blocked by people. conciseness: The instruction is concise, consisting of one sentence. hallucination: The instruction mentions a person on the left and directs the pedestrian to move to the right, which is supported by the image. However, it does not mention the person on the right, which is a relevant near hazard."
suwon,"context-v1, no echo",000212,1,3,1,4,5,There's a person directly ahead. Cross the street.,"Free space: left=partly blocked, centre=clear, right=partly blocked. Obstacles: person (right, mid); person (left, mid); person (left, mid); person (right, far).","safety: The instruction does not mention any immediate hazards and does not guide the pedestrian away from them. actionability: The instruction uses a concrete verb 'cross' and a body-relative direction 'ahead', but it does not specify which side of the street. spatial_accuracy: The instruction does not specify the side of the street, which is crucial for a blind pedestrian. conciseness: The instruction is brief and clear, containing only one sentence. hallucination: The instruction mentions a person directly ahead, which is supported by the image and cues."
suwon,"context-v1, no echo",000216,3,3,3,4,5,"Two steps ahead, there's a person. Move slowly.","Free space: left=partly blocked, centre=clear, right=partly blocked. Obstacles: person (right, mid); person (centre, mid); person (left, far); car (left, far).","safety: The instruction directs the pedestrian to move slowly, which is a safe action but does not mention the person ahead, which is a relevant near hazard. actionability: The instruction uses a concrete verb 'move' and a body-relative direction 'ahead', but it is vague as it does not specify which side. spatial_accuracy: The instruction states 'Two steps ahead', which matches the image, but it does not specify which side, which is a partial error. conciseness: The instruction is concise, containing only one sentence. hallucination: The instruction mentions a person ahead, which is supported by the image and cues."
suwon,"context-v1, no echo",000220,5,5,3,4,5,The path ahead is blocked. Move to the left.,"Free space: left=partly blocked, centre=blocked, right=blocked. Obstacles: person (right, near); person (centre, near); person (left, mid); person (left, mid).","safety: The instruction directs the pedestrian to move left, which avoids the immediate obstacle on the right. actionability: The instruction uses a concrete verb 'move' and a clear direction 'left', making it actionable. spatial_accuracy: The instruction suggests moving left, which aligns with the image showing a person on the right side of the path. conciseness: The instruction is brief and to the point, containing only one sentence. hallucination: The instruction mentions moving left and avoids any unsupported objects or directions."
suwon,"context-v1, no echo",000224,1,3,3,4,5,There's a person directly ahead. Move forward.,"Free space: left=clear, centre=clear, right=blocked. Obstacles: person (right, near); person (left, mid); person (centre, mid); person (centre, mid).","safety: The instruction does not mention any immediate hazards and directs the pedestrian forward, which could lead to collision with the person ahead. actionability: The instruction uses a concrete verb 'move' and a body-relative direction 'forward', but it does not specify the distance or the side. spatial_accuracy: The instruction does not specify the side or distance, which could be misleading given the presence of people ahead. conciseness: The instruction is brief and clear, containing only one sentence. hallucination: The instruction mentions a person ahead, which is supported by the image and cues."
suwon,"context-v1, no echo",000228,1,3,3,4,5,A person is directly ahead. Move forward.,"Free space: left=blocked, centre=blocked, right=blocked. Obstacles: person (centre, near); person (left, near); person (centre, far); person (centre, far).","safety: The instruction does not mention any immediate hazards and directs the pedestrian forward, which could lead to a collision with the person directly ahead. actionability: The instruction uses a concrete verb 'Move' and a body-relative direction 'forward', but it does not specify which side or distance the person should move. spatial_accuracy: The instruction does not mention any specific side or distance, but it correctly states that a person is directly ahead. conciseness: The instruction is brief and clear, containing only one sentence. hallucination: The instruction mentions a person directly ahead, which is supported by the image and the cues."
suwon,"context-v1, no echo",000232,1,3,1,4,5,A person is near on your left. Walk straight ahead.,"Free space: left=blocked, centre=clear, right=partly blocked. Obstacles: person (left, near); person (centre, far); person (centre, far).","safety: The instruction does not mention the person on the left, which is a safety-critical hazard. actionability: The instruction uses a concrete verb 'walk' and a body-relative direction 'straight ahead', but it does not specify the distance. spatial_accuracy: The instruction does not mention the person on the left, which is a relevant near hazard. conciseness: The instruction is concise, consisting of two short sentences. hallucination: The instruction mentions a person on the left, which is supported by the image and cues."
suwon,"context-v1, no echo",000236,1,5,5,4,5,The person is ahead and to the right. Move forward.,"Free space: left=clear, centre=clear, right=blocked. Obstacles: person (centre, far).","safety: The instruction directs the pedestrian into a potentially dangerous situation by not mentioning the person ahead who is a relevant near hazard. actionability: The instruction is clear and concise, providing a concrete verb and a body-relative direction. spatial_accuracy: The instruction mentions the person ahead and to the right, which matches the image and cues. conciseness: The instruction is brief and to the point, containing only two sentences. hallucination: The instruction mentions a person ahead and to the right, which is supported by the image and cues."
suwon,"context-v1, no echo",000240,1,2,1,4,5,There's a person ahead. Walk straight.,"Free space: left=clear, centre=clear, right=blocked. Obstacles: person (centre, far); person (centre, far).","safety: The instruction does not mention the person ahead, which is a safety-critical hazard. actionability: The instruction only provides a vague direction without specifying a body-relative direction. spatial_accuracy: The instruction does not mention the person ahead, which is a relevant near hazard. conciseness: The instruction is very brief and only mentions one element. hallucination: The instruction mentions a person ahead, which is supported by the image and cues."
suwon,"context-v1, no echo",000244,1,5,3,4,5,The path is clear ahead. Continue straight.,"Free space: left=partly blocked, centre=clear, right=blocked. Obstacles: none detected.","safety: The instruction does not mention any potential hazards, such as obstacles or uneven surfaces, which could be dangerous for a blind pedestrian. actionability: The instruction is clear and concise, providing a concrete action (continue straight) and a body-relative direction (ahead). spatial_accuracy: The instruction does not mention any specific sides or distances, but it is clear that the path is straight ahead, which matches the image and the free space cue. conciseness: The instruction is brief and to the point, consisting of only one sentence. hallucination: The instruction does not mention any objects, hazards, or directions that are not supported by the image or cues."
suwon,"context-v1, no echo",000248,1,5,3,4,5,The way ahead is clear. Continue straight.,"Free space: left=blocked, centre=clear, right=blocked. Obstacles: none detected.","safety: The instruction does not mention any potential hazards, such as the narrow alley or the person bending down, which could pose a risk. actionability: The instruction is clear and concise, providing a concrete action and direction. spatial_accuracy: The instruction does not mention any specific sides or distances, but it is clear that the way ahead is clear. conciseness: The instruction is brief and to the point, consisting of only one sentence. hallucination: The instruction does not mention any objects, hazards, or directions that are not present in the image."
suwon,"context-v1, no echo",000252,1,5,3,4,5,The path is clear ahead. Continue straight.,"Free space: left=partly blocked, centre=clear, right=blocked. Obstacles: none detected.","safety: The instruction does not mention any potential hazards, such as the blocked areas on the left and right sides. actionability: The instruction is clear and concise, providing a concrete action and direction. spatial_accuracy: The instruction does not mention any specific sides or distances, but it is clear that the path is straight ahead. conciseness: The instruction is brief and to the point, consisting of only one sentence. hallucination: The instruction does not mention any objects, hazards, or directions that are not present in the image or cues."
suwon,"context-v1, no echo",000256,3,4,3,4,5,The way ahead is clear. Continue straight.,"Free space: left=blocked, centre=clear, right=blocked. Obstacles: person (centre, far).","safety: The instruction does not mention any hazards, but it does not direct the person into a hazard either. actionability: The instruction uses a concrete verb 'continue' and a body-relative direction 'straight', but it does not specify the body part. spatial_accuracy: The instruction does not mention any specific sides or distances, but it does not contradict the image or cues. conciseness: The instruction is brief and clear, containing only one sentence. hallucination: The instruction mentions 'the way ahead' and 'continue straight', which are supported by the image and cues."
suwon,"context-v1, no echo",000260,1,5,3,4,5,The path ahead is clear. Walk forward.,"Free space: left=blocked, centre=clear, right=partly blocked. Obstacles: person (centre, far).","safety: The instruction does not mention any potential hazards, such as the person in the distance, which could pose a risk to the blind pedestrian. actionability: The instruction is clear and concise, providing a concrete action (walk forward) without any ambiguity. spatial_accuracy: The instruction does not mention any specific sides or distances, but it is clear that the path ahead is clear, which aligns with the image cues. conciseness: The instruction is brief and to the point, consisting of only one sentence. hallucination: The instruction does not mention any objects, hazards, or directions that are not supported by the image or cues."
suwon,"context-v1, no echo",000264,3,5,3,4,5,The way ahead is clear. Walk forward.,"Free space: left=blocked, centre=clear, right=clear. Obstacles: person (centre, far); person (centre, far); person (centre, far).","safety: The instruction does not mention any immediate hazards, but the person ahead is a potential obstacle. actionability: The instruction is clear and concise, directing the pedestrian to walk forward. spatial_accuracy: The instruction does not specify a side or distance, but the path ahead is clear. conciseness: The instruction is brief and to the point, consisting of one sentence. hallucination: The instruction mentions 'the way ahead' but does not include any unsupported objects or directions."
suwon,"context-v1, no echo",000268,1,3,1,4,5,"Two steps ahead, there's a person. Move forward.","Free space: left=clear, centre=clear, right=blocked. Obstacles: person (left, far); person (centre, far); person (centre, far); person (centre, far).","safety: The instruction directs the pedestrian into the path of a person who is ahead, which could be dangerous. actionability: The instruction uses a concrete verb 'move forward' and a body-relative direction 'ahead', but it lacks precision in terms of distance or angle. spatial_accuracy: The instruction states 'Two steps ahead', but the image shows a person further away than two steps, indicating a spatial inaccuracy. conciseness: The instruction is concise, containing only two sentences. hallucination: The instruction mentions a person ahead, which is supported by the image and cues."
suwon,"context-v1, no echo",000272,1,3,3,4,5,A person is directly ahead. Move slowly.,"Free space: left=partly blocked, centre=blocked, right=partly blocked. Obstacles: person (centre, near); person (centre, mid); person (centre, far); person (left, far).","safety: The instruction does not mention any immediate hazards and does not guide the pedestrian away from them. actionability: The instruction uses a concrete verb 'move' and a body-relative direction 'ahead', but it is vague and does not specify the speed or the distance. spatial_accuracy: The instruction does not mention any specific side or distance, but it correctly states that a person is directly ahead. conciseness: The instruction is brief and clear, containing only one sentence. hallucination: The instruction mentions a person directly ahead, which is supported by the image and the cues."
suwon,"context-v1, no echo",000276,1,3,3,4,5,A person is directly ahead. Walk carefully.,"Free space: left=partly blocked, centre=partly blocked, right=partly blocked. Obstacles: person (centre, near); person (centre, far); person (left, far); person (centre, far).","safety: The instruction does not mention any immediate hazards and does not guide the pedestrian away from them. actionability: The instruction uses a concrete verb 'walk' and a body-relative direction 'ahead', but it does not specify the distance or the side. spatial_accuracy: The instruction mentions 'a person is directly ahead', but it does not specify the distance or the side, which is not clear from the image. conciseness: The instruction is brief and clear, containing only one sentence. hallucination: The instruction mentions 'a person is directly ahead', which is supported by the image and the cues."
suwon,"context-v1, no echo",000280,1,3,3,4,5,A person is directly ahead. Move slowly.,"Free space: left=partly blocked, centre=partly blocked, right=partly blocked. Obstacles: person (centre, near); person (right, mid); person (centre, mid); person (left, far).","safety: The instruction does not mention any immediate hazards and does not guide the pedestrian away from them. actionability: The instruction uses a concrete verb 'move' and a body-relative direction 'ahead', but it is vague and does not specify the speed. spatial_accuracy: The instruction does not mention any specific side or distance, only that a person is ahead. conciseness: The instruction is brief and clear, containing only one sentence. hallucination: The instruction mentions a person ahead, which is supported by the image and cues."
suwon,"context-v1, no echo",000284,1,2,1,3,3,"Two steps ahead, there's a person. Move forward.","Free space: left=clear, centre=clear, right=blocked. Obstacles: person (centre, far); person (right, far); person (centre, far); person (centre, far).","safety: The instruction directs the pedestrian into a hazardous area where there is a person ahead, which could lead to a collision. actionability: The instruction is vague and does not specify a clear action or direction, making it difficult to follow. spatial_accuracy: The instruction mentions 'two steps ahead,' but the image shows a person far ahead, not two steps. conciseness: The instruction is brief but lacks clear spatial information and action, making it unclear and potentially unsafe. hallucination: The instruction mentions a person ahead, which is supported by the image, but does not mention any other objects or hazards."
suwon,"context-v1, no echo",000288,3,3,3,4,5,"Two steps ahead, there's a person. Move slowly.","Free space: left=clear, centre=clear, right=blocked. Obstacles: person (left, far); person (left, far); person (centre, far); person (left, far).","safety: The instruction directs the pedestrian to move slowly, which is a safe action but does not mention the person ahead, which is a relevant near hazard. actionability: The instruction uses a concrete verb 'move' and a body-relative direction 'ahead', but it is vague as it does not specify which side. spatial_accuracy: The instruction states 'two steps ahead', which matches the image and cues, but it does not specify the side. conciseness: The instruction is brief and clear, containing only one sentence. hallucination: The instruction mentions a person ahead, which is supported by the image and cues."
suwon,"context-v1, no echo",000292,1,2,1,4,5,A person is directly ahead. Move forward.,"Free space: left=clear, centre=clear, right=blocked. Obstacles: person (right, mid); person (right, far).","safety: The instruction does not mention the person directly ahead, which is a safety-critical hazard. actionability: The instruction only provides a vague direction without specifying a body-relative direction. spatial_accuracy: The instruction does not mention the person directly ahead, which is a relevant near hazard. conciseness: The instruction is concise, containing only one sentence. hallucination: The instruction mentions a person directly ahead, which is supported by the image and cues."
suwon,"context-v2, no echo",000000,3,5,5,4,5,Continue walking. There's a person ahead and to the right.,"Free space: left=partly blocked, centre=partly blocked, right=partly blocked. Obstacles: person (right, mid); person (right, mid); person (centre, far); person (left, far).","safety: The instruction does not mention any immediate hazards, but it does not direct the pedestrian into a potential danger either. actionability: The instruction uses a concrete verb 'Continue walking' and provides a body-relative direction 'ahead and to the right', which is clear and actionable. spatial_accuracy: The instruction mentions a person ahead and to the right, which matches the image and the cues provided. conciseness: The instruction is concise, containing only two sentences without any unnecessary details. hallucination: The instruction mentions a person ahead and to the right, which is supported by the image and the cues provided."
suwon,"context-v2, no echo",000004,5,5,3,4,5,Continue walking. There's a person far ahead on the right.,"Free space: left=partly blocked, centre=partly blocked, right=partly blocked. Obstacles: person (right, far); person (right, far); person (centre, far); person (right, far).","safety: The instruction does not mention any immediate hazards and directs the pedestrian to continue walking, which is safe. actionability: The instruction uses a concrete verb 'Continue walking' and a body-relative direction 'ahead', making it actionable. spatial_accuracy: The instruction mentions a person far ahead on the right, which matches the image and cues. conciseness: The instruction is concise, containing only two sentences. hallucination: The instruction mentions a person far ahead on the right, which is supported by the image and cues."
suwon,"context-v2, no echo",000008,1,5,3,4,5,Continue walking. There are people ahead and to the right.,"Free space: left=partly blocked, centre=partly blocked, right=partly blocked. Obstacles: person (left, mid); person (right, mid); person (right, mid); person (right, far).","safety: The instruction does not mention any immediate hazards, such as pedestrians or obstacles, which could pose a risk to the blind pedestrian. actionability: The instruction uses a concrete verb 'Continue walking' and provides a body-relative direction 'ahead and to the right', which is clear and actionable. spatial_accuracy: The instruction mentions 'ahead and to the right', which aligns with the image, but it does not specify the distance, which could be misleading. conciseness: The instruction is concise, containing only two sentences without any unnecessary details. hallucination: The instruction mentions 'people ahead and to the right', which is supported by the image and the cues."
suwon,"context-v2, no echo",000012,1,3,1,4,1,Continue walking. There's a person ahead on your right.,"Free space: left=partly blocked, centre=partly blocked, right=partly blocked. Obstacles: person (right, mid); person (left, mid); person (right, far); person (centre, far).","safety: The instruction does not mention any immediate hazards and directs the pedestrian into a crowded area, which could be dangerous for a blind pedestrian. actionability: The instruction uses a concrete verb 'Continue walking' and a body-relative direction 'ahead', but it does not specify the distance or the side, making it less actionable. spatial_accuracy: The instruction mentions a person ahead on the right, but the image shows a person ahead on the left, indicating a spatial inaccuracy. conciseness: The instruction is concise, containing only two sentences without any additional scene description. hallucination: The instruction mentions a person ahead on the right, but the image shows a person ahead on the left, indicating a hallucination."
suwon,"context-v2, no echo",000016,3,5,5,4,5,Continue walking. There's a person ahead and to the right.,"Free space: left=partly blocked, centre=partly blocked, right=partly blocked. Obstacles: person (right, mid); person (right, mid); person (right, mid); person (centre, far).","safety: The instruction does not mention any immediate hazards, but it does not direct the person into a potential danger either. actionability: The instruction uses a concrete verb 'Continue walking' and provides a body-relative direction 'ahead and to the right', which is clear and actionable. spatial_accuracy: The instruction mentions a person ahead and to the right, which matches the image and the cues provided. conciseness: The instruction is concise, containing only two sentences without any unnecessary details. hallucination: The instruction mentions a person ahead and to the right, which is supported by the image and the cues provided."
suwon,"context-v2, no echo",000020,3,5,5,4,5,Continue. There's a person ahead and to the right.,"Free space: left=clear, centre=clear, right=partly blocked. Obstacles: person (right, mid); person (right, mid); person (centre, far); person (centre, far).","safety: The instruction does not mention any immediate hazards, but it does not direct the person into a potential danger either. actionability: The instruction uses a concrete verb 'Continue' and a body-relative direction 'ahead and to the right', which is clear and actionable. spatial_accuracy: The instruction mentions a person ahead and to the right, which matches the image and the cues provided. conciseness: The instruction is brief and to the point, containing only two sentences. hallucination: The instruction mentions a person ahead and to the right, which is supported by the image and the cues provided."
suwon,"context-v2, no echo",000024,3,5,5,4,5,Continue walking. There's a person ahead and to the right.,"Free space: left=partly blocked, centre=partly blocked, right=partly blocked. Obstacles: person (right, mid); person (right, far); person (centre, far); person (left, far).","safety: The instruction does not mention any immediate hazards, but it does not direct the person into a potential danger either. actionability: The instruction uses a concrete verb 'Continue walking' and provides a body-relative direction 'ahead and to the right', which is clear and actionable. spatial_accuracy: The instruction mentions a person ahead and to the right, which matches the image and the cues provided. conciseness: The instruction is concise, containing only two sentences without any unnecessary details. hallucination: The instruction mentions a person ahead and to the right, which is supported by the image and the cues provided."
suwon,"context-v2, no echo",000028,1,3,3,4,3,The centre is partly blocked. There's a trash can to your left. Continue walking.,"Free space: left=partly blocked, centre=partly blocked, right=blocked. Obstacles: trash can (left, near); person (centre, far); bus (left, far); person (centre, far).","safety: The instruction does not mention the trash can, which is a safety-critical hazard. actionability: The instruction uses a concrete verb 'continue walking' and a body-relative direction 'left', but it does not specify the distance or the next action. spatial_accuracy: The instruction mentions the trash can correctly, but it does not mention the bus or the person in the center, which are also important spatial elements. conciseness: The instruction is concise, containing only two sentences. hallucination: The instruction mentions the trash can, but does not mention the bus or the person in the center, which are present in the image."
suwon,"context-v2, no echo",000032,1,3,3,4,5,Continue walking. There's a person directly ahead.,"Free space: left=partly blocked, centre=partly blocked, right=partly blocked. Obstacles: person (left, mid); person (centre, mid); person (centre, mid); bus (left, far).","safety: The instruction does not mention any immediate hazards and does not guide the pedestrian away from them. actionability: The instruction uses a concrete verb 'Continue walking' and a body-relative direction 'ahead', but it does not specify the distance or the side. spatial_accuracy: The instruction mentions a person directly ahead, but it does not specify the distance or side, which could be misleading. conciseness: The instruction is brief and clear, containing only one sentence. hallucination: The instruction mentions a person directly ahead, which is supported by the image and cues."
suwon,"context-v2, no echo",000036,3,3,3,4,5,The centre is blocked. There's a person directly ahead. Stop.,"Free space: left=blocked, centre=blocked, right=partly blocked. Obstacles: person (left, near); person (centre, mid); person (centre, mid); person (right, far).","safety: The instruction warns about a person directly ahead, which is a relevant hazard, but it does not mention the center being blocked, which is a more immediate danger. actionability: The instruction uses a concrete verb 'stop' and a body-relative direction 'ahead', but it does not specify which side of the person to stop. spatial_accuracy: The instruction mentions the center being blocked and a person directly ahead, but it does not specify the distance or side of the person. conciseness: The instruction is concise, containing only two sentences without any scene description. hallucination: The instruction mentions a person directly ahead and the center being blocked, which are supported by the image and cues."
suwon,"context-v2, no echo",000040,1,2,3,3,5,Continue walking. There's a person close ahead.,"Free space: left=blocked, centre=partly blocked, right=partly blocked. Obstacles: person (left, near); person (centre, near); person (centre, mid); person (centre, mid).","safety: The instruction does not mention any immediate safety hazards, such as the person close ahead, which could pose a risk to the blind pedestrian. actionability: The instruction only provides a vague action without specifying a direction, making it unclear what the blind pedestrian should do. spatial_accuracy: The instruction mentions a person close ahead, but does not specify the distance or side, which could be misleading. conciseness: The instruction is brief but lacks specific spatial information, making it somewhat vague. hallucination: The instruction mentions a person close ahead, which is supported by the image and cues."
suwon,"context-v2, no echo",000044,1,3,3,4,5,Continue walking. There's a person directly ahead.,"Free space: left=blocked, centre=clear, right=partly blocked. Obstacles: person (left, mid); person (centre, mid); person (centre, mid); person (left, mid).","safety: The instruction does not mention any immediate hazards and does not guide the pedestrian away from a potential obstacle. actionability: The instruction uses a concrete verb 'Continue walking' and a body-relative direction 'ahead', but it does not specify the distance or the side. spatial_accuracy: The instruction mentions a person directly ahead, but it does not specify the distance or the side, which could be misleading. conciseness: The instruction is brief and clear, containing only one sentence. hallucination: The instruction mentions a person directly ahead, which is supported by the image and the cues."
suwon,"context-v2, no echo",000048,1,3,3,4,5,Continue. There's a person ahead and to the right.,"Free space: left=clear, centre=partly blocked, right=blocked. Obstacles: person (right, near); person (centre, near); person (centre, near); person (left, mid).","safety: The instruction does not mention the person ahead, which is a safety-critical hazard. actionability: The instruction uses a concrete verb 'Continue' and a body-relative direction 'ahead and to the right', but it does not specify the distance or the number of steps. spatial_accuracy: The instruction mentions a person ahead and to the right, but it does not specify the distance or the number of steps, which could be misleading. conciseness: The instruction is concise, consisting of two sentences without any scene description. hallucination: The instruction mentions a person ahead and to the right, which is supported by the image and cues."
suwon,"context-v2, no echo",000052,5,5,5,4,5,STOP. There's a person directly ahead.,"Free space: left=partly blocked, centre=blocked, right=blocked. Obstacles: person (centre, near); person (centre, near); person (right, near); car (left, far).","safety: The instruction clearly warns of a person directly ahead, which is a critical safety hazard for a blind pedestrian. actionability: The instruction uses a concrete verb 'STOP' and a clear direction 'ahead', making it actionable. spatial_accuracy: The instruction states 'directly ahead', which matches the image and the cues provided. conciseness: The instruction is brief and to the point, containing only two sentences. hallucination: The instruction mentions a person directly ahead, which is supported by the image and the cues provided."
suwon,"context-v2, no echo",000056,5,5,5,5,5,STOP. There's a person directly ahead.,"Free space: left=partly blocked, centre=blocked, right=blocked. Obstacles: person (centre, near); person (right, near); car (left, far); car (centre, far).","safety: The instruction clearly warns of a person directly ahead, which is a critical safety hazard for a blind pedestrian. actionability: The instruction uses a concrete verb 'STOP' and a clear direction 'ahead', making it actionable. spatial_accuracy: The instruction states 'directly ahead', which matches the image and the cues provided. conciseness: The instruction is brief and to the point, containing only one sentence. hallucination: The instruction mentions a person, which is supported by the image and the cues provided."
suwon,"context-v2, no echo",000060,1,2,3,4,3,"The person on the left is close, so please STOP.","Free space: left=blocked, centre=partly blocked, right=partly blocked. Obstacles: person (left, near); person (centre, mid); car (left, far); person (centre, far).","safety: The instruction does not mention any immediate safety hazards, such as the person on the left who is close, which could pose a risk of collision. actionability: The instruction only provides a vague action without specifying a direction, making it unclear what the pedestrian should do. spatial_accuracy: The instruction does not mention any spatial information, so it cannot be evaluated in terms of spatial accuracy. conciseness: The instruction is brief and clear, containing only one sentence. hallucination: The instruction mentions a person on the left who is close, but does not mention any other objects or hazards in the scene."
suwon,"context-v2, no echo",000064,5,5,3,4,5,Continue walking. There's a person far ahead in the center.,"Free space: left=clear, centre=clear, right=blocked. Obstacles: person (centre, far); person (centre, far); person (centre, far); person (centre, far).","safety: The instruction does not mention any immediate hazards and directs the pedestrian to continue walking, which is safe. actionability: The instruction uses a concrete verb 'Continue' and a body-relative direction 'ahead', making it actionable. spatial_accuracy: The instruction mentions a person far ahead in the center, which matches the image and cues. conciseness: The instruction is concise, containing only two sentences. hallucination: The instruction mentions a person far ahead in the center, which is supported by the image and cues."
suwon,"context-v2, no echo",000068,1,3,3,4,5,Continue walking. There's a bus far ahead and a person further down the street.,"Free space: left=blocked, centre=partly blocked, right=partly blocked. Obstacles: bus (centre, far); person (centre, far); person (centre, far); person (centre, far).","safety: The instruction does not mention any immediate hazards, such as the person walking ahead, which could pose a risk to the pedestrian. actionability: The instruction uses a concrete verb 'Continue walking' and provides a body-relative direction 'ahead', but it does not specify the distance or the side. spatial_accuracy: The instruction mentions a bus far ahead and a person further down the street, but the distance and side are not specified, which could lead to confusion. conciseness: The instruction is concise, consisting of two sentences without any unnecessary details. hallucination: The instruction mentions a bus and a person, which are supported by the image and cues."
suwon,"context-v2, no echo",000072,1,3,1,4,1,Continue. There's a person ahead and to the right.,"Free space: left=partly blocked, centre=partly blocked, right=partly blocked. Obstacles: person (right, mid); person (centre, mid); person (centre, mid); car (left, far).","safety: The instruction does not mention any immediate safety hazards, such as the person ahead who could be in the pedestrian's path. actionability: The instruction uses a concrete verb 'Continue' and a body-relative direction 'ahead and to the right', but it does not specify the distance or the exact location of the person. spatial_accuracy: The instruction mentions a person ahead and to the right, but the image shows a person in the center and to the right, not ahead. conciseness: The instruction is concise, containing only two sentences. hallucination: The instruction mentions a person ahead and to the right, but the image shows a person in the center and to the right, not ahead."
suwon,"context-v2, no echo",000076,4,4,3,4,5,The centre is partly blocked. Slow down and keep to the right.,"Free space: left=blocked, centre=partly blocked, right=partly blocked. Obstacles: person (centre, mid); bus (centre, far); car (left, far); car (left, far).","safety: The instruction warns about a partly blocked center, which is a relevant hazard, and advises to keep to the right, which is a safe action. actionability: The instruction uses a concrete verb 'slow down' and a body-relative direction 'to the right', making it actionable. spatial_accuracy: The instruction mentions the center as partly blocked and advises to keep to the right, which aligns with the image and cues. However, it does not specify the distance, which is a minor error. conciseness: The instruction is brief and to the point, containing only two sentences without any scene description. hallucination: The instruction mentions a partly blocked center and advises to keep to the right, which are both supported by the image and cues."
suwon,"context-v2, no echo",000080,1,3,3,4,5,Continue walking. There's a person far ahead on your left.,"Free space: left=clear, centre=partly blocked, right=blocked. Obstacles: person (left, far).","safety: The instruction does not mention the person far ahead, which is a safety-critical hazard. actionability: The instruction uses a concrete verb 'Continue walking' and a body-relative direction 'left', but it is vague about the distance. spatial_accuracy: The instruction mentions a person far ahead on the left, which matches the image and cues. conciseness: The instruction is concise, containing only two sentences. hallucination: The instruction mentions a person far ahead, which is supported by the image and cues."
suwon,"context-v2, no echo",000084,5,5,5,4,5,The centre is partly blocked. Slow down and keep to the left.,"Free space: left=partly blocked, centre=partly blocked, right=blocked. Obstacles: trash can (right, far).","safety: The instruction directs the pedestrian to keep to the left, which avoids the partly blocked center and the trash can on the right, ensuring safety. actionability: The instruction uses a concrete verb 'slow down' and a body-relative direction 'left', making it actionable. spatial_accuracy: The instruction correctly states that the center is partly blocked and directs the pedestrian to keep to the left, which aligns with the image and cues. conciseness: The instruction is brief and to the point, containing only two sentences without any unnecessary details. hallucination: The instruction mentions the partly blocked center and the trash can on the right, which are supported by the image and cues."
suwon,"context-v2, no echo",000088,5,5,3,4,5,The centre is blocked. There's a person directly ahead. Please stop.,"Free space: left=clear, centre=blocked, right=blocked. Obstacles: person (right, far); person (centre, far); person (centre, far).","safety: The instruction clearly warns about the person directly ahead, which is a safety-critical hazard. actionability: The instruction uses a concrete verb 'stop' and a body-relative direction 'ahead', making it actionable. spatial_accuracy: The instruction mentions the center and ahead, which aligns with the image and cues. conciseness: The instruction is brief and to the point, containing only two sentences. hallucination: The instruction mentions a person directly ahead, which is supported by the image and cues."
suwon,"context-v2, no echo",000092,5,5,5,4,5,STOP. There's a person directly ahead.,"Free space: left=partly blocked, centre=blocked, right=clear. Obstacles: person (left, far); person (right, far); person (right, far).","safety: The instruction directs the pedestrian to stop and mentions a person directly ahead, which is a safety-critical hazard. actionability: The instruction uses a concrete verb 'STOP' and a body-relative direction 'ahead', making it actionable. spatial_accuracy: The instruction mentions a person directly ahead, which matches the image and cues. conciseness: The instruction is brief and to the point, containing only one sentence. hallucination: The instruction mentions a person directly ahead, which is supported by the image and cues."
suwon,"context-v2, no echo",000096,1,1,1,2,1,Continue. There's a person far ahead on the right.,"Free space: left=partly blocked, centre=partly blocked, right=blocked. Obstacles: none detected.","safety: The instruction does not mention any hazards and does not guide the pedestrian away from obstacles. actionability: The instruction is vague and does not specify a clear action or direction. spatial_accuracy: The instruction mentions a person far ahead on the right, but there is no person visible in the image. conciseness: The instruction is brief but does not provide enough information to be actionable. hallucination: The instruction mentions a person far ahead on the right, but there is no person visible in the image."
suwon,"context-v2, no echo",000100,5,5,3,4,5,STOP. There's a motorcycle in the way.,"Free space: left=clear, centre=partly blocked, right=blocked. Obstacles: motorcycle (centre, mid); person (left, far); person (left, far); person (left, far).","safety: The instruction directs the pedestrian to stop and avoid the motorcycle, which is a safety-critical action. actionability: The instruction uses a concrete verb 'STOP' and a body-relative direction 'in the way', making it actionable. spatial_accuracy: The instruction mentions the motorcycle in the center, which matches the image and cues. conciseness: The instruction is brief and to the point, containing only one sentence. hallucination: The instruction mentions a motorcycle, which is supported by the image and cues."
suwon,"context-v2, no echo",000104,1,2,1,3,5,Continue. There's a person walking ahead.,"Free space: left=blocked, centre=clear, right=partly blocked. Obstacles: car (left, near); person (right, mid); person (right, far); person (centre, far).","safety: The instruction does not mention any immediate hazards and does not guide the pedestrian away from a potential obstacle. actionability: The instruction only provides a vague action without specifying a direction. spatial_accuracy: The instruction does not mention any specific side or distance, which is not supported by the image. conciseness: The instruction is brief but lacks specific spatial information. hallucination: The instruction mentions a person walking ahead, which is supported by the image."
suwon,"context-v2, no echo",000108,1,3,1,4,1,Continue. There's a person ahead and to the right.,"Free space: left=clear, centre=clear, right=partly blocked. Obstacles: person (right, mid); person (centre, far).","safety: The instruction does not mention the person ahead, which is a safety-critical hazard. actionability: The instruction uses the verb 'Continue' but does not specify a body-relative direction. spatial_accuracy: The instruction mentions a person ahead and to the right, but the person is not visible in the image. conciseness: The instruction is concise, containing only two sentences. hallucination: The instruction mentions a person ahead and to the right, but there is no person visible in the image."
suwon,"context-v2, no echo",000112,1,1,1,2,5,Continue. There's a person ahead.,"Free space: left=partly blocked, centre=clear, right=partly blocked. Obstacles: person (centre, mid); bicycle (centre, mid); person (left, far); motorcycle (left, far).","safety: The instruction does not mention any immediate hazards and does not guide the pedestrian away from the person ahead, which could be a safety concern. actionability: The instruction is vague and does not specify a clear action or direction, making it difficult for the pedestrian to follow. spatial_accuracy: The instruction does not specify a distance or side, which makes it unclear where the person ahead is located. conciseness: The instruction is brief but lacks specific details, making it unclear and potentially confusing. hallucination: The instruction mentions a person ahead, which is supported by the image and cues."
suwon,"context-v2, no echo",000116,5,5,5,5,5,Continue. There's a person far ahead on the left.,"Free space: left=clear, centre=clear, right=partly blocked. Obstacles: person (left, far); person (left, far); person (centre, far); person (centre, far).","safety: The instruction does not mention any immediate hazards and directs the pedestrian to continue, which is safe. actionability: The instruction uses a concrete verb 'Continue' and a body-relative direction 'left', making it actionable. spatial_accuracy: The instruction mentions a person far ahead on the left, which matches the image and cues. conciseness: The instruction is brief and to the point, containing only one sentence. hallucination: The instruction mentions a person far ahead on the left, which is supported by the image and cues."
suwon,"context-v2, no echo",000120,4,4,3,4,3,The centre is partly blocked. Slow down and keep to the left.,"Free space: left=partly blocked, centre=partly blocked, right=blocked. Obstacles: person (right, near); motorcycle (centre, mid); person (centre, far); person (left, far).","safety: The instruction directs the pedestrian to keep to the left, which is a safe action given the partly blocked center and the presence of a motorcycle and people in the center. actionability: The instruction uses a concrete verb 'slow down' and a body-relative direction 'left', making it actionable. spatial_accuracy: The instruction mentions the center being partly blocked and directs the pedestrian to keep to the left, which aligns with the image and cues. However, it does not mention the person on the right, which is a relevant near hazard. conciseness: The instruction is concise, containing only two sentences without any scene description. hallucination: The instruction mentions the motorcycle and the person on the right, which are supported by the image. However, it does not mention the person in the center, which is a relevant near hazard."
suwon,"context-v2, no echo",000124,1,2,1,3,1,Continue. There's a person far ahead on the right.,"Free space: left=clear, centre=clear, right=partly blocked. Obstacles: person (left, far); person (centre, far); person (right, far); person (centre, far).","safety: The instruction does not mention any immediate hazards and does not guide the pedestrian away from a potential danger. actionability: The instruction is vague and does not specify a clear action or direction. spatial_accuracy: The instruction mentions a person far ahead on the right, but the image shows a person far ahead on the left, indicating a spatial inaccuracy. conciseness: The instruction is brief but lacks specific action or direction. hallucination: The instruction mentions a person far ahead on the right, but the image shows a person far ahead on the left, indicating a hallucination."
suwon,"context-v2, no echo",000128,1,2,3,3,5,Continue. There's a person near on the right.,"Free space: left=partly blocked, centre=partly blocked, right=blocked. Obstacles: person (right, near); person (right, mid); car (centre, mid); person (centre, far).","safety: The instruction does not mention any immediate safety hazards, such as the person near on the right, which could pose a risk to the pedestrian. actionability: The instruction only provides a vague direction without specifying a concrete action, such as 'stop' or 'avoid'. spatial_accuracy: The instruction mentions a person near on the right, but does not specify the distance or the exact location, which could be misleading. conciseness: The instruction is brief but lacks specific action and spatial details, making it somewhat unclear. hallucination: The instruction mentions a person near on the right, which is supported by the image and cues."
suwon,"context-v2, no echo",000132,5,5,5,4,5,The truck is close ahead. Slow down and keep to the right.,"Free space: left=partly blocked, centre=partly blocked, right=partly blocked. Obstacles: truck (left, mid); person (centre, far); person (centre, far); car (centre, far).","safety: The instruction directs the pedestrian to slow down and keep to the right, which is a safe action given the presence of a truck ahead. actionability: The instruction uses a concrete verb 'slow down' and a body-relative direction 'to the right', making it actionable. spatial_accuracy: The instruction mentions the truck ahead and tells the pedestrian to keep to the right, which matches the image and cues. conciseness: The instruction is brief and to the point, containing only two sentences. hallucination: The instruction mentions the truck and the action of slowing down and keeping to the right, which are both supported by the image and cues."
suwon,"context-v2, no echo",000136,1,2,1,4,1,Continue. There's a person approaching ahead.,"Free space: left=blocked, centre=blocked, right=clear. Obstacles: none detected.","safety: The instruction does not mention any potential hazards, such as the approaching person, which could pose a risk to the blind pedestrian. actionability: The instruction only provides a vague action without specifying a direction, making it unclear what the blind pedestrian should do. spatial_accuracy: The instruction does not mention any specific side or distance, making it unclear where the approaching person is located. conciseness: The instruction is very brief, consisting of only one sentence, which is appropriate for its length. hallucination: The instruction mentions a person approaching, which is a hallucination as there are no obstacles or people detected in the image."
suwon,"context-v2, no echo",000140,1,3,3,4,5,Continue. There's a shopping cart close to the right.,"Free space: left=clear, centre=clear, right=partly blocked. Obstacles: shopping cart (right, near); truck (left, far); bicycle (left, far); car (centre, far).","safety: The instruction does not mention the shopping cart, which is a safety hazard. actionability: The instruction uses a concrete verb 'Continue' and a body-relative direction 'right', but it is vague about the distance. spatial_accuracy: The instruction mentions the right side, but the shopping cart is not described in terms of distance. conciseness: The instruction is brief and clear, containing only one sentence. hallucination: The instruction mentions a shopping cart, which is supported by the image and cues."
suwon,"context-v2, no echo",000144,1,2,3,3,5,Continue. There's a motorcycle ahead.,"Free space: left=clear, centre=clear, right=partly blocked. Obstacles: bicycle (left, mid); motorcycle (centre, mid); motorcycle (centre, mid); motorcycle (centre, mid).","safety: The instruction does not mention any potential hazards, which could be dangerous for a blind pedestrian. actionability: The instruction only mentions a motorcycle ahead without specifying a direction or action, making it unclear what the pedestrian should do. spatial_accuracy: The instruction mentions a motorcycle ahead, but does not specify the distance or side, which could be misleading. conciseness: The instruction is brief but lacks specific details about the motorcycle's location and the pedestrian's next action. hallucination: The instruction mentions a motorcycle ahead, which is supported by the image and the obstacle sensor cues."
suwon,"context-v2, no echo",000148,1,2,3,3,5,Continue. There's a motorcycle close ahead.,"Free space: left=clear, centre=clear, right=partly blocked. Obstacles: motorcycle (centre, near); motorcycle (left, near); trash can (centre, mid); truck (left, far).","safety: The instruction does not mention any immediate safety hazards, such as the motorcycle close ahead, which could pose a risk to the pedestrian. actionability: The instruction is vague and does not provide a clear verb or body-relative direction, making it unclear what action the pedestrian should take. spatial_accuracy: The instruction mentions a motorcycle close ahead, but does not specify the distance or side, which could be misleading. conciseness: The instruction is brief but lacks a clear action and direction, making it somewhat unclear. hallucination: The instruction mentions a motorcycle close ahead, which is supported by the image and cues."
suwon,"context-v2, no echo",000152,1,3,3,4,5,Continue. There's a car a few steps ahead.,"Free space: left=clear, centre=clear, right=blocked. Obstacles: motorcycle (left, mid); car (left, mid); car (centre, far); car (centre, far).","safety: The instruction does not mention any immediate hazards and directs the pedestrian to continue, which could be dangerous if there is a car ahead. actionability: The instruction uses a concrete verb 'Continue' and a body-relative direction 'ahead', but it does not specify the distance or side, making it less actionable. spatial_accuracy: The instruction mentions a car ahead, but does not specify the distance or side, which is not accurate in the image. conciseness: The instruction is concise, containing only one sentence. hallucination: The instruction mentions a car ahead, which is supported by the image and cues."
suwon,"context-v2, no echo",000156,1,2,1,3,1,Continue. There's a car far ahead.,"Free space: left=blocked, centre=clear, right=clear. Obstacles: car (centre, far); car (centre, far); car (centre, far).","safety: The instruction does not mention any immediate hazards and only directs the pedestrian to continue, which could be dangerous if there are other unseen obstacles. actionability: The instruction is vague and does not specify a clear action or direction, making it difficult for the pedestrian to follow. spatial_accuracy: The instruction mentions a car far ahead, but the image shows no cars in the immediate vicinity, indicating a spatial inaccuracy. conciseness: The instruction is brief but lacks specific spatial information, making it unclear and potentially confusing. hallucination: The instruction mentions a car far ahead, but there are no cars visible in the image, indicating a hallucination."
suwon,"context-v2, no echo",000160,1,3,3,4,3,Continue. There's a parking sign ahead.,"Free space: left=partly blocked, centre=partly blocked, right=partly blocked. Obstacles: truck (right, far); motorcycle (centre, far); car (centre, far).","safety: The instruction does not mention any potential hazards, such as the truck or motorcycle, which are visible in the image. actionability: The instruction uses a concrete verb 'Continue' and a body-relative direction 'ahead', but it does not specify which side of the road the parking sign is located. spatial_accuracy: The instruction does not mention the side of the road where the parking sign is located, which is not clear from the image. conciseness: The instruction is brief and only mentions the parking sign, which is a single sentence. hallucination: The instruction mentions a parking sign, which is supported by the image, but does not mention the truck, motorcycle, or car, which are visible in the image."
suwon,"context-v2, no echo",000164,3,3,3,4,3,The centre is blocked. There's a car directly ahead. Stop.,"Free space: left=clear, centre=blocked, right=clear. Obstacles: truck (right, far); car (centre, far).","safety: The instruction warns about a car directly ahead, which is a relevant near hazard, but it does not mention the truck far to the right, which is a significant obstacle. actionability: The instruction uses a concrete verb 'stop' and a body-relative direction 'ahead', but it does not specify which side of the road the car is on. spatial_accuracy: The instruction mentions the car directly ahead, which is accurate, but it does not specify the side of the road, which is a crucial detail. conciseness: The instruction is brief and clear, containing only two sentences. hallucination: The instruction mentions a car and a truck, but only the car is supported by the image and cues."
suwon,"context-v2, no echo",000168,5,5,3,4,5,STOP. There's a truck close ahead.,"Free space: left=clear, centre=blocked, right=clear. Obstacles: truck (right, mid); car (centre, far).","safety: The instruction warns of a truck close ahead, which is a safety-critical hazard. actionability: The instruction uses a concrete verb 'STOP' and a clear direction 'close ahead'. spatial_accuracy: The instruction mentions a truck close ahead, which aligns with the right side of the image and the center of the obstacle cues. conciseness: The instruction is brief and to the point, containing only one sentence. hallucination: The instruction mentions a truck, which is supported by the image and the obstacle cues."
suwon,"context-v2, no echo",000172,1,2,1,4,3,Continue. There's a truck ahead.,"Free space: left=clear, centre=blocked, right=clear. Obstacles: none detected.","safety: The instruction does not mention any potential hazards, such as the truck ahead, which could pose a risk to the blind pedestrian. actionability: The instruction only provides a vague action without specifying a body-relative direction, making it unclear and potentially confusing. spatial_accuracy: The instruction does not mention the truck's position or distance, which is crucial for a blind pedestrian to navigate safely. conciseness: The instruction is very brief, consisting of only one sentence, which is appropriate for a simple navigation task. hallucination: The instruction mentions a truck ahead, which is a real object in the image, but does not mention any other objects or hazards."
suwon,"context-v2, no echo",000176,5,5,3,4,5,STOP. There's a person close ahead.,"Free space: left=partly blocked, centre=partly blocked, right=blocked. Obstacles: person (centre, near); car (right, near); person (left, mid); car (centre, far).","safety: The instruction directs the pedestrian to stop and mentions a person close ahead, which is a safety-critical hazard. actionability: The instruction uses the verb 'STOP' and specifies 'close ahead', which is clear and actionable. spatial_accuracy: The instruction mentions 'close ahead', which aligns with the image and the cues provided, indicating the person is near the pedestrian. conciseness: The instruction is brief and to the point, containing only one sentence. hallucination: The instruction mentions a person close ahead, which is supported by the image and the cues provided."
suwon,"context-v2, no echo",000180,1,3,3,4,5,Continue. There's a person a few steps ahead.,"Free space: left=clear, centre=clear, right=clear. Obstacles: car (left, far); car (right, far); person (centre, far); car (centre, far).","safety: The instruction does not mention any immediate hazards and does not guide the pedestrian away from them. actionability: The instruction uses a concrete verb 'Continue' and a body-relative direction 'ahead', but it does not specify the distance or the side. spatial_accuracy: The instruction mentions a person ahead, but does not specify the distance or side, which could be misleading. conciseness: The instruction is brief and clear, containing only one sentence. hallucination: The instruction mentions a person ahead, which is supported by the image and the cues."
suwon,"context-v2, no echo",000184,3,4,5,4,5,Continue. There's a person ahead and a car on the left.,"Free space: left=clear, centre=clear, right=clear. Obstacles: car (left, near); person (centre, mid); car (centre, far); car (centre, far).","safety: The instruction mentions a person ahead, which is a safety-critical hazard, but does not mention the car on the left, which is a near obstacle. actionability: The instruction uses the verb 'Continue' and provides a body-relative direction 'left', which is clear and actionable. spatial_accuracy: The instruction mentions a person ahead and a car on the left, which matches the image and cues. conciseness: The instruction is concise, containing only two sentences. hallucination: The instruction mentions a person and a car, both of which are supported by the image and cues."
suwon,"context-v2, no echo",000188,5,5,5,4,5,"Person ahead, stop. There's a car to your left.","Free space: left=partly blocked, centre=clear, right=clear. Obstacles: person (centre, near); car (left, near); car (centre, mid); trash can (right, mid).","safety: The instruction warns the pedestrian to stop and mentions a car to the left, which is a relevant hazard. actionability: The instruction uses a concrete verb 'stop' and a body-relative direction 'left', making it actionable. spatial_accuracy: The instruction mentions a car to the left, which matches the image and the cues provided. conciseness: The instruction is brief and to the point, containing only two sentences. hallucination: The instruction mentions a car and a person, both of which are supported by the image and cues."
suwon,"context-v2, no echo",000192,5,5,3,4,5,Continue. There's a car on your right and a person a few steps ahead.,"Free space: left=clear, centre=clear, right=partly blocked. Obstacles: car (right, mid); car (centre, far); person (centre, far); car (left, far).","safety: The instruction mentions a car on the right and a person ahead, which are both safety-critical hazards. It directs the pedestrian to continue, which is a safe action. actionability: The instruction uses a concrete verb 'Continue' and provides a body-relative direction 'right' and 'ahead', making it actionable. spatial_accuracy: The instruction mentions a car on the right and a person ahead, which matches the image and cues. The distance is vague but not incorrect. conciseness: The instruction is concise, containing only two sentences without any scene description. hallucination: The instruction mentions a car on the right and a person ahead, which are both supported by the image and cues."
suwon,"context-v2, no echo",000196,1,5,5,4,5,Continue. There's a person near on your left.,"Free space: left=clear, centre=clear, right=partly blocked. Obstacles: person (left, near); car (left, mid); car (centre, far); person (centre, far).","safety: The instruction directs the pedestrian into a potentially hazardous area where a person is near, but it does not mention this hazard, which is a safety concern. actionability: The instruction uses the verb 'Continue' and specifies a direction 'left', which is clear and actionable. spatial_accuracy: The instruction mentions a person near on the left, which matches the image and the cues provided. conciseness: The instruction is brief and to the point, containing only two sentences. hallucination: The instruction mentions a person near on the left, which is supported by the image and the cues provided."
suwon,"context-v2, no echo",000200,1,2,1,5,5,Continue. There's a person close ahead.,"Free space: left=clear, centre=clear, right=blocked. Obstacles: person (left, near); car (left, near); car (left, mid); person (centre, far).","safety: The instruction does not mention any immediate safety hazards, such as the person close ahead, which could pose a risk to the pedestrian. actionability: The instruction only provides a vague action without specifying a direction, making it unclear what the pedestrian should do. spatial_accuracy: The instruction does not mention any specific side or distance, which makes it difficult to understand the spatial context. conciseness: The instruction is very brief, consisting of only one sentence, which is concise. hallucination: The instruction mentions a person close ahead, which is supported by the image and the obstacle sensor cues."
suwon,"context-v2, no echo",000204,5,5,5,4,5,The centre is blocked. There's a person close ahead. Please stop.,"Free space: left=blocked, centre=blocked, right=clear. Obstacles: person (centre, near); person (right, mid); person (right, mid); person (left, far).","safety: The instruction clearly warns about the immediate hazard and advises stopping, which is crucial for safety. actionability: The instruction uses a concrete verb 'stop' and a clear direction 'ahead', making it actionable. spatial_accuracy: The instruction correctly states that the center is blocked and there's a person close ahead, matching the image and cues. conciseness: The instruction is brief and to the point, containing only two sentences without any unnecessary details. hallucination: The instruction mentions a person close ahead, which is supported by the image and cues."
suwon,"context-v2, no echo",000208,1,3,1,4,5,Continue walking. There are people close ahead.,"Free space: left=blocked, centre=partly blocked, right=partly blocked. Obstacles: person (right, near); person (left, near); person (left, near); person (centre, mid).","safety: The instruction does not mention any immediate hazards, such as the close people ahead, which could pose a risk to the blind pedestrian. actionability: The instruction uses a concrete verb 'Continue walking' and a body-relative direction 'ahead', but it does not specify the distance or the side. spatial_accuracy: The instruction does not mention any specific side or distance, which is not supported by the image or cues. conciseness: The instruction is concise, consisting of only two sentences. hallucination: The instruction mentions 'people close ahead', which is supported by the image and cues."
suwon,"context-v2, no echo",000212,1,3,3,4,3,Continue walking. There's a person ahead on your right.,"Free space: left=partly blocked, centre=clear, right=partly blocked. Obstacles: person (right, mid); person (left, mid); person (left, mid); person (right, far).","safety: The instruction does not mention any immediate hazards, such as the person ahead who is partially blocked by the curb. actionability: The instruction uses a concrete verb 'Continue walking' and a body-relative direction 'ahead', but it does not specify the distance or the side. spatial_accuracy: The instruction mentions 'ahead' but does not specify the distance or side, which is not clear from the image. conciseness: The instruction is concise, consisting of two sentences without any scene description. hallucination: The instruction mentions a person ahead, which is supported by the image, but does not mention the partial blockage of the person by the curb."
suwon,"context-v2, no echo",000216,1,3,3,4,5,Continue walking. There's a person directly ahead.,"Free space: left=partly blocked, centre=clear, right=partly blocked. Obstacles: person (right, mid); person (centre, mid); person (left, far); car (left, far).","safety: The instruction does not mention any immediate hazards and does not guide the pedestrian away from them. actionability: The instruction uses a concrete verb 'Continue walking' and a body-relative direction 'ahead', but it does not specify the distance or the side. spatial_accuracy: The instruction mentions a person directly ahead, which matches the image, but it does not specify the distance or side. conciseness: The instruction is concise, containing only one sentence. hallucination: The instruction mentions a person directly ahead, which is supported by the image and cues."
suwon,"context-v2, no echo",000220,5,5,5,5,5,STOP. There's a person directly ahead.,"Free space: left=partly blocked, centre=blocked, right=blocked. Obstacles: person (right, near); person (centre, near); person (left, mid); person (left, mid).","safety: The instruction directs the pedestrian to stop and avoid a person directly ahead, which is a crucial safety action. actionability: The instruction uses a concrete verb 'STOP' and a clear direction 'ahead', making it actionable. spatial_accuracy: The instruction correctly states that there's a person directly ahead, matching the image and cues. conciseness: The instruction is brief and to the point, containing only one sentence. hallucination: The instruction mentions a person directly ahead, which is supported by the image and cues."
suwon,"context-v2, no echo",000224,3,3,5,4,5,Continue walking. There's a person ahead on the right.,"Free space: left=clear, centre=clear, right=blocked. Obstacles: person (right, near); person (left, mid); person (centre, mid); person (centre, mid).","safety: The instruction does not mention any immediate hazards, but it does not direct the person into a hazard either. actionability: The instruction uses a concrete verb 'Continue walking' and a body-relative direction 'ahead', but it does not specify the side. spatial_accuracy: The instruction mentions a person ahead on the right, which matches the image and cues. conciseness: The instruction is concise, consisting of two short sentences. hallucination: The instruction mentions a person ahead on the right, which is supported by the image and cues."
suwon,"context-v2, no echo",000228,5,5,5,4,5,STOP. There's a person directly ahead.,"Free space: left=blocked, centre=blocked, right=blocked. Obstacles: person (centre, near); person (left, near); person (centre, far); person (centre, far).","safety: The instruction clearly warns of a person directly ahead, which is a critical safety hazard. actionability: The instruction uses a concrete verb 'STOP' and a clear direction 'ahead', making it actionable. spatial_accuracy: The instruction mentions a person directly ahead, which matches the image and the cues provided. conciseness: The instruction is brief and to the point, containing only one sentence. hallucination: The instruction mentions a person directly ahead, which is supported by the image and the cues provided."
suwon,"context-v2, no echo",000232,1,3,3,3,5,Continue walking. There's a person near on your left.,"Free space: left=blocked, centre=clear, right=partly blocked. Obstacles: person (left, near); person (centre, far); person (centre, far).","safety: The instruction does not mention the person near on the left, which is a safety-critical hazard. actionability: The instruction uses a concrete verb 'Continue walking' and a body-relative direction 'left', but it is incomplete and lacks a clear distance. spatial_accuracy: The instruction mentions a person near on the left, but the distance is not specified, and the person is not the most immediate obstacle. conciseness: The instruction is brief but lacks a clear distance and a specific action. hallucination: The instruction mentions a person near on the left, which is supported by the image and cues."
suwon,"context-v2, no echo",000236,1,3,1,4,5,Continue. There's a person far ahead.,"Free space: left=clear, centre=clear, right=blocked. Obstacles: person (centre, far).","safety: The instruction does not mention any immediate hazards and directs the pedestrian ahead, which could lead to a collision with the person far ahead. actionability: The instruction uses a concrete verb 'Continue' and a body-relative direction 'ahead', but it does not specify the distance or the side. spatial_accuracy: The instruction does not mention any specific side or distance, which could lead to confusion. conciseness: The instruction is concise, consisting of only two sentences. hallucination: The instruction mentions a person far ahead, which is supported by the image and the cues."
suwon,"context-v2, no echo",000240,1,1,3,4,5,Continue. There's a person far ahead.,"Free space: left=clear, centre=clear, right=blocked. Obstacles: person (centre, far); person (centre, far).","safety: The instruction does not mention any immediate hazards and only directs the pedestrian to continue, which could lead to potential danger if there are obstacles or hazards not mentioned. actionability: The instruction is vague and does not specify a clear action or direction, making it difficult for the pedestrian to follow. spatial_accuracy: The instruction mentions a person far ahead, but the image shows a person in the center, far, which is consistent with the instruction. conciseness: The instruction is brief and only contains one sentence, which is concise. hallucination: The instruction mentions a person far ahead, which is supported by the image and the cues."
suwon,"context-v2, no echo",000244,1,3,1,4,1,Continue. There's a person far ahead on the right.,"Free space: left=partly blocked, centre=clear, right=blocked. Obstacles: none detected.","safety: The instruction does not mention any immediate hazards and directs the pedestrian ahead, which could be dangerous if there is a person far ahead. actionability: The instruction uses a concrete verb 'Continue' and a body-relative direction 'ahead', but it does not specify the side. spatial_accuracy: The instruction mentions a person far ahead on the right, but the image shows a person far ahead on the left, indicating a spatial inaccuracy. conciseness: The instruction is concise, containing only two sentences. hallucination: The instruction mentions a person far ahead on the right, but the image shows a person far ahead on the left, indicating a hallucination."
suwon,"context-v2, no echo",000248,1,3,3,4,1,Continue. There's a person bending down a few steps ahead.,"Free space: left=blocked, centre=clear, right=blocked. Obstacles: none detected.","safety: The instruction does not mention any potential hazards, such as the person bending down, which could pose a tripping risk. actionability: The instruction uses a concrete verb 'continue' and a body-relative direction 'ahead', but it does not specify the distance or the side. spatial_accuracy: The instruction mentions 'a few steps ahead', but the image does not clearly indicate the distance or the side, which could be misleading. conciseness: The instruction is concise, containing only one sentence. hallucination: The instruction mentions a person bending down, which is not visible in the image, and does not mention any other objects or hazards."
suwon,"context-v2, no echo",000252,1,2,1,3,1,Continue. There's a person approaching ahead.,"Free space: left=partly blocked, centre=clear, right=blocked. Obstacles: none detected.","safety: The instruction does not mention any potential hazards, such as the person approaching ahead, which could be a significant safety concern for a blind pedestrian. actionability: The instruction only provides a vague action without specifying a direction, making it unclear what the pedestrian should do. spatial_accuracy: The instruction does not mention any specific spatial information, such as the direction of the approaching person, which is crucial for navigation. conciseness: The instruction is brief but lacks specific spatial and directional information, making it difficult to understand. hallucination: The instruction mentions a person approaching ahead, but there is no indication of a person in the image or any depth cues that suggest a person is approaching."
suwon,"context-v2, no echo",000256,1,3,1,4,5,"Continue. A person is far ahead, directly ahead.","Free space: left=blocked, centre=clear, right=blocked. Obstacles: person (centre, far).","safety: The instruction does not mention the person far ahead, which is a safety hazard. actionability: The instruction uses a concrete verb 'Continue' and a body-relative direction 'ahead', but it is vague about the distance. spatial_accuracy: The instruction does not mention the person far ahead, which is a relevant object in the image. conciseness: The instruction is concise, containing only two sentences. hallucination: The instruction mentions a person far ahead, which is supported by the image and cues."
suwon,"context-v2, no echo",000260,1,3,1,4,1,"Continue. A person is far ahead, directly ahead.","Free space: left=blocked, centre=clear, right=partly blocked. Obstacles: person (centre, far).","safety: The instruction does not mention the person far ahead, which is a safety concern. actionability: The instruction uses a concrete verb 'Continue' and a body-relative direction 'ahead', but it does not specify the distance or side. spatial_accuracy: The instruction does not mention the person far ahead, which is a relevant obstacle. conciseness: The instruction is concise, containing only two sentences. hallucination: The instruction mentions a person far ahead, which is not supported by the image or cues."
suwon,"context-v2, no echo",000264,1,1,1,1,1,Continue. There's a person far ahead.,"Free space: left=blocked, centre=clear, right=clear. Obstacles: person (centre, far); person (centre, far); person (centre, far).","safety: The instruction does not mention any immediate hazards and only directs the pedestrian to continue, which could lead to potential danger if there are obstacles or hazards not mentioned. actionability: The instruction is vague and does not specify a clear action or direction, making it difficult for the pedestrian to follow. spatial_accuracy: The instruction does not mention any specific side or distance, which could lead to confusion and misdirection. conciseness: The instruction is too short and does not provide any additional information, making it unclear and potentially confusing. hallucination: The instruction mentions a person far ahead, but there are no people visible in the image, indicating a hallucination."
suwon,"context-v2, no echo",000268,1,3,1,4,1,Continue walking. There's a person far ahead on the left.,"Free space: left=clear, centre=clear, right=blocked. Obstacles: person (left, far); person (centre, far); person (centre, far); person (centre, far).","safety: The instruction does not mention any immediate hazards and directs the pedestrian into the path of a person far ahead, which could be dangerous. actionability: The instruction uses a concrete verb 'Continue walking' and a body-relative direction 'left', but the distance is vague and not precise. spatial_accuracy: The instruction mentions a person far ahead on the left, but the image shows people in the center and right, not far ahead. conciseness: The instruction is concise, containing only two sentences. hallucination: The instruction mentions a person far ahead on the left, but the image shows people in the center and right, not far ahead."
suwon,"context-v2, no echo",000272,5,5,5,4,5,STOP. There's a person directly ahead.,"Free space: left=partly blocked, centre=blocked, right=partly blocked. Obstacles: person (centre, near); person (centre, mid); person (centre, far); person (left, far).","safety: The instruction directs the pedestrian to stop and be aware of a person directly ahead, which is a crucial safety measure. actionability: The instruction uses a concrete verb 'STOP' and a clear direction 'ahead', making it actionable. spatial_accuracy: The instruction mentions a person directly ahead, which matches the image and the cues provided. conciseness: The instruction is brief and to the point, containing only two sentences. hallucination: The instruction mentions a person directly ahead, which is supported by the image and the cues provided."
suwon,"context-v2, no echo",000276,3,5,3,4,3,"The person in front of you is close, so please SLOW DOWN and keep to your right.","Free space: left=partly blocked, centre=partly blocked, right=partly blocked. Obstacles: person (centre, near); person (centre, far); person (left, far); person (centre, far).","safety: The instruction directs the pedestrian to slow down and stay to the right, which is a safe action given the close proximity of the person in front. However, it does not mention the person in front, which is a relevant near hazard. actionability: The instruction uses a concrete verb 'SLOW DOWN' and a body-relative direction 'to your right', which is clear and actionable. spatial_accuracy: The instruction mentions the person in front, which is close, but does not specify the distance or side, which is partly blocked. The action of staying to the right is correct but the distance is not clear. conciseness: The instruction is concise, containing only two sentences without any scene description. hallucination: The instruction mentions the person in front, which is close, but does not mention any other objects or hazards. The action of staying to the right is correct but the distance is not clear."
suwon,"context-v2, no echo",000280,1,5,3,4,5,Continue walking. There's a person ahead of you.,"Free space: left=partly blocked, centre=partly blocked, right=partly blocked. Obstacles: person (centre, near); person (right, mid); person (centre, mid); person (left, far).","safety: The instruction does not mention any immediate hazards and simply tells the pedestrian to continue walking, which could lead to potential danger if there are obstacles or hazards not mentioned. actionability: The instruction uses a concrete verb 'Continue' and a body-relative direction 'ahead', which is clear and actionable. spatial_accuracy: The instruction does not mention any specific side or distance, but it correctly indicates that there is a person ahead, which is consistent with the image. conciseness: The instruction is brief and to the point, containing only one sentence. hallucination: The instruction mentions a person ahead, which is supported by the image and the cues."
suwon,"context-v2, no echo",000284,5,5,3,4,5,Continue. There's a person far ahead on the right.,"Free space: left=clear, centre=clear, right=blocked. Obstacles: person (centre, far); person (right, far); person (centre, far); person (centre, far).","safety: The instruction does not mention any immediate hazards and directs the pedestrian to continue, which is safe. actionability: The instruction uses a concrete verb 'Continue' and a body-relative direction 'right', making it actionable. spatial_accuracy: The instruction mentions a person far ahead on the right, which matches the image and cues. conciseness: The instruction is concise, containing only two sentences. hallucination: The instruction mentions a person far ahead on the right, which is supported by the image and cues."
suwon,"context-v2, no echo",000288,5,5,3,4,5,Continue. There's a person far ahead on the left.,"Free space: left=clear, centre=clear, right=blocked. Obstacles: person (left, far); person (left, far); person (centre, far); person (left, far).","safety: The instruction does not mention any immediate hazards and directs the pedestrian to continue, which is safe. actionability: The instruction uses a concrete verb 'Continue' and a body-relative direction 'left', making it actionable. spatial_accuracy: The instruction mentions a person far ahead on the left, which matches the image and cues. conciseness: The instruction is concise, containing only two sentences. hallucination: The instruction mentions a person far ahead on the left, which is supported by the image and cues."
suwon,"context-v2, no echo",000292,1,3,3,4,1,Continue. There's a person ahead and to the right.,"Free space: left=clear, centre=clear, right=blocked. Obstacles: person (right, mid); person (right, far).","safety: The instruction does not mention the person ahead, which is a safety-critical hazard. actionability: The instruction uses a concrete verb 'Continue' and a body-relative direction 'ahead and to the right', but it does not specify the distance or the number of steps. spatial_accuracy: The instruction mentions 'ahead and to the right', but the distance is not specified, and the person is not described as being ahead or to the right. conciseness: The instruction is concise, containing only two sentences. hallucination: The instruction mentions a person ahead and to the right, but there is only one person visible in the image, and they are not described as being ahead or to the right."
london,naive,000000,1,3,3,4,5,"The image shows a busy urban street with a clear view of a pedestrian crossing and a traffic light. Here’s what you should do next:

1. **Look at the Traffic Light**: Observe the traffic light to determine if it is safe to cross the street. If the light is red, you should wait until it turns green.
2. **Listen for Traffic**: Use your listening skills to identify",,"safety: The instruction does not mention the traffic light, which is a critical safety element for pedestrians. actionability: The instruction uses the verb 'listen' but does not specify a direction or action related to the traffic light. spatial_accuracy: The instruction does not mention any specific side or distance, but it does not contradict the image or cues. conciseness: The instruction is concise, containing only two sentences. hallucination: The instruction mentions 'traffic light' and 'listen', which are supported by the image and cues."
london,naive,000004,1,2,3,4,1,"The image shows a busy street scene with a clear view of the road and surrounding buildings. To navigate from Leicester Square to Charing Cross, you can follow these steps:

1. **Identify Your Current Location**: You are at Leicester Square, as indicated by the sign in the background.
2. **Look for Directions**: Use your white cane or guide dog to scan the area for any visible signs",,"safety: The instruction does not mention any safety hazards, such as the traffic light or pedestrians, which are present in the image. actionability: The instruction uses a vague verb 'look for' and does not specify a clear action or direction. spatial_accuracy: The instruction does not mention the specific location of the traffic light or pedestrians, which are visible in the image. conciseness: The instruction is concise, containing only two sentences. hallucination: The instruction mentions a white cane or guide dog, which are not visible in the image."
london,naive,000008,1,3,3,2,1,"The next step for the blind person would be to continue walking in the direction they are currently going, as indicated by the red barrier and the sign that points left. The sign also mentions ""Leicester Square Station"" and ""Northern and Piccadilly Lines,"" which suggests that the person is near a train station. The person should be cautious and continue walking in the direction of the sign, as this",,"safety: The instruction does not mention any immediate hazards, such as the person standing close to the red barrier, which could pose a tripping risk. actionability: The instruction uses a concrete verb 'continue walking' and a body-relative direction 'left', but it does not specify the distance or the exact path. spatial_accuracy: The instruction mentions the red barrier and the sign pointing left, which are consistent with the image. However, it does not specify the distance or the exact path. conciseness: The instruction is a bit long and includes some scene description, which is not necessary for a navigation instruction. hallucination: The instruction mentions 'Leicester Square Station' and 'Northern and Piccadilly Lines', which are not visible in the image. The red barrier and the sign pointing left are visible, but the station names are not."
london,naive,000012,1,3,3,3,1,"The person should continue walking straight ahead. The camera is showing that they are at Charing Cross Road, and there is a tactile paving pattern on the ground that indicates a crossing. The person should look out for vehicles and pedestrians as they cross the street.",,"safety: The instruction does not mention any immediate hazards, such as the truck or the person near the camera, which could pose a risk to the pedestrian. actionability: The instruction uses a concrete verb 'continue' and a body-relative direction 'straight ahead', but it does not specify the distance or the exact path. spatial_accuracy: The instruction mentions 'straight ahead' but does not specify the distance or the exact path, which could be misleading. conciseness: The instruction is a bit long and includes some description, which could be shortened. hallucination: The instruction mentions a truck and a person near the camera, which are not present in the image."
london,naive,000016,1,3,3,2,1,"The person should continue walking forward, staying close to the sidewalk. They can use their white cane to scan the ground and detect any obstacles. The sidewalk appears to be clear, so they can walk at a steady pace. If they encounter any changes in the sidewalk, such as a curb or a change in the surface, they should adjust their pace accordingly. The person should also be aware of any pedestrians",,"safety: The instruction does not mention any immediate hazards, such as the person walking too close to the curb or the presence of other pedestrians. actionability: The instruction uses a concrete verb 'continue walking' and a body-relative direction 'forward', but it does not specify the distance or the side of the sidewalk. spatial_accuracy: The instruction mentions the sidewalk but does not specify the distance or side, which is partly blocked by obstacles. conciseness: The instruction is a paragraph, which is too long and includes unnecessary details about the sidewalk and pedestrians. hallucination: The instruction mentions the presence of other pedestrians, which is not supported by the image or cues."
london,naive,000020,1,3,1,1,1,"The person wearing the camera should continue walking forward. The camera is capturing the scene ahead, so they can rely on the visual information provided by the camera to navigate. If they encounter any obstacles or changes in the environment, they should adjust their pace or direction accordingly. The camera will help them stay aware of their surroundings and avoid any potential hazards.",,"safety: The instruction does not mention any specific hazards or obstacles, which could be a concern for a blind pedestrian. actionability: The instruction uses the verb 'should' but does not specify a clear action or direction. spatial_accuracy: The instruction does not mention any specific sides or distances, which could be a concern for a blind pedestrian. conciseness: The instruction is a paragraph, which is too long and includes unnecessary details. hallucination: The instruction mentions 'the person wearing the camera', which is not a relevant object in the image or cues."
london,naive,000024,3,3,3,2,1,"The person should continue walking straight ahead. The street appears to be clear, and there are no immediate obstacles. The bus and other vehicles are parked or moving at a safe distance. The person should maintain a steady pace and be aware of any pedestrians or cyclists who might be crossing the street.",,"safety: The instruction does not mention any immediate hazards, but it does not name any specific safety-critical hazards within a few steps. actionability: The instruction uses a concrete verb 'continue' and a body-relative direction 'straight ahead', but it does not specify the distance or the side. spatial_accuracy: The instruction mentions 'the street appears to be clear' and 'the bus and other vehicles are parked or moving at a safe distance', but it does not specify the side or distance for the bus and other vehicles. conciseness: The instruction is a paragraph, which is longer than necessary for a navigation instruction. hallucination: The instruction mentions 'the bus and other vehicles', but it does not mention any specific objects or hazards in the image or cues."
london,naive,000028,3,5,3,3,5,"The blind person should continue walking forward, following the sidewalk. They should be aware of the tree trunk and the bus on the right side. The person should also be mindful of the pedestrians and any potential obstacles in their path. If they encounter any obstacles, they should use their white cane to navigate around them.",,"safety: The instruction mentions the bus and tree trunk as potential hazards, but does not specify the immediate danger posed by the bus, which is a significant risk for a blind pedestrian. actionability: The instruction uses the verb 'continue walking' and provides a body-relative direction 'forward', which is clear and actionable. spatial_accuracy: The instruction correctly mentions the tree trunk and bus on the right side, but does not specify the distance or the exact location of the pedestrians, which could be a concern. conciseness: The instruction is relatively concise, containing three sentences with some description of the environment. hallucination: The instruction mentions the bus, tree trunk, and pedestrians, all of which are supported by the image and cues."
london,naive,000032,1,3,3,2,3,"The person wearing the camera should continue walking forward. The sidewalk appears clear, and there are no immediate obstacles in the path. The person should maintain a steady pace and be aware of their surroundings. If they encounter any changes in the environment, such as a change in the sidewalk's surface or the presence of other pedestrians, they should adjust their walking speed and be prepared to navigate any potential obstacles.",,"safety: The instruction does not mention any immediate obstacles or hazards, which could be dangerous for a blind pedestrian. actionability: The instruction uses a concrete verb 'continue walking' and a body-relative direction 'forward', but it lacks a specific body part or landmark for guidance. spatial_accuracy: The instruction mentions 'the sidewalk appears clear' and 'no immediate obstacles', but it does not specify the distance or side of the sidewalk, which could be misleading. conciseness: The instruction is quite long and includes a detailed description of the environment, which is not necessary for a navigation instruction. hallucination: The instruction mentions 'the presence of other pedestrians', but there are no other pedestrians visible in the image."
london,naive,000036,1,3,1,2,1,"The next step for the blind person walking in the image is to continue walking down the sidewalk. The person should be aware of the visual cues around them, such as the street, buildings, and other pedestrians. They should also be mindful of any tactile cues, such as the texture of the sidewalk or the presence of tactile paving, which can guide them. If they encounter any obstacles or changes in the",,"safety: The instruction does not mention any immediate hazards, such as the person walking in front of the blind pedestrian, which could pose a risk. actionability: The instruction uses the verb 'continue' but does not specify the direction, making it vague and not actionable. spatial_accuracy: The instruction does not mention any specific side or distance, which is a problem given the image shows a person walking in front of the blind pedestrian. conciseness: The instruction is too long and includes unnecessary details about visual and tactile cues, which are not relevant to the navigation task. hallucination: The instruction mentions 'tactile paving', which is not visible in the image and is not a relevant hazard in this scene."
london,naive,000040,1,3,3,3,3,"The person should continue walking forward, as the path appears clear and there are no immediate obstacles. The sidewalk is visible, and there are no pedestrians or vehicles directly in front of them. The person should maintain a steady pace and be aware of their surroundings, including any potential changes in the environment.",,"safety: The instruction does not mention any immediate obstacles or hazards, which could be dangerous for a blind pedestrian. actionability: The instruction uses a concrete verb 'continue walking' and a body-relative direction 'forward', but it lacks a specific body part or side reference. spatial_accuracy: The instruction mentions 'the sidewalk' and 'no pedestrians or vehicles directly in front of them', but it does not specify the sides or distances accurately. conciseness: The instruction is a single sentence, which is concise but lacks specific spatial details. hallucination: The instruction mentions 'the person' and 'no pedestrians or vehicles', but there are visible bicycles and a person in the image, indicating a potential misalignment with the scene."
london,naive,000044,3,3,3,3,5,"The blind person should continue walking forward, following the sidewalk. They should be aware of the bollard in front of them and adjust their pace to avoid it. The sidewalk appears to be clear ahead, so they can proceed at a steady pace. If they encounter any obstacles or changes in the environment, they should use their other senses, such as listening for sounds or feeling the ground, to navigate",,"safety: The instruction directs the pedestrian to avoid a bollard, which is a safety-critical hazard, but does not mention any other immediate obstacles. actionability: The instruction uses a concrete verb 'continue walking' and a body-relative direction 'forward', but it is somewhat vague about the specific action to avoid the bollard. spatial_accuracy: The instruction mentions the bollard in front of the pedestrian, which is accurate, but does not specify the distance or side, which could be misleading. conciseness: The instruction is relatively concise, containing three sentences, but includes some unnecessary details about the environment. hallucination: The instruction mentions the bollard and the sidewalk, which are supported by the image and cues, but does not mention any other objects or hazards."
london,naive,000048,3,3,3,2,3,"The person should continue walking forward, staying close to the sidewalk. They should be aware of the van parked on the right side of the street and any pedestrians or vehicles that might be approaching. The person should also be mindful of the tree trunk on the right side of the image, as it might obstruct their path. If they encounter any obstacles, they should use their white cane to navigate around them.",,"safety: The instruction mentions the van and tree trunk as potential hazards, but it does not specify the immediate action the person should take if they encounter these obstacles. actionability: The instruction uses the verb 'should' and provides a clear direction 'forward', but it does not specify the body part (e.g., left foot) that should be used. spatial_accuracy: The instruction correctly mentions the van and tree trunk, but it does not specify the distance or side of the street. conciseness: The instruction is long and includes a detailed description of the environment, which is not necessary for a navigation instruction. hallucination: The instruction mentions the van, tree trunk, and bus, but the bus is not visible in the image."
london,naive,000052,2,5,3,4,5,"The red post box is directly in front of you. To continue walking, you should move forward in the direction you are currently heading. The sidewalk is clear ahead, so you can walk straight. If you need to cross the street, look for a safe crossing point and ensure it is clear before proceeding.",,"safety: The instruction directs the pedestrian to move forward without mentioning the car obstacle, which is a safety concern. actionability: The instruction uses a concrete verb 'move forward' and a body-relative direction 'in the direction you are currently heading', which is clear and actionable. spatial_accuracy: The instruction states 'The red post box is directly in front of you', which matches the image, but it does not mention the car obstacle. conciseness: The instruction is concise, containing only two sentences. hallucination: The instruction mentions the red post box and the car, both of which are supported by the image and cues."
london,naive,000056,1,3,3,2,3,"The person should continue walking forward, staying close to the sidewalk. They can use their white cane to scan the ground and detect any obstacles. The sidewalk appears to be clear, so they can walk at a steady pace. If they encounter any changes in the sidewalk, such as a curb or a change in the surface, they should adjust their pace accordingly. The person should also be aware of any pedestrians",,"safety: The instruction does not mention the bicycle as a potential hazard, which is a significant obstacle in the image. actionability: The instruction uses the verb 'should' and provides a clear action of walking forward, but it lacks a specific body-relative direction. spatial_accuracy: The instruction mentions the sidewalk as clear, but the image shows a trash can in the center, which is a relevant near hazard. conciseness: The instruction is quite detailed and includes multiple sentences, which is not concise. hallucination: The instruction mentions a white cane, which is not visible in the image, and does not mention the trash can as a hazard."
london,naive,000060,3,3,3,3,5,"The blind person should continue walking forward, following the sidewalk. They should be aware of the cone and the trash bin in front of them. The cone might indicate a temporary obstacle, so they should be cautious and avoid it. The trash bin is a fixed object and should not pose a risk. The person should maintain a steady pace and be mindful of any other pedestrians or obstacles in their path.",,"safety: The instruction directs the pedestrian to avoid the cone, which is a safety-critical hazard, but does not mention the trash bin, which is a fixed object and should not pose a risk. actionability: The instruction uses the verb 'should' and provides a clear direction 'forward', but it does not specify the body part (e.g., 'should continue walking forward, keeping their left side clear'). spatial_accuracy: The instruction mentions the cone and the trash bin, but the spatial accuracy is not perfect as it does not specify the distance or side of the cone and trash bin. conciseness: The instruction is relatively concise, containing three sentences, but it includes some unnecessary details about the trash bin. hallucination: The instruction mentions the cone and the trash bin, which are both supported by the image and cues."
london,naive,000064,1,5,3,3,3,"The person should continue walking forward, staying close to the sidewalk. They can use the tree as a guide to their right, ensuring they stay on the path. The sidewalk appears to be clear, so they can move at a steady pace. If they encounter any obstacles or changes in the sidewalk, they should be prepared to adjust their path accordingly.",,"safety: The instruction does not mention any immediate hazards, such as the person walking too close to the sidewalk or the tree, which could pose a risk. actionability: The instruction uses a concrete verb 'continue walking' and a body-relative direction 'to their right', which is clear and actionable. spatial_accuracy: The instruction mentions the tree as a guide to the right, but does not specify the distance or the exact side, which could be misleading. conciseness: The instruction is relatively concise, containing three sentences with some description. hallucination: The instruction mentions the tree as a guide, but does not mention any other objects or hazards in the scene."
london,naive,000068,3,4,3,3,3,"The blind person should continue walking forward, following the sidewalk. They can use their white cane to scan the ground and detect any obstacles. The red bicycle in the foreground appears to be parked and does not seem to be a hazard. The person should also be aware of the pedestrians and vehicles on the street. If they hear any approaching vehicles, they should stop and wait until the vehicles pass before continuing.",,"safety: The instruction correctly advises the pedestrian to avoid the red bicycle and be aware of pedestrians and vehicles, but it does not mention the person walking far ahead, which could be a potential hazard. actionability: The instruction uses a concrete verb 'continue walking' and a body-relative direction 'forward', but it could be more specific about the action of using the white cane. spatial_accuracy: The instruction mentions the red bicycle in the foreground, which is correct, but it does not specify the distance or side of the street, which could be misleading. conciseness: The instruction is relatively concise, containing three sentences, but it could be more focused on the immediate action and hazards. hallucination: The instruction mentions the red bicycle and the person walking far ahead, but it does not mention the other pedestrians or vehicles on the street, which are present in the image."
london,naive,000072,1,3,1,2,3,"The person wearing the camera should continue walking forward. They can use the tactile cues from the sidewalk and the objects around them to navigate safely. If they encounter any obstacles, they should pause, assess the situation, and then continue walking. The person should also be aware of any changes in the environment, such as the presence of bicycles or pedestrians, and adjust their pace and path accordingly.",,"safety: The instruction does not mention any specific hazards, such as bicycles or pedestrians, which are present in the image. It only advises to pause and assess if encountering obstacles, which is not always possible. actionability: The instruction uses the verb 'continue' but does not specify a direction, making it vague and not actionable. spatial_accuracy: The instruction does not mention any specific sides or distances, which is a problem given the presence of obstacles and free space. conciseness: The instruction is a paragraph, which is too long and includes unnecessary details about the environment. hallucination: The instruction mentions bicycles and pedestrians, which are present in the image, but does not mention the tactile cues from the sidewalk, which are not present in the image."
london,naive,000076,1,3,3,2,1,"The person wearing the camera should continue walking forward. The sidewalk appears to be clear, and there are no immediate obstacles in the path. The person should maintain a steady pace and be aware of their surroundings. If they encounter any changes in the environment, such as a change in the sidewalk's texture or the presence of other pedestrians, they should adjust their walking speed and be prepared to navigate any potential obstacles",,"safety: The instruction does not mention any immediate obstacles or hazards, which could be dangerous for a blind pedestrian. actionability: The instruction uses a concrete verb 'continue walking' and a body-relative direction 'forward', but it lacks a specific body part or landmark for guidance. spatial_accuracy: The instruction mentions 'the sidewalk appears to be clear' and 'the person should maintain a steady pace', but it does not specify the distance or side of the sidewalk. conciseness: The instruction is quite long and includes a detailed description of the environment, which is not necessary for a navigation instruction. hallucination: The instruction mentions 'the person wearing the camera', which is not a relevant object in the image, and does not mention any specific hazards or obstacles."
london,naive,000080,3,4,3,4,2,"The person should continue walking forward, staying close to the sidewalk. They can use the tactile guide posts and the tree trunk to their right for orientation. The person should also be aware of the pedestrians and vehicles around them. If they hear any approaching vehicles, they should stop and wait until the vehicles pass before continuing.",,"safety: The instruction mentions the person should be aware of approaching vehicles and stop if needed, which is a crucial safety measure. However, it does not specifically mention the person should avoid the trash can in the center, which is a potential hazard. actionability: The instruction uses the verb 'continue' and provides a body-relative direction 'forward', which is clear and actionable. It also mentions using tactile guide posts and a tree trunk for orientation, which is specific and helpful. spatial_accuracy: The instruction mentions the person should stay close to the sidewalk and use the tactile guide posts and tree trunk to their right. The image shows a clear path along the sidewalk and a tree trunk to the right, so the spatial accuracy is good. conciseness: The instruction is concise, containing only two sentences without any unnecessary details or descriptions. hallucination: The instruction mentions the person should avoid the trash can in the center, but the image does not show any trash can in the center. The instruction also mentions the person should be aware of approaching vehicles, but the image does not show any vehicles in the immediate vicinity."
london,naive,000084,1,5,3,3,3,"The next step for the blind person walking in this area would be to continue walking forward, following the sidewalk. The person should be aware of the street and any potential obstacles, such as the black pole in the foreground, which might be a streetlight or a decorative post. The person should also be mindful of the pedestrians and any vehicles that might be approaching. If there are any tactile clues, such",,"safety: The instruction does not mention any immediate safety hazards, such as the black pole which might be a streetlight or a decorative post, or the pedestrians and vehicles approaching. actionability: The instruction uses the verb 'continue' and provides a body-relative direction 'forward', which is clear and actionable. spatial_accuracy: The instruction mentions the sidewalk and the street, but does not specify the distance or side of the street, which is not clear from the image. The black pole is mentioned but not its location relative to the pedestrian. conciseness: The instruction is a bit long and includes some description of the environment, which is not necessary for a navigation instruction. hallucination: The instruction mentions the black pole, which is a real object in the image, but does not mention any other objects or hazards."
london,naive,000088,2,3,3,2,2,"The person wearing the camera should continue walking forward, following the sidewalk. They can use the tactile guide lines on the sidewalk to stay on the path. The person should also be aware of any changes in the environment, such as the presence of trees, street signs, or other pedestrians, to ensure their safety. If they encounter any obstacles or changes in the sidewalk, they should adjust their walking pace and",,"safety: The instruction does not mention any specific hazards or obstacles, which is a concern given the presence of people and potential changes in the environment. actionability: The instruction uses the verb 'should' and provides a general direction, but it lacks a specific body-relative direction. spatial_accuracy: The instruction mentions the sidewalk and tactile guide lines, which are correct, but it does not specify the distance or side of the sidewalk. conciseness: The instruction is quite long and includes a lot of information, including a description of the environment and safety tips. hallucination: The instruction mentions trees, street signs, and other pedestrians, but there are no visible street signs or other pedestrians in the image."
london,naive,000092,1,3,3,2,1,"The person wearing the camera should continue walking forward. The sidewalk appears to be clear, and there are no immediate obstacles in the path. The person should maintain a steady pace and be aware of their surroundings. If they encounter any changes in the environment, such as a change in the sidewalk's texture or the presence of other pedestrians, they should adjust their walking speed and be prepared to navigate any potential obstacles",,"safety: The instruction does not mention any immediate obstacles or hazards, which could be dangerous for a blind pedestrian. actionability: The instruction uses a concrete verb 'continue walking' and a body-relative direction 'forward', but it does not specify the distance or the side. spatial_accuracy: The instruction mentions 'the sidewalk appears to be clear' and 'the presence of other pedestrians', but it does not specify the distance or the side. conciseness: The instruction is quite long and includes a detailed description of the environment, which is not necessary for a navigation instruction. hallucination: The instruction mentions 'the person wearing the camera', 'the presence of other pedestrians', and 'the sidewalk's texture', but none of these are supported by the image or cues."
london,naive,000096,1,3,3,2,1,"The person should continue walking forward, following the sidewalk. They can use their cane to scan the ground and detect any obstacles. The sidewalk appears to be clear, so they can proceed at a steady pace. If they encounter any changes in the sidewalk, such as a change in texture or a curb, they should adjust their pace accordingly.",,"safety: The instruction does not mention any immediate hazards, such as the person on the right or the tree trunk, which could pose a risk to the blind pedestrian. actionability: The instruction uses a concrete verb 'continue walking' and a body-relative direction 'forward', but it does not specify the side of the sidewalk the person should follow. spatial_accuracy: The instruction mentions the right side of the sidewalk but does not specify the distance or the side of the tree trunk, which could be a hazard. conciseness: The instruction is a paragraph, which is too long and includes unnecessary details about the sidewalk's texture and curb. hallucination: The instruction mentions a person on the right and a tree trunk, which are not present in the image."
london,naive,000100,3,5,3,4,3,"The blind person should continue walking forward, following the sidewalk. They can use their white cane to scan the ground and detect any obstacles. The sidewalk appears to be clear, so they should maintain a steady pace. If they encounter any changes in the sidewalk, such as a change in texture or a curb, they should be prepared to adjust their walking path accordingly.",,"safety: The instruction does not mention any immediate hazards, but it advises the pedestrian to be prepared for changes in the sidewalk, which is a good practice. actionability: The instruction uses a concrete verb 'continue walking' and a body-relative direction 'forward', which is clear and actionable. spatial_accuracy: The instruction mentions the sidewalk being clear and advises the pedestrian to maintain a steady pace, which aligns with the image and cues. However, it does not mention the specific side or distance of the sidewalk, which is a minor error. conciseness: The instruction is concise, containing only two sentences without any scene description. hallucination: The instruction mentions the sidewalk and the pedestrian's white cane, which are supported by the image and cues. However, it does not mention any specific obstacles or hazards, which are not present in the image."
london,naive,000104,4,4,3,4,3,"The person should continue walking forward, staying close to the wall on the left side. The wall will guide them as they move along the sidewalk. They should be aware of any changes in the sidewalk's texture or any obstacles that might be present. If they hear any sounds or feel any changes in the environment, they should adjust their pace or direction accordingly.",,"safety: The instruction directs the person to stay close to the wall, which is a safe action given the available space and obstacles. actionability: The instruction uses a concrete verb 'continue walking' and a body-relative direction 'left side', making it actionable. spatial_accuracy: The instruction mentions the left side, which matches the image, but does not specify the distance, which is a minor error. conciseness: The instruction is concise, containing only two sentences without unnecessary details. hallucination: The instruction mentions a person and a wall, which are supported by the image and cues. However, it does not mention the car or the person in the background, which are not relevant to the immediate navigation."
london,naive,000108,1,3,3,2,3,"The person should continue walking forward, following the sidewalk. The path appears clear, and there are no immediate obstacles. The person should maintain a steady pace and be aware of any changes in the environment, such as the presence of vehicles or pedestrians. If there are any sounds or vibrations that indicate the presence of a vehicle, the person should be prepared to stop or adjust their path to avoid any potential hazards",,"safety: The instruction does not mention any immediate hazards, such as the motorcycle or the person ahead, which could pose a risk to the pedestrian. actionability: The instruction uses a concrete verb 'continue walking' and a body-relative direction 'forward', but it lacks a specific body part or landmark for the pedestrian to follow. spatial_accuracy: The instruction mentions 'the sidewalk' and 'the path', but does not specify the distance or side, which could lead to confusion. conciseness: The instruction is quite long and includes a detailed description of the environment, which is not necessary for a navigation instruction. hallucination: The instruction mentions a motorcycle and a person ahead, which are present in the image, but it does not mention the person walking in the center or the person on the right, who are not obstacles but pedestrians."
london,naive,000112,3,4,3,4,3,"The person should continue walking forward, following the sidewalk. They can use the tactile guide posts and the flow of pedestrians to navigate safely. The person should also be aware of any changes in the environment, such as the presence of vehicles, and should be prepared to stop or adjust their path as needed.",,"safety: The instruction mentions the presence of vehicles and pedestrians, which are relevant hazards. However, it does not specifically warn about the person being close to the sidewalk's edge or the presence of the van, which could pose a risk. actionability: The instruction uses the verb 'continue' and provides a body-relative direction 'forward', which is clear and actionable. spatial_accuracy: The instruction mentions the sidewalk and the flow of pedestrians, which are accurate. However, it does not specify the distance or the exact side of the sidewalk, which could be a concern. conciseness: The instruction is concise, containing only two sentences without any unnecessary details. hallucination: The instruction mentions the presence of vehicles and pedestrians, which are supported by the image. However, it does not mention the tactile guide posts, which are not visible in the image."
london,naive,000116,1,3,2,2,1,"The person wearing the camera should continue walking forward. The camera is capturing the scene ahead, so they can follow the path of the people in front of them. The sidewalk appears clear, and there are no immediate obstacles in the way. The person should maintain a steady pace and be aware of any changes in the environment, such as traffic or pedestrians, to ensure their safety.",,"safety: The instruction does not mention any immediate hazards, such as the car or the person in the center, which are visible in the image. actionability: The instruction uses a concrete verb 'continue walking' and a body-relative direction 'forward', but it does not specify the distance or the path clearly. spatial_accuracy: The instruction mentions 'the sidewalk appears clear' but does not align with the image, which shows a partly blocked sidewalk. conciseness: The instruction is a paragraph, which is too long and includes unnecessary details about the scene. hallucination: The instruction mentions 'the person wearing the camera', 'the person in the center', and 'the person in the left', but these are not supported by the image or cues."
london,naive,000120,3,4,2,3,3,"The person should continue walking forward, following the tactile guide on the sidewalk. The guide will help them navigate the street safely. If they encounter any obstacles or changes in the sidewalk, they should be prepared to adjust their path. The person should also be aware of any traffic signs and pedestrian signals to ensure they cross the street safely.",,"safety: The instruction mentions the tactile guide and traffic signs, which are important for safety. However, it does not specifically mention the person should avoid the tree or the person in the background, which are visible hazards. actionability: The instruction uses the verb 'continue' and specifies 'forward', which is clear and action-oriented. However, it does not provide a specific body-relative direction. spatial_accuracy: The instruction mentions 'sidewalk' and 'street', but does not specify the distance or side, which are not clear from the image. The tree and the person in the background are not mentioned. conciseness: The instruction is relatively concise, containing three sentences. It provides clear action and safety information, but includes some unnecessary details. hallucination: The instruction mentions the tactile guide, traffic signs, and pedestrian signals, which are supported by the image. However, it does not mention the tree or the person in the background, which are visible hazards."
london,naive,000124,3,3,3,2,3,"The person should continue walking straight ahead. The road appears to be clear, and there are no immediate obstacles or traffic signals that require immediate attention. The person should maintain a steady pace and be aware of any potential changes in the environment, such as pedestrians or vehicles that might enter the scene.",,"safety: The instruction does not mention any immediate hazards, but it does not name the person as a potential obstacle, which is a safety concern. actionability: The instruction uses a concrete verb 'continue' and a body-relative direction 'straight ahead', but it lacks a specific body part, such as 'walk straight ahead with your left shoulder towards the center of the road'. spatial_accuracy: The instruction mentions 'the road appears to be clear' and 'the person should maintain a steady pace', but it does not specify the distance or side of the road, which could be misleading. conciseness: The instruction is a paragraph, which is too long and includes unnecessary details about the environment and potential changes in the scene. hallucination: The instruction mentions 'the person should continue walking straight ahead', but it does not mention any specific hazards or obstacles, which are not present in the image."
london,naive,000128,1,2,3,2,1,"The image shows a street scene with a roundabout and a statue in the center. There are construction signs indicating that the road ahead is closed. Here’s what you should do next:

1. **Listen for Traffic Signals**: Use your white cane to scan the area and listen for any traffic signals. If there are traffic lights, ensure they are green before proceeding.

2. **Check for Pedest",,"safety: The instruction does not mention any immediate hazards or obstacles, which could be dangerous for a blind pedestrian. actionability: The instruction is vague and does not provide a clear action, such as turning left or right, which is necessary for navigation. spatial_accuracy: The instruction does not mention the roundabout or the statue, which are important landmarks for navigation. conciseness: The instruction is too long and includes unnecessary details about the scene, which distracts from the essential navigation information. hallucination: The instruction mentions a bus and a person, but these are not visible in the image."
london,naive,000132,1,3,3,4,1,"Based on the image, it appears you are at a roundabout or intersection. Here are the steps you can follow:

1. **Listen for Traffic Sounds**: Pay attention to the sounds of vehicles and traffic lights. If you hear a red light, you should stop. If you hear a green light, you can proceed.

2. **Check for Pedestrian Signals**: Look for pedestrian signals at",,"safety: The instruction does not mention any specific safety hazards or actions related to the immediate environment, such as the roundabout or the presence of vehicles. actionability: The instruction provides a general action (listen for traffic sounds) but does not specify a clear verb or direction. spatial_accuracy: The instruction does not mention any specific sides or distances, which is a relevant aspect of the scene. conciseness: The instruction is concise, containing only two sentences. hallucination: The instruction mentions 'pedestrian signals', which are not visible in the image, and does not mention any specific objects or hazards."
london,naive,000136,3,3,3,4,3,"Based on the image, it appears that the person is walking down a street with a clear path ahead. Here are the steps you can follow:

1. **Cross the Street**: The traffic lights are green, indicating that it is safe to cross the street. Look for any oncoming traffic and ensure it has stopped before crossing.

2. **Watch for Vehicles**: Be cautious of any vehicles that might",,"safety: The instruction mentions crossing the street and looking for oncoming traffic, but it does not mention the bus or the traffic light, which are present and could be hazards. actionability: The instruction provides a clear action (cross the street) and a body-relative direction (look for oncoming traffic), but it does not specify which side of the street the person should cross. spatial_accuracy: The instruction mentions crossing the street and looking for oncoming traffic, but it does not specify which side of the street the person should cross. conciseness: The instruction is concise, containing only two sentences. hallucination: The instruction mentions crossing the street and looking for oncoming traffic, but it does not mention the bus or the traffic light, which are present and could be hazards."
london,naive,000140,3,3,3,3,3,"The traffic light is green, indicating that it is safe for you to cross the street. However, it's important to be cautious and ensure that there are no oncoming vehicles or pedestrians before proceeding. Look both ways to confirm that it is safe to cross. If you see any vehicles or pedestrians, wait until they have passed before crossing. Once it is clear, you can proceed across the street.",,"safety: The instruction emphasizes the importance of looking both ways and waiting for vehicles and pedestrians, which is crucial for safety. However, it does not mention the traffic light's position, which is a key safety cue. actionability: The instruction uses the verb 'proceed' and provides a clear action of looking both ways, which is actionable. However, it does not specify the direction to look. spatial_accuracy: The instruction mentions 'the street' but does not specify which side of the street the pedestrian should look at, which is a spatial error. conciseness: The instruction is relatively concise, containing two sentences without excessive description. hallucination: The instruction mentions 'oncoming vehicles or pedestrians' and 'the street', which are supported by the image and cues. However, it does not mention the traffic light's position, which is a relevant hazard."
london,naive,000144,1,3,3,2,3,"The person should continue walking forward, as the path appears clear and there are no immediate obstacles. The trees and bicycles suggest a pedestrian-friendly area, so it's safe to proceed. If the person feels comfortable, they can look around to see if there are any specific directions they need to take or if they want to stop and explore the area further.",,"safety: The instruction does not mention any immediate obstacles or hazards, which could be dangerous for a blind pedestrian. actionability: The instruction uses a vague verb 'continue' and a vague direction 'forward', which does not clearly guide the pedestrian. spatial_accuracy: The instruction mentions 'trees and bicycles', but does not specify their positions or distances, which could be misleading. conciseness: The instruction is too long and includes unnecessary details about the area, which distracts from the main navigation task. hallucination: The instruction mentions 'trees and bicycles', which are present in the image, but does not mention the trash can or the people, which are also present."
london,naive,000148,3,3,3,2,3,"The person should continue walking straight ahead. The street appears to be clear, and there are no immediate obstacles or hazards visible. The sidewalk is wide, and there are trees and buildings on both sides, which can provide some natural guidance. The person should maintain a steady pace and be aware of any changes in the environment, such as pedestrians or vehicles. If there are any sounds or movements that indicate the",,"safety: The instruction does not mention any immediate hazards, but it does not name the most safety-critical hazard within a few steps, which is a car on the right side. actionability: The instruction uses a concrete verb 'continue' and a body-relative direction 'straight ahead', but it is somewhat vague as it does not specify the person's current position or the next step. spatial_accuracy: The instruction mentions the street and sidewalk, but it does not specify the distance or the sides accurately. It also does not mention the presence of bicycles or the person far ahead. conciseness: The instruction is a bit long and includes some scene description, which is not necessary for a navigation instruction. hallucination: The instruction mentions a person far ahead and bicycles, but it does not mention the truck in the center far, which is a relevant object."
london,naive,000152,1,3,1,2,1,"The person wearing the camera should continue walking forward. They can use the tactile cues from the sidewalk and the street to navigate. If they encounter any obstacles, they can adjust their path accordingly. The person should also be aware of any pedestrians or cyclists around them and be prepared to communicate their intentions clearly.",,"safety: The instruction does not mention any specific hazards, such as the person in the center of the image, which could pose a risk to the pedestrian. actionability: The instruction uses the verb 'continue' but does not specify a direction, making it vague and not actionable. spatial_accuracy: The instruction does not mention any specific sides or distances, which makes it difficult to determine the correct path. conciseness: The instruction is long and includes unnecessary details about tactile cues and communication, which are not relevant to the navigation task. hallucination: The instruction mentions 'tactile cues from the sidewalk and the street', which are not visible in the image, and does not mention the person in the center of the image, which is a relevant obstacle."
london,naive,000156,1,3,3,2,1,"The person should continue walking forward, as the path appears clear and there are no immediate obstacles. The person can use the tactile guide lines on the ground to navigate safely. If they encounter any changes in the environment, such as a change in the surface or the presence of other pedestrians, they should be prepared to adjust their path accordingly. The person should also be aware of any audible cues, such as",,"safety: The instruction does not mention any immediate obstacles or hazards, which could be dangerous for a blind pedestrian. actionability: The instruction uses the verb 'continue' but does not specify a direction, making it vague and unclear. spatial_accuracy: The instruction does not mention any specific sides or distances, which could lead to confusion. conciseness: The instruction is long and includes unnecessary details, such as describing the tactile guide lines and potential changes in the environment. hallucination: The instruction mentions 'tactile guide lines' and 'audible cues,' but there is no indication of these in the image or cues provided."
london,naive,000160,1,2,1,1,1,The person should continue walking straight ahead. There are no immediate obstacles or hazards visible in the immediate path. The person can maintain their current pace and direction.,,"safety: The instruction does not mention any immediate hazards or obstacles, which could be dangerous for a blind pedestrian. actionability: The instruction uses a vague direction 'straight ahead' without specifying a body-relative direction. spatial_accuracy: The instruction does not mention any specific sides or distances, which could be misleading for a blind pedestrian. conciseness: The instruction is too brief and does not provide enough information for a blind pedestrian. hallucination: The instruction mentions 'the person' which is not a supported object in the image or cues."
london,naive,000164,1,3,3,2,3,"The sign in the image indicates that buses on the 19, 38, N19, and N38 routes are on diversion. To the left, you can see St Martin-in-the-Fields church, which you visited in a previous video. Since the buses are on diversion, you should take the left turn towards the church. After reaching the church, you can continue walking",,"safety: The instruction directs the pedestrian into a potentially hazardous area, as the left turn towards the church could involve crossing the road or navigating through pedestrians. actionability: The instruction uses a concrete verb 'take' and a body-relative direction 'left', but it does not specify the distance or the exact location of the church, making it less actionable. spatial_accuracy: The instruction mentions the church to the left, but the sign indicates that buses are on diversion, which might not be relevant to the pedestrian's immediate path. The spatial accuracy is compromised by the lack of clear spatial information. conciseness: The instruction is quite long, containing a scene description and a detailed action, which detracts from its conciseness. hallucination: The instruction mentions the church and the buses' diversion, but it does not mention any other objects or hazards in the image, which is a hallucination."
london,naive,000168,3,5,5,4,5,"As you continue walking, you will soon reach Trafalgar Square. Keep moving forward and you should be able to see the square ahead.",,"safety: The instruction does not mention any immediate hazards, but it does not direct the person into a hazard either. actionability: The instruction uses a concrete verb 'keep moving forward' and a body-relative direction 'ahead', which is clear and actionable. spatial_accuracy: The instruction states 'keep moving forward and you should be able to see the square ahead', which aligns with the image and the cues provided. conciseness: The instruction is concise, containing only two sentences without any scene description. hallucination: The instruction mentions Trafalgar Square, which is supported by the image and the cues provided."
london,naive,000172,1,3,3,2,3,"As you continue walking, you will soon reach Trafalgar Square. Keep moving forward and look out for the iconic Nelson's Column and the red double-decker buses. You can also listen for the characteristic sounds of the square, such as the traffic and people.",,"safety: The instruction does not mention any immediate hazards, such as the car or bus in the right lane, which could pose a risk to the pedestrian. actionability: The instruction uses a concrete verb 'keep moving forward' and provides a clear direction 'on the right', but it does not specify the distance to Trafalgar Square, making it less actionable. spatial_accuracy: The instruction correctly states that Trafalgar Square is on the right, but it does not mention the distance or any landmarks that could help the pedestrian locate it. conciseness: The instruction is a bit long and includes some description of the square, which is not necessary for navigation. hallucination: The instruction mentions the Nelson's Column and red double-decker buses, which are supported by the image, but it also mentions the characteristic sounds of the square, which are not visible in the image."
london,naive,000176,1,3,3,2,1,"The person should continue walking forward, staying close to the sidewalk. They can use their white cane to scan the area ahead for any obstacles or changes in the terrain. If they encounter a change in the sidewalk, such as a step or a curb, they should be prepared to adjust their pace or route. The person should also be aware of any pedestrians or vehicles around them and be ready to communicate their",,"safety: The instruction does not mention any specific hazards or changes in the sidewalk, which could be crucial for a blind pedestrian. It also does not warn about the presence of people or vehicles, which are visible in the image. actionability: The instruction uses a concrete verb 'continue walking' and a body-relative direction 'forward', but it lacks a specific action for the person to take regarding the obstacles or changes in the sidewalk. spatial_accuracy: The instruction mentions 'the sidewalk' but does not specify which side of the sidewalk the person should stay close to, which is not clear from the image or cues. conciseness: The instruction is quite long and includes a detailed description of the person's actions and surroundings, which is not necessary for a navigation instruction. hallucination: The instruction mentions 'a change in the sidewalk, such as a step or a curb', but there are no visible steps or curbs in the image. It also mentions 'any pedestrians or vehicles around them', but there are no visible pedestrians or vehicles in the image."
london,naive,000180,1,3,3,4,1,"The person wearing the camera should continue walking forward. The camera is capturing the scene ahead, so they can follow the path of the people in front of them. If they need to cross the street, they should look for a safe crossing point and ensure that it is clear before proceeding. The camera will guide them through the environment, so they can navigate safely.",,"safety: The instruction does not mention any specific safety hazards, such as the traffic light or the person in the foreground, which could pose a risk. actionability: The instruction uses the verb 'continue' but does not specify a body-relative direction, making it vague and unclear. spatial_accuracy: The instruction mentions 'the path of the people in front of them,' but does not specify which side of the street they should be on, which could lead to confusion. conciseness: The instruction is a single sentence, which is concise but lacks specific action and direction. hallucination: The instruction mentions a traffic light and a person in the foreground, which are not present in the image."
london,naive,000184,1,2,3,2,5,"Based on the image, it appears that the person is crossing a street. Here are the steps you should take:

1. **Look for Vehicles**: Ensure that there are no vehicles approaching from the right or left. If there are any, wait until the vehicles have passed before proceeding.

2. **Listen for Traffic Sounds**: Continue to listen for any approaching vehicles. If you hear any, wait until",,"safety: The instruction does not mention any immediate hazards, such as vehicles or pedestrians, which are visible in the image. actionability: The instruction provides a vague action of 'listen for traffic sounds' without specifying a clear direction or distance. spatial_accuracy: The instruction does not mention any specific sides or distances, which are not relevant to the image. conciseness: The instruction is too long and includes unnecessary details about listening for traffic sounds. hallucination: The instruction mentions 'vehicles' and 'traffic sounds', which are supported by the image and cues."
london,naive,000188,1,2,3,4,1,"Based on the image, it appears you are at a roundabout. Here are the steps you can follow:

1. **Listen for Traffic Sounds**: Use your headphones to listen for any approaching vehicles. If you hear any, stop and wait until the traffic has passed.

2. **Look for Pedestrian Signals**: If there are pedestrian signals, check them to see if it's safe to cross",,"safety: The instruction does not mention any specific safety hazards, such as vehicles or pedestrians, which are present in the image. actionability: The instruction provides a general action but lacks a clear verb and direction, making it less actionable. spatial_accuracy: The instruction does not mention any specific sides or distances, which are not relevant in this context. conciseness: The instruction is concise, containing only two sentences. hallucination: The instruction mentions 'pedestrian signals', but there are no pedestrian signals visible in the image."
london,naive,000192,3,3,3,3,1,"The person should continue walking straight ahead. The tactile paving on the sidewalk indicates a crossing, so they should be prepared to cross the street. There is a bus stop nearby, and the bus appears to be stopped, so it might be safe to cross. However, it's always a good idea to check for oncoming traffic and ensure it's safe to cross. If there's no immediate danger,",,"safety: The instruction mentions checking for oncoming traffic and ensuring it's safe to cross, which is a good safety practice. However, it does not explicitly mention the bus as a potential hazard, which could be a concern. actionability: The instruction uses the verb 'should' and provides a clear direction 'straight ahead', which is actionable. However, it could be more specific about the action, such as 'walk straight ahead and be prepared to cross the street.' spatial_accuracy: The instruction mentions the tactile paving and bus stop, which are correctly located in the image. However, it does not mention the bus as a potential hazard, which could be a concern. conciseness: The instruction is relatively concise, containing three sentences. It provides clear guidance but could be more specific about the action and the bus as a potential hazard. hallucination: The instruction mentions the bus as a potential hazard, which is not supported by the image. The image shows a bus, but it does not indicate that it is a hazard at this moment."
london,naive,000196,3,3,3,2,5,"The person should continue walking forward, as the path appears clear and there are no immediate obstacles. The red double-decker bus and the white van are parked on the right side of the street, and there are no pedestrians or vehicles in the immediate vicinity. The person should maintain a steady pace and be aware of any changes in the environment, such as the presence of other pedestrians or vehicles.",,"safety: The instruction does not mention any immediate hazards, but it does not name the red double-decker bus as a potential obstacle. actionability: The instruction uses a concrete verb 'continue walking' and a body-relative direction 'forward', but it does not specify the person's current position or the path they should follow. spatial_accuracy: The instruction mentions the right side of the street, but it does not specify the distance or the exact location of the red double-decker bus and the white van. conciseness: The instruction is long and includes a detailed description of the environment, which is not necessary for a navigation instruction. hallucination: The instruction mentions the red double-decker bus and the white van, which are present in the image, but it does not mention any other objects or hazards."
london,naive,000200,3,4,3,2,3,"The person should continue walking forward, staying close to the sidewalk. They can use the tactile paving or the curb to guide their path. If they encounter any obstacles, such as the bus or pedestrians, they should stop and assess the situation before proceeding. The person should also be aware of any changes in the environment, such as the presence of the bus, and adjust their walking speed accordingly.",,"safety: The instruction mentions the bus as a potential obstacle but does not specify the immediate danger it poses, which could be misleading. actionability: The instruction uses the verb 'should' and provides a clear direction 'forward', but it lacks a specific body-relative direction. spatial_accuracy: The instruction mentions the sidewalk and tactile paving correctly, but it does not specify the distance or side of the sidewalk. conciseness: The instruction is long and includes a detailed description of the environment, which is not necessary for a navigation instruction. hallucination: The instruction mentions the bus as a potential obstacle, which is supported by the image, but it does not mention the tactile paving or the curb, which are not visible in the image."
london,naive,000204,3,5,3,4,3,"The person should continue walking forward, following the sidewalk. They can use their white cane to scan the ground and detect any obstacles. The bus stop and the red double-decker bus are visible, so they should be cautious around the bus and the area near the bus stop. The person can also look for any tactile paving or other tactile indicators that might guide them to the bus stop. If they need",,"safety: The instruction mentions the bus and bus stop, which are relevant hazards, but does not specifically warn about the person in the center of the image, who is a near hazard. actionability: The instruction uses the verb 'continue' and provides a body-relative direction 'forward', which is clear and actionable. spatial_accuracy: The instruction mentions the bus and bus stop, which are correctly located in the image, but does not mention the person in the center of the image, who is a near hazard. conciseness: The instruction is concise, containing only two sentences without any unnecessary description. hallucination: The instruction mentions the bus and bus stop, which are supported by the image, but does not mention the person in the center of the image, who is a near hazard."
london,naive,000208,3,4,3,2,3,"The next step for the blind person should be to continue walking in the direction they are currently going. Since the entrance to the Underground is closed for renovations, they should keep moving forward until they reach the next available entrance or a designated detour. If they are unsure, they can ask for assistance from someone nearby or use their cane to guide them.",,"safety: The instruction advises the pedestrian to continue walking forward, which is safe as long as they avoid obstacles. However, it does not mention the immediate obstacle in the center of the image, which could be a hazard. actionability: The instruction uses a concrete verb 'continue' and a body-relative direction 'forward', making it actionable. However, it could be more specific about the next available entrance or detour. spatial_accuracy: The instruction does not mention any specific sides or distances, so it scores 3. The image shows people walking forward, but the instruction does not specify which side they should be on. conciseness: The instruction is a paragraph, which is too long. It could be improved by shortening it to two sentences. hallucination: The instruction mentions 'Underground' and 'entrance', which are supported by the image. However, it does not mention the specific obstacles or the person in the center of the image."
london,naive,000212,3,3,3,2,1,"The next step for the blind person would be to continue walking in the direction they are currently going. Since the entrance to the Underground is closed for renovations, they should keep moving forward until they reach the next available entrance or a designated detour. If they are unsure about the route, they can ask for assistance from someone nearby or use their phone to navigate through a map or voice-guided app.",,"safety: The instruction advises the pedestrian to continue walking forward, which is safe as long as they avoid the blocked area. However, it does not mention the immediate obstacle in the center far, which could be a hazard. actionability: The instruction uses a concrete verb 'continue' and a body-relative direction 'forward', but it is somewhat vague as it does not specify the distance or the next available entrance. spatial_accuracy: The instruction mentions the next available entrance, but it does not specify the distance or the next available entrance, which is not clear from the image or cues. conciseness: The instruction is a paragraph, which is too long and includes unnecessary details about the entrance being closed for renovations. hallucination: The instruction mentions the next available entrance and a designated detour, but there is no indication of these in the image or cues."
london,naive,000216,3,3,3,2,1,"The next step for the blind person is to continue walking forward. Since the entrance to the Underground is closed for renovations, they should follow the path they are on and look for the next available entrance. If they are unsure, they can ask for assistance from someone nearby or use their white cane to guide them.",,"safety: The instruction does not mention any immediate hazards, but it does guide the pedestrian away from the closed entrance, which is a safe action. actionability: The instruction uses a concrete verb 'continue' and a body-relative direction 'forward', but it does not specify the next available entrance, which is vague. spatial_accuracy: The instruction does not mention any specific sides or distances, but it does not contradict the image or cues. conciseness: The instruction is a paragraph, which is longer than necessary for the given task. hallucination: The instruction mentions 'the next available entrance', but the image does not show any other entrances besides the one being closed for renovations."
london,naive,000220,3,5,3,4,5,The person should continue walking straight ahead. There are no immediate obstacles or hazards visible in the immediate path. The person can keep their pace steady and focus on the sounds around them to navigate safely.,,"safety: The instruction does not mention any immediate obstacles or hazards, which could be a concern given the presence of a bus and people in the immediate path. actionability: The instruction uses a concrete verb 'continue' and a body-relative direction 'straight ahead', which is clear and actionable. spatial_accuracy: The instruction does not mention any specific sides or distances, but it does not contradict the image or cues provided. conciseness: The instruction is concise, consisting of two sentences without any unnecessary details. hallucination: The instruction mentions no objects, hazards, or directions that are not supported by the image or cues."
london,naive,000224,1,3,3,2,3,"The blind person should continue walking forward, as the path appears clear and there are no immediate obstacles. The red double-decker bus and the ice cream stand are visible, indicating that the person is in an urban area. The person should maintain a steady pace and be aware of any changes in the environment, such as the presence of pedestrians or vehicles. If the person encounters any obstacles or changes in the",,"safety: The instruction does not mention any immediate obstacles or hazards, which could be dangerous for a blind pedestrian. actionability: The instruction uses the verb 'continue' but does not specify a direction, making it vague and not actionable. spatial_accuracy: The instruction mentions the red double-decker bus and the ice cream stand, but does not specify their distance or relative position, which could be misleading. conciseness: The instruction is too long, containing unnecessary details and a paragraph format, which is not concise. hallucination: The instruction mentions the red double-decker bus and the ice cream stand, which are visible in the image, but does not mention the person or the trash can, which are also present."
london,naive,000228,3,3,3,2,3,"The person should continue walking forward, staying close to the sidewalk. They can use their white cane to scan the area ahead for any obstacles or changes in the terrain. The person should also be aware of the bus and other vehicles on the road, as well as pedestrians. If they hear any approaching vehicles, they should stop and wait until the vehicles pass before continuing.",,"safety: The instruction mentions the bus and other vehicles, which are relevant hazards, but does not specifically warn about the person in the center of the image, which is a near hazard. actionability: The instruction uses a concrete verb 'continue walking' and a body-relative direction 'forward', but it is somewhat vague about the distance and the specific action of staying close to the sidewalk. spatial_accuracy: The instruction mentions the bus and other vehicles on the road, but does not specify the distance or direction of the person in the center of the image, which is a near hazard. conciseness: The instruction is a paragraph, which is quite long and includes some description of the scene, making it less concise. hallucination: The instruction mentions the bus and other vehicles, which are supported by the image and cues, but it does not mention the person in the center of the image, which is a near hazard."
london,naive,000232,1,3,3,2,5,"The person should continue walking forward, as the path appears clear and there are no immediate obstacles. The red double-decker bus is to the right, and there are no pedestrians or vehicles directly in front of them. The sidewalk is wide and seems to be in good condition. If they encounter any changes in the environment, such as a change in the sidewalk's texture or the presence of a vehicle,",,"safety: The instruction does not mention the red double-decker bus as a potential hazard, which is a significant obstacle in the immediate environment. actionability: The instruction uses the verb 'continue' but does not specify a body-relative direction, making it vague and potentially confusing. spatial_accuracy: The instruction mentions the bus to the right, but does not specify the distance or the sidewalk's condition, which are important spatial details. conciseness: The instruction is quite long and includes unnecessary details about the sidewalk's condition and potential environmental changes, which detracts from its conciseness. hallucination: The instruction mentions the bus, sidewalk, and pedestrians, all of which are supported by the image and cues."
london,naive,000236,4,4,3,3,3,"The person should continue walking forward, staying close to the sidewalk. They can use their white cane to scan the area ahead for any obstacles or changes in the environment. If they encounter a bus, they should be cautious and ensure they are at a safe distance. The person should also be aware of any pedestrians or vehicles that might be approaching. If they need to cross the street, they should wait for",,"safety: The instruction mentions the bus as a relevant hazard and advises caution, which is appropriate given the presence of a bus in the image. actionability: The instruction uses a concrete verb 'continue walking' and provides a body-relative direction 'forward', which is clear and actionable. spatial_accuracy: The instruction mentions the bus as a relevant obstacle and advises caution, but does not specify the distance or side, which is a minor error. conciseness: The instruction is composed of three sentences, which is a bit verbose but still within the acceptable range. hallucination: The instruction mentions the bus and advises caution, which are supported by the image and cues. However, it does not mention the person or vehicles, which are not present in the image."
london,naive,000240,3,5,3,4,3,"The person should continue walking forward, following the sidewalk. They can use the tactile paving on the ground to guide their path. If they encounter a bus stop, they should be cautious and ensure they are in a safe position to board the bus. If they need to cross the street, they should look for a crosswalk and use the tactile paving to navigate safely across the road.",,"safety: The instruction mentions a bus stop and cautions about boarding, which is a relevant near hazard. However, it does not mention the person on the right who is close by, which could be a significant obstacle. actionability: The instruction uses the verb 'continue' and provides a body-relative direction 'forward', which is clear and actionable. spatial_accuracy: The instruction mentions the sidewalk and bus stop, which are correctly described in the image. However, it does not mention the person on the right who is close by, which could be a significant obstacle. conciseness: The instruction is concise, containing only two sentences without any unnecessary details. hallucination: The instruction mentions a bus stop and a person on the right, which are supported by the image. However, it does not mention the person in the center who is far away, which is not a significant obstacle."
london,naive,000244,4,4,3,3,5,"The person should continue walking forward, staying close to the sidewalk. They should be aware of the orange plastic bag in their hand and ensure it does not obstruct their path. The person should also be mindful of any upcoming obstacles, such as the curb or other pedestrians. If they encounter any obstacles, they should use their cane to navigate around them.",,"safety: The instruction mentions the most immediate hazard (the person ahead) and advises the pedestrian to be mindful of the curb and other pedestrians, which is appropriate given the image context. actionability: The instruction uses clear verbs like 'continue walking' and 'stay close to the sidewalk', which are action-oriented and specific. spatial_accuracy: The instruction mentions staying close to the sidewalk and being mindful of the curb, which aligns with the image and sensor cues. conciseness: The instruction is composed of three sentences, which is a moderate amount of detail. hallucination: The instruction mentions the person ahead, the curb, and other pedestrians, all of which are supported by the image and sensor cues."
london,naive,000248,1,2,1,2,3,"Based on the image, it appears you are walking down a street in an urban area. Here are some steps you can take to continue your walk safely:

1. **Listen for Sounds**: Continue to listen for the sounds around you. The sound of the bus and other vehicles can help you gauge your surroundings and the distance to them. The sound of pedestrians can also be helpful.

2. **Ob",,"safety: The instruction does not mention any immediate safety hazards, such as the bus or other pedestrians, which are present in the image. actionability: The instruction provides a vague action of 'listen for sounds' without specifying a clear direction or distance. spatial_accuracy: The instruction does not mention any specific sides or distances, which are important for navigation in an urban environment. conciseness: The instruction is too brief and does not provide enough information to guide the pedestrian effectively. hallucination: The instruction mentions the bus and other pedestrians, which are present in the image, but does not mention any other objects or hazards."
london,naive,000252,1,3,3,2,5,"The person should continue walking forward, as the path appears clear and there are no immediate obstacles. The red double-decker bus is to the left, and there are pedestrians and buildings ahead. The person should maintain a steady pace and be aware of any changes in the environment, such as the presence of vehicles or pedestrians. If there are any sounds or movements that indicate the need to be cautious, the",,"safety: The instruction does not mention any immediate hazards, such as the red double-decker bus or pedestrians, which are visible in the image. actionability: The instruction uses a concrete verb 'continue walking' and a body-relative direction 'forward', but it lacks a specific body part, such as 'left foot' or 'right hand', which could be more precise. spatial_accuracy: The instruction mentions the red double-decker bus to the left and pedestrians ahead, which are consistent with the image. However, it does not mention the person in the center far ahead, which is a relevant obstacle. conciseness: The instruction is a paragraph, which is longer than necessary for the given task, and includes some scene description. hallucination: The instruction mentions the red double-decker bus, pedestrians, and buildings, which are all supported by the image and cues."
london,naive,000256,3,3,3,3,5,"The person should continue walking straight ahead. The road appears clear, and there are no immediate obstacles or traffic issues. The bus on the left side of the road is stationary, and there are no pedestrians or vehicles directly in the path. The person should maintain a steady pace and be aware of any changes in the environment, such as turning vehicles or pedestrians crossing the street.",,"safety: The instruction does not mention any immediate hazards, but it does not name the bus as a potential obstacle, which could be a concern for a blind pedestrian. actionability: The instruction uses a concrete verb 'continue' and a body-relative direction 'straight ahead', but it lacks a specific body part, such as 'left hand' or 'right hand', which could be helpful for a blind pedestrian. spatial_accuracy: The instruction mentions the bus on the left side of the road, which is correct, but it does not mention the trash can or the pedestrians, which are present in the image. conciseness: The instruction is relatively concise, containing three sentences, but it includes some unnecessary details and descriptions. hallucination: The instruction mentions the bus, trash can, and pedestrians, all of which are present in the image, but it does not mention any other objects or hazards."
london,naive,000260,1,3,3,4,5,"The image shows a busy urban street with pedestrians, vehicles, and buildings. Here are some steps you can follow to navigate safely:

1. **Listen for Traffic Sounds**: Pay attention to the sounds of vehicles, especially cars, buses, and bicycles. This will help you gauge the traffic flow and any potential hazards.

2. **Observe Traffic Signals**: Look for traffic lights and follow their instructions.",,"safety: The instruction does not mention any specific safety-critical hazards, such as pedestrians, vehicles, or traffic lights, which are visible in the image. actionability: The instruction provides a general action (listen for traffic sounds) but does not specify a clear verb or body-relative direction. spatial_accuracy: The instruction does not mention any specific sides or distances, which are not relevant to the image. conciseness: The instruction is concise, containing only two sentences. hallucination: The instruction mentions traffic sounds and traffic lights, which are supported by the image and cues."
london,naive,000264,1,2,1,2,1,"Based on the image, it appears you are walking down a busy street. Here are some steps you can take to navigate safely:

1. **Listen for Sounds**: Continue to listen for the sounds around you. The sounds of people talking, vehicles, and the environment can provide important clues about your surroundings.

2. **Observe the Sidewalk**: Look for any pedestrians or obstacles on the sidewalk",,"safety: The instruction does not mention any specific hazards or obstacles, which is a safety concern. actionability: The instruction provides a vague action of 'listen for sounds' and 'observe the sidewalk', lacking specific, actionable steps. spatial_accuracy: The instruction does not mention any specific sides or distances, which is a spatial error. conciseness: The instruction is too long and includes unnecessary scene description, making it less concise. hallucination: The instruction mentions 'listen for sounds' and 'observe the sidewalk', which are not supported by the image or cues."
london,naive,000268,1,2,1,2,1,"The person wearing the camera should continue walking forward. The camera is capturing the environment ahead, so they should follow the path indicated by the camera's view. If the camera shows a clear path ahead, they should proceed straight. If there are any obstacles or changes in the path, the camera will alert them through the audio feed.",,"safety: The instruction does not mention any specific hazards or obstacles, which could be dangerous for a blind pedestrian. actionability: The instruction uses vague directions and does not specify a clear action, making it difficult to follow. spatial_accuracy: The instruction does not mention any specific sides or distances, which could lead to confusion. conciseness: The instruction is too long and includes unnecessary details, making it hard to follow. hallucination: The instruction mentions 'the camera' and 'the path indicated by the camera's view', which are not present in the image or cues."
london,naive,000272,,,,,,"The person should continue walking forward, as the additional walk mentioned in the subtitle suggests that the destination is still within a short distance. The person should maintain a steady pace and be aware of their surroundings, including any potential obstacles or changes in the environment. If they encounter any new structures or landmarks, they should use their other senses, such as listening for sounds or feeling the ground, to navigate safely.",,"PARSE_ERROR: Expecting ',' delimiter: line 3 column 179 (char 362)"
london,naive,000276,3,5,3,3,5,"The person wearing the camera should continue walking down the sidewalk. The camera is capturing the surroundings, including the Charing Cross Station entrance. The person should stay close to the entrance and follow the path that leads into the station. The text overlay indicates that the walk to the station is under five minutes, so the person should proceed at a steady pace.",,"safety: The instruction does not mention any immediate hazards and directs the person to stay close to the entrance, which is a safe action. actionability: The instruction uses a concrete verb 'continue walking' and a body-relative direction 'down the sidewalk', making it actionable. spatial_accuracy: The instruction mentions the Charing Cross Station entrance and directs the person to stay close to it, which matches the image and cues. conciseness: The instruction is composed of three sentences, which is a bit verbose but still concise. hallucination: The instruction mentions the Charing Cross Station entrance and the person should stay close to it, which are supported by the image and cues."
london,naive,000280,1,1,1,1,1,"The next step in your walk would be to choose two stations you would like to see between. You can ask for directions or suggestions from someone you are with, or you can use your phone to search for the locations and get directions. If you need assistance, you can ask for help from a guide dog or a sighted companion.",,"safety: The instruction does not mention any immediate hazards or guide dogs, which could be crucial for a blind pedestrian. actionability: The instruction is vague and does not provide a clear action or direction. spatial_accuracy: The instruction does not mention any specific sides or distances, which is a problem given the image. conciseness: The instruction is long and includes unnecessary details, such as asking for directions from someone with you. hallucination: The instruction mentions guide dogs, which are not present in the image."
london,naive,000284,1,3,3,4,3,"The image shows a street scene with a large, ornate building in the background. There are several cars parked or moving on the street. Here are some steps you can take next:

1. **Listen for Sounds**: Pay attention to the sounds around you. Listen for the movement of vehicles, people, and any other environmental noises that can help you navigate the area.

2. **Use Your Surround",,"safety: The instruction does not mention any specific safety hazards, such as the parked cars or the movement of vehicles, which could pose a risk to a blind pedestrian. actionability: The instruction provides a general action of listening for sounds but does not specify a clear action to take, such as turning left or right. spatial_accuracy: The instruction does not mention any specific spatial directions or distances, which are not provided in the image or cues. conciseness: The instruction is concise, consisting of two sentences without any scene description. hallucination: The instruction mentions listening for sounds and using surroundings, but does not mention any specific objects or hazards in the image."
london,context-v1,000000,1,5,3,4,5,"A person is directly ahead, and a traffic light is at knee height. Cross the street.","Free space: left=clear, centre=clear, right=clear. Obstacles: person (right, mid); traffic light (right, mid); person (centre, mid); traffic light (right, mid).","safety: The instruction directs the pedestrian into a hazardous situation by not mentioning the traffic light at knee height, which is a significant obstacle. actionability: The instruction is clear and specific, providing a concrete verb and a body-relative direction. spatial_accuracy: The instruction mentions a person directly ahead and a traffic light at knee height, which are both present in the image, but it does not specify the distance or side, which is a minor error. conciseness: The instruction is concise, containing only two sentences without any unnecessary description. hallucination: The instruction mentions a person directly ahead and a traffic light at knee height, which are both supported by the image and cues."
london,context-v1,000004,1,2,1,2,3,"A person is directly ahead, and a traffic light is at knee height. Cross the street.","Free space: left=clear, centre=clear, right=clear. Obstacles: traffic light (right, mid); person (centre, mid); traffic light (right, mid); person (right, mid).","safety: The instruction directs the pedestrian into a hazardous situation by not mentioning the traffic light and the person ahead, which are both within a few steps. actionability: The instruction is vague and does not provide a clear verb or body-relative direction, making it unclear what action the pedestrian should take. spatial_accuracy: The instruction does not mention the traffic light or the person ahead, which are both within a few steps. conciseness: The instruction is too long and includes a scene description, which is not necessary for a navigation instruction. hallucination: The instruction mentions a person and a traffic light, both of which are present in the image, but does not mention the free space around the pedestrian."
london,context-v1,000008,1,2,3,4,5,The way ahead is clear. Continue straight.,"Free space: left=partly blocked, centre=clear, right=clear. Obstacles: person (right, far); person (right, far); person (right, far); person (right, far).","safety: The instruction does not mention any potential hazards, such as the red barrier or the people standing close by. actionability: The instruction is vague and does not specify a clear action or direction, only stating 'The way ahead is clear. Continue straight.' spatial_accuracy: The instruction does not mention any specific sides or distances, only stating 'The way ahead is clear. Continue straight.' conciseness: The instruction is concise, consisting of only two sentences. hallucination: The instruction does not mention any objects, hazards, or directions that are not present in the image or cues."
london,context-v1,000012,3,3,3,4,3,The way ahead is partly blocked. Move slightly to the right.,"Free space: left=blocked, centre=partly blocked, right=partly blocked. Obstacles: person (left, near); truck (left, far); trash can (centre, far); person (left, far).","safety: The instruction directs the pedestrian to move right, which avoids the truck and trash can, but does not mention the person to the left, who is a near hazard. actionability: The instruction uses a concrete verb 'move' and a body-relative direction 'right', but it does not specify the distance or the side of the road. spatial_accuracy: The instruction mentions moving right, but does not specify the distance or side of the road, which could be misleading. conciseness: The instruction is concise, containing only two sentences without any scene description. hallucination: The instruction mentions the truck and trash can, which are supported by the image, but does not mention the person to the left, who is a near hazard."
london,context-v1,000016,4,4,4,4,5,The way ahead is partly blocked. Move slightly to the right.,"Free space: left=partly blocked, centre=partly blocked, right=partly blocked. Obstacles: person (right, far); person (centre, far); person (centre, far); person (centre, far).","safety: The instruction directs the pedestrian to move right, which avoids the immediate obstacle on the right side. actionability: The instruction uses a concrete verb 'move' and a clear direction 'right', making it actionable. spatial_accuracy: The instruction mentions moving slightly to the right, which aligns with the partly blocked free space on the right side of the image. conciseness: The instruction is brief and to the point, containing only one sentence. hallucination: The instruction mentions moving right, which is supported by the image showing a partly blocked free space on the right side."
london,context-v1,000020,4,4,3,4,3,The way ahead is partly blocked. Move slightly to the right.,"Free space: left=partly blocked, centre=partly blocked, right=partly blocked. Obstacles: person (right, near); person (right, near); person (centre, mid); person (right, mid).","safety: The instruction directs the pedestrian to move right, which avoids the immediate obstacle on the right side. actionability: The instruction uses a concrete verb 'move' and a clear direction 'right', making it actionable. spatial_accuracy: The instruction mentions moving right, which aligns with the obstacle on the right side, but does not specify the distance, which is partly blocked. conciseness: The instruction is brief and to the point, containing only one sentence. hallucination: The instruction mentions moving right, which is supported by the image, but does not mention the obstacles or free space, which are partly blocked."
london,context-v1,000024,5,5,3,4,5,The bus is partly blocking the way ahead. Move slightly to the right.,"Free space: left=partly blocked, centre=partly blocked, right=partly blocked. Obstacles: person (left, mid); bus (centre, far); trash can (left, far); car (right, far).","safety: The instruction directs the pedestrian to move right, which avoids the bus that is partly blocking the way ahead. actionability: The instruction uses a concrete verb 'move' and a clear direction 'slightly to the right', making it actionable. spatial_accuracy: The instruction mentions moving slightly to the right, which aligns with the bus being partly blocking the way ahead. conciseness: The instruction is brief and to the point, containing only two sentences. hallucination: The instruction mentions the bus and the pedestrian, which are supported by the image and cues."
london,context-v1,000028,3,3,3,4,5,The bus is partly blocking the way ahead. Move slightly to the right.,"Free space: left=blocked, centre=blocked, right=blocked. Obstacles: bus (right, near); person (centre, near); person (right, near); person (left, mid).","safety: The instruction directs the pedestrian to move right, which avoids the bus, but it does not mention the person in the center, who is a near hazard. actionability: The instruction uses a concrete verb 'move' and a body-relative direction 'right', but it does not specify the distance or the person in the center. spatial_accuracy: The instruction mentions moving right, but it does not specify the distance or the person in the center, who is a near hazard. conciseness: The instruction is concise, containing only two sentences. hallucination: The instruction mentions the bus and the person in the center, which are supported by the image and cues."
london,context-v1,000032,5,5,5,4,5,The bus is partly blocking the way ahead. Move slightly to the right.,"Free space: left=blocked, centre=partly blocked, right=blocked. Obstacles: bus (right, near); truck (left, near); person (centre, mid); person (centre, far).","safety: The instruction directs the pedestrian to move right, which avoids the bus that is partly blocking the way ahead. actionability: The instruction uses a concrete verb 'move' and a body-relative direction 'right', providing clear guidance. spatial_accuracy: The instruction correctly states that the bus is partly blocking the way ahead and directs the pedestrian to move right, which aligns with the image and cues. conciseness: The instruction is brief and to the point, containing only two sentences without any unnecessary details. hallucination: The instruction mentions the bus and the pedestrian's action, which are both supported by the image and cues."
london,context-v1,000036,4,4,3,4,5,The bus is partly blocking the way ahead. Move slightly to the right.,"Free space: left=partly blocked, centre=partly blocked, right=partly blocked. Obstacles: person (left, far); person (right, far); person (left, far); person (right, far).","safety: The instruction directs the pedestrian to move right, which is a safe action given the partial obstruction by the bus. actionability: The instruction uses a concrete verb 'move' and a body-relative direction 'right', making it actionable. spatial_accuracy: The instruction mentions moving slightly to the right, which aligns with the partial obstruction by the bus, but it does not specify the distance, which is a minor error. conciseness: The instruction is brief and to the point, containing only one sentence. hallucination: The instruction mentions the bus as the obstacle, which is supported by the image and the cues."
london,context-v1,000040,5,5,3,4,5,The bicycle is partly blocking the way ahead. Move slightly to the right.,"Free space: left=blocked, centre=partly blocked, right=clear. Obstacles: bicycle (left, near); person (centre, far); bicycle (centre, far); person (centre, far).","safety: The instruction directs the pedestrian to move right, which avoids the partly blocking bicycle, ensuring safety. actionability: The instruction uses a concrete verb 'move' and a clear direction 'slightly to the right', making it actionable. spatial_accuracy: The instruction mentions moving slightly to the right, which aligns with the partly blocked bicycle on the left side of the image. conciseness: The instruction is brief and to the point, containing only two sentences without any unnecessary details. hallucination: The instruction mentions the bicycle as the obstacle, which is supported by the image and the cues."
london,context-v1,000044,5,5,3,4,5,The person in the center is partly blocking the way. Move slightly to the right.,"Free space: left=clear, centre=clear, right=blocked. Obstacles: person (left, far); motorcycle (left, far); person (centre, far); person (centre, far).","safety: The instruction directs the pedestrian to move right, which avoids the person in the center who is partly blocking the way. actionability: The instruction uses a concrete verb 'move' and a body-relative direction 'right', making it actionable. spatial_accuracy: The instruction mentions moving right, which aligns with the image and the cues provided. conciseness: The instruction is brief and to the point, containing only one sentence. hallucination: The instruction mentions a person in the center who is partly blocking the way, which is supported by the image and the cues provided."
london,context-v1,000048,5,5,5,4,5,The person is directly ahead. Move slightly to the right.,"Free space: left=clear, centre=clear, right=blocked. Obstacles: person (left, far); bus (right, far); bus (centre, far); car (right, far).","safety: The instruction directs the pedestrian to move slightly to the right, avoiding the person who is directly ahead, which is a safe action. actionability: The instruction uses a concrete verb 'move' and a body-relative direction 'slightly to the right', making it actionable. spatial_accuracy: The instruction mentions moving slightly to the right, which aligns with the image and the cues provided, indicating clear spatial accuracy. conciseness: The instruction is brief and to the point, containing only two sentences without any unnecessary details. hallucination: The instruction mentions the person who is directly ahead and advises moving slightly to the right, which is supported by the image and the cues provided."
london,context-v1,000052,1,3,3,4,3,The car is directly ahead. Move slightly to the right.,"Free space: left=clear, centre=clear, right=blocked. Obstacles: car (right, near); person (left, far); person (left, far); person (centre, far).","safety: The instruction directs the pedestrian into the path of the car, which is a safety hazard. actionability: The instruction uses a concrete verb 'move' and a body-relative direction 'right', but it is not clear how far to move. spatial_accuracy: The instruction mentions the car, but it does not specify the distance or side relative to the pedestrian, which is not clear from the image. conciseness: The instruction is brief and clear, containing only one sentence. hallucination: The instruction mentions the car, which is supported by the image, but does not mention any other objects or hazards."
london,context-v1,000056,3,5,3,4,3,The bicycle is directly ahead. Move slightly to the right.,"Free space: left=clear, centre=clear, right=partly blocked. Obstacles: bicycle (right, mid); person (centre, far); person (left, far); trash can (centre, far).","safety: The instruction directs the pedestrian to move slightly to the right, which avoids the bicycle, but does not mention the person in the center far ahead, which could be a safety concern. actionability: The instruction uses a concrete verb 'move' and a body-relative direction 'slightly to the right', which is clear and actionable. spatial_accuracy: The instruction mentions the bicycle directly ahead and tells the pedestrian to move slightly to the right, which aligns with the image and cues. However, it does not mention the person in the center far ahead, which could be a safety concern. conciseness: The instruction is concise, containing only two sentences without any scene description. hallucination: The instruction mentions the bicycle and the action of moving to the right, which are supported by the image and cues. However, it does not mention the person in the center far ahead, which could be a safety concern."
london,context-v1,000060,1,5,3,4,3,The car is directly ahead. Move slightly to the right.,"Free space: left=clear, centre=clear, right=blocked. Obstacles: car (right, near); person (centre, far); person (left, far); person (left, far).","safety: The instruction directs the pedestrian into the path of a car, which is a significant safety hazard. actionability: The instruction uses a concrete verb 'move' and a body-relative direction 'to the right', making it actionable. spatial_accuracy: The instruction mentions the car directly ahead, which is accurate, but it does not specify the distance, which is a spatial error. conciseness: The instruction is brief and clear, containing only two sentences. hallucination: The instruction mentions a car, which is supported by the image, but does not mention any other objects or hazards."
london,context-v1,000064,1,3,1,4,3,The person directly ahead is close. Move slightly to the left.,"Free space: left=partly blocked, centre=blocked, right=blocked. Obstacles: person (left, near); person (right, far); person (right, far); person (right, far).","safety: The instruction directs the pedestrian into the path of the person directly ahead, which is a safety hazard. actionability: The instruction uses a concrete verb 'move' and a body-relative direction 'left', but it does not specify the distance or the exact side. spatial_accuracy: The instruction mentions moving slightly to the left, but the image shows the person ahead is close and directly in front, not to the left. conciseness: The instruction is concise, consisting of two sentences without any scene description. hallucination: The instruction mentions a person directly ahead, which is supported by the image, but it does not mention the other obstacles or free space."
london,context-v1,000068,1,3,3,4,3,The person directly ahead is close. Move slightly to the left.,"Free space: left=partly blocked, centre=partly blocked, right=partly blocked. Obstacles: person (right, far); person (centre, far); bicycle (centre, far); person (centre, far).","safety: The instruction directs the pedestrian into the path of a person who is close, which is a safety concern. actionability: The instruction uses a concrete verb 'move' and a body-relative direction 'left', but it does not specify the distance or the person's position. spatial_accuracy: The instruction mentions the person directly ahead, but does not specify the distance or the side, which could be misleading. conciseness: The instruction is concise, containing only two sentences. hallucination: The instruction mentions a person directly ahead, but does not mention the bicycle or the other person in the background."
london,context-v1,000072,1,3,3,3,5,The person ahead is directly ahead. Move slightly to the left.,"Free space: left=partly blocked, centre=partly blocked, right=partly blocked. Obstacles: person (centre, mid); person (left, far); person (centre, far); bicycle (centre, far).","safety: The instruction directs the pedestrian into the path of the person ahead, which is a safety hazard. actionability: The instruction uses a concrete verb 'move' and a body-relative direction 'left', but it is not clear how far to move. spatial_accuracy: The instruction does not specify the distance to move, which could lead to spatial inaccuracy. conciseness: The instruction is brief but lacks clear spatial information and a specific action. hallucination: The instruction mentions the person ahead and the action of moving left, which are supported by the image and cues."
london,context-v1,000076,1,3,1,4,1,The person ahead is directly ahead. Move slightly to the left.,"Free space: left=clear, centre=clear, right=partly blocked. Obstacles: person (right, near); person (centre, far); person (centre, far); car (right, far).","safety: The instruction directs the person into the path of a person ahead, which is a safety hazard. actionability: The instruction uses a concrete verb 'move' and a body-relative direction 'left', but it is not clear how far to move. spatial_accuracy: The instruction mentions moving slightly to the left, but the image shows the person ahead is directly ahead, not to the left. conciseness: The instruction is concise, containing only two sentences. hallucination: The instruction mentions a person ahead and a person to the left, but there is only one person ahead and no mention of a person to the left."
london,context-v1,000080,1,3,3,4,3,The person ahead is directly ahead. Move slightly to the left.,"Free space: left=blocked, centre=clear, right=blocked. Obstacles: person (left, near); trash can (centre, mid); person (left, far); car (centre, far).","safety: The instruction directs the pedestrian into the path of a person who is directly ahead, which is a safety hazard. actionability: The instruction uses a concrete verb 'move' and a body-relative direction 'left', but it is vague and does not specify the distance or the person's position. spatial_accuracy: The instruction mentions the person ahead but does not specify the distance or the side, which is not accurate in the image. conciseness: The instruction is concise, containing only two sentences without any scene description. hallucination: The instruction mentions a person ahead and a person far, but there is only one person ahead and no person far in the image."
london,context-v1,000084,1,3,1,4,3,The person ahead is directly ahead. Move slightly to the left.,"Free space: left=clear, centre=blocked, right=clear. Obstacles: person (left, far); person (centre, far); trash can (right, far); person (centre, far).","safety: The instruction directs the pedestrian into the path of a person who is directly ahead, which is a safety hazard. actionability: The instruction uses a concrete verb 'move' and a body-relative direction 'left', but it is vague about the distance and the specific hazard. spatial_accuracy: The instruction mentions moving slightly to the left, but the image shows the person ahead is directly ahead, not slightly to the left. conciseness: The instruction is concise, containing only two sentences. hallucination: The instruction mentions a person ahead and a move to the left, but does not mention any other objects or hazards."
london,context-v1,000088,1,3,3,4,3,The person ahead is directly ahead. Move slightly to the left.,"Free space: left=clear, centre=clear, right=partly blocked. Obstacles: person (centre, mid); person (centre, mid); person (centre, mid); person (left, far).","safety: The instruction directs the pedestrian into the path of the person ahead, which is a safety hazard. actionability: The instruction uses a concrete verb 'move' and a body-relative direction 'left', but it is not clear how far to move. spatial_accuracy: The instruction does not specify the distance to move, which is a spatial error. conciseness: The instruction is concise, containing only two sentences. hallucination: The instruction mentions 'the person ahead' and 'left', but does not mention any other objects or hazards."
london,context-v1,000092,1,3,3,4,3,The person ahead is directly ahead. Move slightly to the left.,"Free space: left=partly blocked, centre=clear, right=blocked. Obstacles: person (right, near); person (centre, far); person (right, far); person (right, far).","safety: The instruction directs the person into a hazardous area where another person is close by, which could lead to a collision. actionability: The instruction uses a concrete verb 'move' and a body-relative direction 'left', but it does not specify the distance or the exact location of the person ahead. spatial_accuracy: The instruction mentions the person ahead, but does not specify the distance or the side, which could lead to confusion. conciseness: The instruction is concise, consisting of two sentences. hallucination: The instruction mentions a person ahead and directs the person to move left, but does not mention any other objects or hazards."
london,context-v1,000096,1,3,1,4,1,The person ahead is directly ahead. Move slightly to the left.,"Free space: left=blocked, centre=clear, right=partly blocked. Obstacles: person (right, near); person (right, far); person (centre, far); person (centre, far).","safety: The instruction directs the person into a hazardous area where a person is close by, which could lead to a collision. actionability: The instruction uses a concrete verb 'move' and a body-relative direction 'left', but it does not specify the distance or the exact location of the person ahead. spatial_accuracy: The instruction mentions moving slightly to the left, but the image shows the person ahead is not directly ahead; they are to the right. conciseness: The instruction is concise, containing only two sentences. hallucination: The instruction mentions a person ahead, but the image shows a person to the right and far ahead, not directly ahead."
london,context-v1,000100,1,3,1,4,3,The person ahead is directly ahead. Move slightly to the left.,"Free space: left=partly blocked, centre=clear, right=clear. Obstacles: person (right, far); person (right, far); person (right, far); person (centre, far).","safety: The instruction directs the person into a potential collision path with the person ahead, which is a safety hazard. actionability: The instruction uses a concrete verb 'move' and a body-relative direction 'left', but the action is not clear and could be misinterpreted. spatial_accuracy: The instruction mentions moving slightly to the left, but the person ahead is not in the immediate vicinity, which is a spatial inaccuracy. conciseness: The instruction is concise, containing only two sentences without any scene description. hallucination: The instruction mentions a person ahead, but does not mention any other objects or hazards in the scene."
london,context-v1,000104,1,5,3,4,3,The person ahead is directly ahead. Move slightly to the left.,"Free space: left=blocked, centre=blocked, right=clear. Obstacles: person (right, far); person (right, far); person (right, far); car (right, far).","safety: The instruction directs the pedestrian into a potentially dangerous situation by not mentioning the person ahead who is directly ahead. actionability: The instruction is clear and concise, providing a concrete verb and a body-relative direction. spatial_accuracy: The instruction mentions the person ahead, but does not specify the distance or side, which is not accurate in the image. conciseness: The instruction is brief and to the point, containing only one sentence. hallucination: The instruction mentions a person ahead, which is supported by the image, but does not mention any other objects or hazards."
london,context-v1,000108,1,3,1,4,3,The person ahead is directly ahead. Move slightly to the left.,"Free space: left=blocked, centre=clear, right=clear. Obstacles: person (centre, far); person (right, far); motorcycle (right, far); person (centre, far).","safety: The instruction directs the pedestrian into the path of a person ahead, which is a safety risk. actionability: The instruction uses a concrete verb 'move' and a body-relative direction 'left', but it is not clear how far to move. spatial_accuracy: The instruction mentions moving slightly to the left, but the image shows the person ahead is directly ahead, not to the left. conciseness: The instruction is concise, containing only two sentences. hallucination: The instruction mentions a person ahead, but does not mention any other objects or hazards."
london,context-v1,000112,1,3,3,4,3,The person ahead is directly ahead. Move slightly to the left.,"Free space: left=partly blocked, centre=clear, right=blocked. Obstacles: person (left, near); car (centre, far); person (centre, far); traffic light (centre, far).","safety: The instruction directs the pedestrian into the path of a person ahead, which is a safety risk. actionability: The instruction uses a concrete verb 'move' and a body-relative direction 'left', but it is vague and does not specify the distance or the person's position. spatial_accuracy: The instruction mentions moving slightly to the left, but the person ahead is not described in terms of distance or direction, which could lead to confusion. conciseness: The instruction is concise, consisting of two sentences without any scene description. hallucination: The instruction mentions a person ahead, but does not mention any other objects or hazards in the scene."
london,context-v1,000116,1,3,3,4,5,The car is directly ahead. Move slightly to the left.,"Free space: left=partly blocked, centre=partly blocked, right=partly blocked. Obstacles: person (centre, near); person (left, near); car (right, mid); person (left, mid).","safety: The instruction directs the pedestrian into the path of the car, which is a safety hazard. actionability: The instruction uses a concrete verb 'move' and a body-relative direction 'left', but it does not specify the distance or the angle of the move. spatial_accuracy: The instruction mentions the car ahead, but does not specify the distance or angle, which could be misleading. conciseness: The instruction is concise, containing only two sentences. hallucination: The instruction mentions the car ahead and directs the pedestrian to move left, which is consistent with the image and cues."
london,context-v1,000120,5,5,3,4,5,The road ahead is blocked. Move slightly to the left.,"Free space: left=partly blocked, centre=clear, right=blocked. Obstacles: person (left, mid); person (left, mid); person (centre, far).","safety: The instruction directs the pedestrian to move slightly left, which avoids the blocked road ahead, ensuring safety. actionability: The instruction uses a concrete verb 'move' and a clear direction 'slightly to the left', making it actionable. spatial_accuracy: The instruction mentions moving slightly to the left, which aligns with the free space cues indicating that the left side is partly blocked, but the right side is blocked. The instruction is spatially accurate. conciseness: The instruction is brief and to the point, containing only one sentence. hallucination: The instruction mentions 'the road ahead is blocked' and 'move slightly to the left', which are supported by the image and the free space cues."
london,context-v1,000124,5,5,3,4,5,The road ahead is clear. Move slightly to the right.,"Free space: left=blocked, centre=clear, right=clear. Obstacles: person (left, near); car (right, far); car (left, far).","safety: The instruction directs the pedestrian to move slightly to the right, which avoids the person on the left and the car on the right, ensuring safety. actionability: The instruction uses a concrete verb 'move' and a body-relative direction 'slightly to the right', making it actionable. spatial_accuracy: The instruction mentions moving slightly to the right, which aligns with the image and the cues, indicating clear free space ahead and to the right. conciseness: The instruction is brief and to the point, containing only one sentence. hallucination: The instruction mentions moving slightly to the right, which is supported by the image and the cues, indicating clear free space ahead and to the right."
london,context-v1,000128,3,5,3,4,5,The road ahead is clear. Move slightly to the right.,"Free space: left=clear, centre=clear, right=clear. Obstacles: bus (right, far); person (centre, far); person (centre, far); person (centre, far).","safety: The instruction does not mention any immediate hazards, but it does not direct the pedestrian into a hazardous area. actionability: The instruction uses a concrete verb 'move' and a body-relative direction 'slightly to the right', which is clear and actionable. spatial_accuracy: The instruction mentions moving slightly to the right, but the image shows the road ahead is clear, so the spatial accuracy is not entirely correct. conciseness: The instruction is concise, containing only two sentences without any unnecessary details. hallucination: The instruction mentions 'the road ahead is clear' and 'slightly to the right', which are supported by the image and cues."
london,context-v1,000132,5,5,3,4,3,The road ahead is clear. Move slightly to the right.,"Free space: left=clear, centre=clear, right=clear. Obstacles: person (centre, far); person (left, far); person (left, far); bus (centre, far).","safety: The instruction does not mention any immediate hazards and directs the pedestrian to move right, which is safe given the clear free space ahead. actionability: The instruction uses a concrete verb 'move' and a clear directional instruction 'slightly to the right', making it actionable. spatial_accuracy: The instruction mentions moving slightly to the right, which aligns with the clear free space ahead in the image, but does not specify distance, which is a minor error. conciseness: The instruction is brief and to the point, containing only two sentences without any unnecessary details. hallucination: The instruction mentions moving slightly to the right, which is supported by the image and the cues, but does not mention any other objects or hazards."
london,context-v1,000136,4,5,4,4,5,The road ahead is clear. Move slightly to the right.,"Free space: left=partly blocked, centre=clear, right=clear. Obstacles: bus (centre, far); traffic light (centre, far); person (centre, far); person (right, far).","safety: The instruction does not mention any immediate hazards and directs the pedestrian to move right, which is a safe action given the clear free space ahead. actionability: The instruction uses a concrete verb 'move' and a body-relative direction 'slightly to the right', which is clear and actionable. spatial_accuracy: The instruction mentions moving slightly to the right, which aligns with the clear free space ahead and the center-right direction of the image. conciseness: The instruction is brief and to the point, containing only one sentence. hallucination: The instruction does not mention any objects, hazards, or directions that are not supported by the image or cues."
london,context-v1,000140,4,5,3,4,3,The road ahead is clear. Move slightly to the right.,"Free space: left=clear, centre=clear, right=clear. Obstacles: traffic light (centre, far); person (centre, far); person (centre, far); traffic light (right, far).","safety: The instruction does not mention any immediate hazards and directs the pedestrian to move right, which is safe given the clear free space ahead. actionability: The instruction uses a concrete verb 'move' and a body-relative direction 'slightly to the right', which is clear and actionable. spatial_accuracy: The instruction mentions moving slightly to the right, which aligns with the image showing a clear path ahead and a traffic light far ahead, but does not specify distance, which is a minor error. conciseness: The instruction is brief and to the point, containing only one sentence. hallucination: The instruction mentions moving slightly to the right, which is supported by the image showing a clear path ahead and a traffic light far ahead, but does not mention any other objects or hazards."
london,context-v1,000144,3,5,3,5,5,The path is clear ahead. Move forward.,"Free space: left=partly blocked, centre=clear, right=clear. Obstacles: trash can (right, mid); person (right, far); person (right, far); bicycle (centre, far).","safety: The instruction does not mention any immediate hazards, but the path ahead is clear, which is safe. actionability: The instruction is clear and concise, directing the pedestrian to move forward. spatial_accuracy: The instruction does not mention any specific sides or distances, but the path ahead is clear, which is accurate. conciseness: The instruction is brief and to the point, consisting of only one sentence. hallucination: The instruction does not mention any objects, hazards, or directions that are not supported by the image or cues."
london,context-v1,000148,3,5,3,5,5,The path is clear ahead. Move forward.,"Free space: left=clear, centre=clear, right=clear. Obstacles: car (right, near); bicycle (left, mid); person (left, far); truck (centre, far).","safety: The instruction does not mention any hazards, but the path is clear ahead, which is safe. actionability: The instruction is clear and concise, directing the pedestrian to move forward. spatial_accuracy: The instruction does not mention any specific sides or distances, but it is clear that the path is ahead. conciseness: The instruction is brief and to the point, consisting of only one sentence. hallucination: The instruction does not mention any objects, hazards, or directions that are not supported by the image or cues."
london,context-v1,000152,3,5,2,4,2,The path is blocked ahead. Move to the right.,"Free space: left=partly blocked, centre=blocked, right=clear. Obstacles: person (centre, near); person (centre, mid); person (left, mid); bicycle (left, mid).","safety: The instruction directs the pedestrian to move right, which avoids the immediate obstacle in the center of the image, but does not mention the person walking ahead who is also a potential hazard. actionability: The instruction uses a concrete verb 'move' and a body-relative direction 'to the right', which is clear and actionable. spatial_accuracy: The instruction suggests moving right, but the image shows the path is blocked ahead, not to the right. The instruction does not mention the person walking ahead, which is a relevant hazard. conciseness: The instruction is brief and to the point, containing only one sentence. hallucination: The instruction mentions moving right, but does not mention the person walking ahead, which is a relevant hazard. It also does not mention the bicycles or the person in the center of the image."
london,context-v1,000156,1,3,1,4,3,A person is near directly ahead. Move forward.,"Free space: left=clear, centre=clear, right=clear. Obstacles: person (centre, near); person (right, mid); motorcycle (right, mid); bicycle (right, mid).","safety: The instruction does not mention the person near directly ahead, which is a safety-critical hazard. actionability: The instruction uses a concrete verb 'Move' and a body-relative direction 'forward', but it does not specify the distance or the side. spatial_accuracy: The instruction does not specify the side or distance, which is not clear from the image or cues. conciseness: The instruction is concise, containing only one sentence. hallucination: The instruction mentions a person, but does not mention any other objects, hazards, or directions."
london,context-v1,000160,1,1,1,2,1,A person is near directly ahead. Move forward.,"Free space: left=partly blocked, centre=partly blocked, right=partly blocked. Obstacles: person (left, mid); person (right, far); person (left, far); person (centre, far).","safety: The instruction does not mention any immediate hazards and does not guide the pedestrian away from them. actionability: The instruction is vague and does not specify a clear action or direction. spatial_accuracy: The instruction does not specify a clear direction or distance, making it unclear where the person should move. conciseness: The instruction is a single sentence, but it lacks clear action and direction. hallucination: The instruction mentions a person ahead, but there is no person visible in the image."
london,context-v1,000164,1,1,1,2,1,A person is near directly ahead. Move forward.,"Free space: left=partly blocked, centre=clear, right=blocked. Obstacles: person (left, near); person (centre, far); person (right, far); bicycle (centre, far).","safety: The instruction does not mention any hazards and does not guide the pedestrian away from a potential danger. actionability: The instruction is vague and does not specify a clear action or direction. spatial_accuracy: The instruction does not mention any specific side or distance, making it unclear where the person should move. conciseness: The instruction is a single sentence, but it lacks clear action and direction. hallucination: The instruction mentions a person directly ahead, but there is no person visible in the image."
london,context-v1,000168,1,1,1,5,1,A person is near directly ahead. Move forward.,"Free space: left=partly blocked, centre=partly blocked, right=partly blocked. Obstacles: person (centre, far); person (centre, far); truck (right, far); motorcycle (centre, far).","safety: The instruction does not mention any immediate hazards and does not guide the pedestrian away from them. actionability: The instruction is vague and does not specify a clear action or direction. spatial_accuracy: The instruction does not specify a side or distance, making it unclear where the person is located. conciseness: The instruction is a single sentence, which is concise. hallucination: The instruction mentions a person ahead, but there is no person visible in the image."
london,context-v1,000172,1,2,1,3,5,A car is directly ahead. Move forward.,"Free space: left=partly blocked, centre=clear, right=clear. Obstacles: car (right, mid); bus (right, far); car (right, far); person (centre, far).","safety: The instruction does not mention any immediate hazards and directs the pedestrian forward, which could be dangerous if there is a car directly ahead. actionability: The instruction is vague and does not specify a body-relative direction, making it unclear how the pedestrian should move. spatial_accuracy: The instruction does not mention any specific side or distance, which is not supported by the image or cues. conciseness: The instruction is brief but lacks specific spatial information and a clear action. hallucination: The instruction mentions a car directly ahead, which is supported by the image and cues."
london,context-v1,000176,1,5,3,4,5,A person is directly ahead. Move forward.,"Free space: left=partly blocked, centre=clear, right=partly blocked. Obstacles: person (left, mid); person (right, mid); person (right, mid); person (right, far).","safety: The instruction does not mention any immediate hazards and does not guide the pedestrian away from them. actionability: The instruction is clear and concise, using a concrete verb and a body-relative direction. spatial_accuracy: The instruction does not mention any specific side or distance, but it does not contradict the image or cues. conciseness: The instruction is brief and to the point, consisting of only one sentence. hallucination: The instruction mentions a person directly ahead, which is supported by the image and cues."
london,context-v1,000180,1,3,1,4,5,A person is directly ahead. Move forward.,"Free space: left=partly blocked, centre=clear, right=clear. Obstacles: person (left, mid); person (centre, far); traffic light (right, far); person (left, far).","safety: The instruction does not mention any immediate hazards and directs the pedestrian forward, which could lead to a collision with the person directly ahead. actionability: The instruction uses a concrete verb 'move' and a body-relative direction 'forward', but it does not specify the distance or the side, making it vague. spatial_accuracy: The instruction does not mention the side or distance, which is necessary for a blind pedestrian to navigate safely. conciseness: The instruction is concise, consisting of only one sentence. hallucination: The instruction mentions a person directly ahead, which is supported by the image and the cues."
london,context-v1,000184,1,3,1,4,5,A person is directly ahead. Move forward.,"Free space: left=partly blocked, centre=partly blocked, right=partly blocked. Obstacles: person (left, mid); person (left, mid); person (right, far); person (centre, far).","safety: The instruction does not mention any immediate hazards and directs the pedestrian forward, which could lead to a collision with the person directly ahead. actionability: The instruction uses a concrete verb 'move' and a body-relative direction 'forward', but it does not specify the distance or the side, making it vague. spatial_accuracy: The instruction does not mention the side or distance, which is not supported by the image or cues. conciseness: The instruction is concise, consisting of only one sentence. hallucination: The instruction mentions a person directly ahead, which is supported by the image and cues."
london,context-v1,000188,1,3,3,4,5,A person is directly ahead. Move forward.,"Free space: left=partly blocked, centre=partly blocked, right=partly blocked. Obstacles: person (centre, far); person (left, far); person (centre, far); person (left, far).","safety: The instruction does not mention any immediate hazards and directs the pedestrian forward, which could lead to a collision with the person ahead. actionability: The instruction uses a concrete verb 'move' and a body-relative direction 'forward', but it does not specify the distance or the side. spatial_accuracy: The instruction does not specify the side or distance, which could be misleading given the presence of people ahead. conciseness: The instruction is brief and clear, containing only one sentence. hallucination: The instruction mentions a person ahead, which is supported by the image and cues."
london,context-v1,000192,1,5,3,4,5,A person is directly ahead. Move forward.,"Free space: left=partly blocked, centre=partly blocked, right=partly blocked. Obstacles: person (centre, far); bus (right, far); car (right, far); car (right, far).","safety: The instruction does not mention any immediate hazards and does not guide the pedestrian away from them. actionability: The instruction is clear and concise, using a concrete verb and a body-relative direction. spatial_accuracy: The instruction does not mention any specific sides or distances, but it does not contradict the image or cues. conciseness: The instruction is brief and to the point, consisting of only one sentence. hallucination: The instruction mentions a person ahead, which is supported by the image and cues."
london,context-v1,000196,1,3,3,3,5,A bus is partly blocked directly ahead. Move forward.,"Free space: left=partly blocked, centre=partly blocked, right=clear. Obstacles: bus (centre, far); car (right, far); person (centre, far); person (centre, far).","safety: The instruction does not mention the bus as a hazard, which is a safety-critical issue. actionability: The instruction uses a concrete verb 'Move' and a body-relative direction 'forward', but it does not specify the distance or side. spatial_accuracy: The instruction mentions 'partly blocked' but does not specify the side or distance, which is not clear from the image. conciseness: The instruction is concise but lacks specific spatial details. hallucination: The instruction mentions a bus as partly blocked, which is supported by the image and cues."
london,context-v1,000200,1,2,3,4,5,A person is partly blocked directly ahead. Move forward.,"Free space: left=partly blocked, centre=partly blocked, right=blocked. Obstacles: person (centre, far); person (centre, far); person (centre, far); person (centre, far).","safety: The instruction does not mention the person who is partly blocked ahead, which is a safety-critical hazard. actionability: The instruction only provides a vague direction 'Move forward' without specifying a body-relative direction. spatial_accuracy: The instruction does not mention the spatial accuracy of the person being partly blocked, which is a relevant near hazard. conciseness: The instruction is concise, containing only one sentence. hallucination: The instruction mentions a person who is partly blocked ahead, which is supported by the image and cues."
london,context-v1,000204,1,3,3,4,5,A person is partly blocked directly ahead. Move forward.,"Free space: left=partly blocked, centre=partly blocked, right=clear. Obstacles: bus (right, far); person (centre, far); person (centre, far); person (centre, far).","safety: The instruction does not mention the person who is partly blocked, which is a safety-critical hazard. actionability: The instruction uses a concrete verb 'Move' and a body-relative direction 'forward', but it does not specify the distance or the side. spatial_accuracy: The instruction does not mention the side or distance of the person who is partly blocked, which is a relevant near hazard. conciseness: The instruction is concise, containing only one sentence. hallucination: The instruction mentions a person who is partly blocked, which is supported by the image and cues."
london,context-v1,000208,1,1,1,5,1,A person is partly blocked directly ahead. Move forward.,"Free space: left=partly blocked, centre=partly blocked, right=partly blocked. Obstacles: person (centre, mid); person (left, mid); person (right, far); person (centre, far).","safety: The instruction does not mention any immediate hazards and does not guide the pedestrian away from them. actionability: The instruction is vague and does not specify a clear action or direction. spatial_accuracy: The instruction does not mention any specific sides or distances, making it unclear where the person should move. conciseness: The instruction is a single sentence, which is concise. hallucination: The instruction mentions a person being partly blocked, but there is no indication of a person being partly blocked in the image or cues."
london,context-v1,000212,1,2,1,4,5,A person is partly blocked directly ahead. Move forward.,"Free space: left=clear, centre=clear, right=blocked. Obstacles: person (centre, far); person (left, far); person (left, far); bicycle (centre, far).","safety: The instruction does not mention the person who is partly blocked directly ahead, which is a safety-critical hazard. actionability: The instruction only provides a vague direction 'Move forward' without specifying a body-relative direction. spatial_accuracy: The instruction does not mention the person who is partly blocked directly ahead, which is a relevant near hazard. conciseness: The instruction is a single sentence, which is concise. hallucination: The instruction mentions a person who is partly blocked directly ahead, which is supported by the image and cues."
london,context-v1,000216,1,2,3,4,1,A person is partly blocked directly ahead. Move forward.,"Free space: left=clear, centre=clear, right=partly blocked. Obstacles: person (left, mid); person (centre, mid); person (left, mid); bus (centre, far).","safety: The instruction does not mention the person who is partly blocked, which is a safety-critical hazard. actionability: The instruction only mentions a vague action of moving forward without specifying a body-relative direction. spatial_accuracy: The instruction does not mention any spatial accuracy, as it does not state any side or distance. conciseness: The instruction is a single sentence, which is concise. hallucination: The instruction mentions a person who is partly blocked, but the image does not show any person being partly blocked."
london,context-v1,000220,1,3,1,4,5,A person is partly blocked directly ahead. Move forward.,"Free space: left=partly blocked, centre=partly blocked, right=partly blocked. Obstacles: person (centre, near); bus (left, far); person (right, far); person (right, far).","safety: The instruction does not mention the person who is partly blocked ahead, which is a safety-critical hazard. actionability: The instruction only provides a vague direction 'forward' without specifying a body-relative direction. spatial_accuracy: The instruction does not mention the person who is partly blocked ahead, which is a relevant near hazard. conciseness: The instruction is concise, containing only one sentence. hallucination: The instruction mentions a person who is partly blocked ahead, which is supported by the image and cues."
london,context-v1,000224,1,3,1,4,5,A person is partly blocked directly ahead. Move forward.,"Free space: left=partly blocked, centre=partly blocked, right=blocked. Obstacles: person (centre, far); bus (centre, far); person (left, far); trash can (left, far).","safety: The instruction does not mention the person who is partly blocked ahead, which is a safety-critical hazard. actionability: The instruction only provides a vague direction 'forward' without specifying a body-relative direction. spatial_accuracy: The instruction mentions 'directly ahead,' but the image shows the person is partly blocked in the center, not directly ahead. conciseness: The instruction is concise, containing only one sentence. hallucination: The instruction mentions a person who is partly blocked ahead, which is supported by the image and cues."
london,context-v1,000228,1,2,1,4,5,A person is partly blocked directly ahead. Move forward.,"Free space: left=partly blocked, centre=partly blocked, right=partly blocked. Obstacles: bus (right, far); person (centre, far); trash can (centre, far); person (centre, far).","safety: The instruction does not mention the person who is partly blocked ahead, which is a safety-critical hazard. actionability: The instruction only provides a vague direction 'forward' without specifying a body-relative direction. spatial_accuracy: The instruction does not mention the person who is partly blocked ahead, which is a relevant near hazard. conciseness: The instruction is concise, containing only one sentence. hallucination: The instruction mentions a person who is partly blocked ahead, which is supported by the image and cues."
london,context-v1,000232,1,2,1,4,5,A person is partly blocked directly ahead. Move forward.,"Free space: left=partly blocked, centre=partly blocked, right=partly blocked. Obstacles: bus (right, far); person (centre, far); person (left, far); person (centre, far).","safety: The instruction does not mention the person who is partly blocked ahead, which is a safety-critical hazard. actionability: The instruction only provides a vague direction 'forward' without specifying a body-relative direction. spatial_accuracy: The instruction does not mention the person who is partly blocked ahead, which is a relevant near hazard. conciseness: The instruction is concise, containing only one sentence. hallucination: The instruction mentions a person who is partly blocked ahead, which is supported by the image and cues."
london,context-v1,000236,1,2,1,4,5,A person is partly blocked directly ahead. Move forward.,"Free space: left=partly blocked, centre=partly blocked, right=partly blocked. Obstacles: person (right, mid); bus (right, far); person (centre, far); person (right, far).","safety: The instruction does not mention the person who is partly blocked ahead, which is a safety-critical hazard. actionability: The instruction only provides a vague direction 'forward' without specifying a body-relative direction. spatial_accuracy: The instruction does not mention the person who is partly blocked ahead, which is a relevant near hazard. conciseness: The instruction is concise, containing only one sentence. hallucination: The instruction mentions a person who is partly blocked ahead, which is supported by the image and cues."
london,context-v1,000240,1,3,3,4,5,A person is partly blocked directly ahead. Move forward.,"Free space: left=blocked, centre=partly blocked, right=partly blocked. Obstacles: person (right, near); person (centre, far); person (centre, far); person (centre, far).","safety: The instruction does not mention the person who is partly blocked ahead, which is a safety-critical hazard. actionability: The instruction uses a concrete verb 'Move' and a body-relative direction 'forward', but it does not specify the distance or the side. spatial_accuracy: The instruction does not mention the side or distance of the obstacle, which is partly blocked ahead. conciseness: The instruction is concise, containing only one sentence. hallucination: The instruction mentions a person who is partly blocked ahead, which is supported by the image and cues."
london,context-v1,000244,1,3,3,4,5,A person is partly blocked directly ahead. Move forward.,"Free space: left=blocked, centre=blocked, right=partly blocked. Obstacles: person (left, near); person (left, near); motorcycle (centre, far).","safety: The instruction does not mention the person who is partly blocked, which is a safety-critical hazard. actionability: The instruction uses a concrete verb 'Move' and a body-relative direction 'forward', but it does not specify which side or distance. spatial_accuracy: The instruction does not mention the side or distance of the obstacle, which is partly blocked. conciseness: The instruction is concise, containing only one sentence. hallucination: The instruction mentions a person who is partly blocked, which is supported by the image and cues."
london,context-v1,000248,1,2,3,4,5,A person is partly blocking the way ahead. Move forward.,"Free space: left=partly blocked, centre=partly blocked, right=partly blocked. Obstacles: person (left, mid); bus (right, mid); person (centre, far); person (right, far).","safety: The instruction does not mention the person blocking the way, which is a safety-critical hazard. actionability: The instruction only provides a vague direction 'Move forward' without specifying a body-relative direction. spatial_accuracy: The instruction does not mention the side or distance of the person blocking the way, which is partly blocked on the left side. conciseness: The instruction is concise, containing only one sentence. hallucination: The instruction mentions a person blocking the way, which is supported by the image and cues."
london,context-v1,000252,1,2,1,3,3,The bus is partly blocking the way ahead. Move forward.,"Free space: left=partly blocked, centre=partly blocked, right=partly blocked. Obstacles: bus (left, far); person (centre, far); person (right, far); person (right, far).","safety: The instruction does not mention the bus as a hazard, which is a safety-critical issue. actionability: The instruction is vague and does not specify a clear action or direction. spatial_accuracy: The instruction does not mention the bus as a hazard, which is a spatially relevant object. conciseness: The instruction is brief but lacks specific action and direction. hallucination: The instruction mentions the bus as a hazard, but does not mention any other objects or directions."
london,context-v1,000256,1,3,3,4,5,The bus is partly blocking the way ahead. Move forward.,"Free space: left=partly blocked, centre=clear, right=clear. Obstacles: bus (left, far); trash can (centre, far); person (right, far); person (right, far).","safety: The instruction does not mention the bus as a hazard, which is a safety-critical issue. actionability: The instruction uses a concrete verb 'move' and a body-relative direction 'forward', but it does not specify which side or distance. spatial_accuracy: The instruction mentions 'partly blocking the way ahead', but it does not specify the side or distance, which is not clear from the image. conciseness: The instruction is concise, containing only one sentence. hallucination: The instruction mentions the bus as a hazard, which is supported by the image and cues."
london,context-v1,000260,1,2,1,3,1,The bus is partly blocking the way ahead. Move forward.,"Free space: left=partly blocked, centre=partly blocked, right=partly blocked. Obstacles: person (right, far); trash can (centre, far); person (centre, far); traffic light (left, far).","safety: The instruction does not mention any immediate hazards and does not guide the pedestrian away from a potential obstacle. actionability: The instruction is vague and does not specify a clear action or direction. spatial_accuracy: The instruction does not mention any specific side or distance, making it unclear where the bus is located. conciseness: The instruction is brief but lacks specific details about the bus's location and the pedestrian's next action. hallucination: The instruction mentions a bus, but there is no bus visible in the image or in the sensor cues."
london,context-v1,000264,1,1,1,2,3,The person ahead is partly blocking the way. Move forward.,"Free space: left=clear, centre=clear, right=blocked. Obstacles: trash can (right, near); trash can (centre, mid); person (centre, far); person (centre, far).","safety: The instruction does not mention the person ahead who is partly blocking the way, which is a safety concern. actionability: The instruction is vague and does not specify a clear action or direction. spatial_accuracy: The instruction does not mention the person ahead who is partly blocking the way, which is a relevant near hazard. conciseness: The instruction is brief but does not provide enough information to be actionable. hallucination: The instruction mentions a person ahead who is partly blocking the way, but does not mention any other objects or hazards."
london,context-v1,000268,1,3,1,4,1,The person ahead is partly blocking the way. Move forward.,"Free space: left=partly blocked, centre=partly blocked, right=partly blocked. Obstacles: person (right, near); person (right, near); person (centre, far); person (left, far).","safety: The instruction does not mention any immediate hazards and does not guide the pedestrian away from them. actionability: The instruction uses a concrete verb 'Move' and a body-relative direction 'forward', but it does not specify which side or distance. spatial_accuracy: The instruction does not mention any specific side or distance, which is not supported by the image or cues. conciseness: The instruction is brief and clear, containing only one sentence. hallucination: The instruction mentions 'The person ahead' but does not mention any specific object or obstacle in the image or cues."
london,context-v1,000272,1,3,1,4,3,The person ahead is partly blocking the way. Move forward.,"Free space: left=blocked, centre=clear, right=clear. Obstacles: person (right, far); person (centre, far); person (centre, far); person (left, far).","safety: The instruction does not mention any immediate hazards and does not guide the pedestrian away from them. actionability: The instruction uses a concrete verb 'Move' and a body-relative direction 'forward', but it does not specify the distance or the side. spatial_accuracy: The instruction does not mention any specific side or distance, which is not supported by the image or cues. conciseness: The instruction is concise, containing only one sentence. hallucination: The instruction mentions 'the person ahead' but does not mention any other objects or hazards."
london,context-v1,000276,1,1,1,2,1,The person ahead is partly blocking the way. Move forward.,"Free space: left=blocked, centre=clear, right=blocked. Obstacles: person (left, near); person (left, mid); car (left, far); person (centre, far).","safety: The instruction does not mention the person ahead who is partly blocking the way, which is a safety concern. actionability: The instruction is vague and does not specify a clear action or direction. spatial_accuracy: The instruction does not mention the person ahead who is partly blocking the way, which is a relevant near hazard. conciseness: The instruction is brief but does not provide enough information to be actionable. hallucination: The instruction mentions a person ahead who is partly blocking the way, but this is not supported by the image or cues."
london,context-v1,000280,1,2,1,5,5,The way ahead is clear. Move forward.,"Free space: left=partly blocked, centre=clear, right=clear. Obstacles: car (right, mid); car (centre, mid); car (left, mid); car (right, far).","safety: The instruction does not mention any hazards and simply tells the pedestrian to move forward, which could lead to a collision with the cars in the center and right of the image. actionability: The instruction only provides a verb 'move' without specifying a direction, making it unclear what action the pedestrian should take. spatial_accuracy: The instruction does not mention any specific sides or distances, which makes it unclear where the pedestrian should move. conciseness: The instruction is very brief, consisting of only one sentence, which is appropriate for a simple navigation instruction. hallucination: The instruction does not mention any objects, hazards, or directions that are not present in the image or cues."
london,context-v1,000284,1,3,1,4,1,The car on your left is near. Move forward.,"Free space: left=blocked, centre=clear, right=clear. Obstacles: car (left, near); car (right, far); car (centre, far); car (centre, far).","safety: The instruction directs the pedestrian into the path of a car, which is a safety hazard. actionability: The instruction uses a concrete verb 'move' and a body-relative direction 'forward', but it does not specify which side of the pedestrian the car is on. spatial_accuracy: The instruction mentions the car on the left, but the car is not actually on the left side of the pedestrian in the image. conciseness: The instruction is brief and clear, containing only one sentence. hallucination: The instruction mentions a car on the left, but there is no car on the left side of the pedestrian in the image."
london,"context-v1, no echo",000000,1,5,3,4,5,"A person is directly ahead, and a traffic light is at knee height. Cross the street.","Free space: left=clear, centre=clear, right=clear. Obstacles: person (right, mid); traffic light (right, mid); person (centre, mid); traffic light (right, mid).","safety: The instruction directs the pedestrian into a hazardous situation by not mentioning the traffic light at knee height, which is a significant obstacle. actionability: The instruction is clear and specific, providing a concrete verb and a body-relative direction. spatial_accuracy: The instruction mentions a person directly ahead and a traffic light at knee height, which are both present in the image, but it does not specify the distance or side, which is a minor error. conciseness: The instruction is concise, containing only two sentences without any unnecessary description. hallucination: The instruction mentions a person directly ahead and a traffic light at knee height, which are both supported by the image and cues."
london,"context-v1, no echo",000004,1,2,1,3,4,The traffic light is red ahead. Wait for it to turn green.,"Free space: left=clear, centre=clear, right=clear. Obstacles: traffic light (right, mid); person (centre, mid); traffic light (right, mid); person (right, mid).","safety: The instruction does not mention any immediate hazards or obstacles, which could be dangerous for a blind pedestrian. actionability: The instruction only provides a verb but lacks a clear body-relative direction, making it unclear where to look. spatial_accuracy: The instruction does not mention any specific side or distance, which could lead to confusion. conciseness: The instruction is brief but lacks clear spatial information and a body-relative direction. hallucination: The instruction mentions a traffic light, which is supported by the image, but does not mention any other objects or hazards."
london,"context-v1, no echo",000008,1,5,3,4,5,The path is clear ahead. Walk forward.,"Free space: left=partly blocked, centre=clear, right=clear. Obstacles: person (right, far); person (right, far); person (right, far); person (right, far).","safety: The instruction does not mention any potential hazards, such as the red barrier or the people standing close by. actionability: The instruction is clear and concise, providing a concrete action and direction. spatial_accuracy: The instruction does not mention any specific sides or distances, but it is clear that the path is ahead. conciseness: The instruction is brief and to the point, consisting of only one sentence. hallucination: The instruction does not mention any objects, hazards, or directions that are not present in the image or cues."
london,"context-v1, no echo",000012,1,5,3,4,3,There's a person near you on your left. Move forward.,"Free space: left=blocked, centre=partly blocked, right=partly blocked. Obstacles: person (left, near); truck (left, far); trash can (centre, far); person (left, far).","safety: The instruction directs the pedestrian into a potentially dangerous situation by not mentioning the person near them. actionability: The instruction is clear and concise, providing a concrete verb and a body-relative direction. spatial_accuracy: The instruction mentions the left side, but the person is not the main object in the image; the truck is. conciseness: The instruction is brief and to the point, containing only one sentence. hallucination: The instruction mentions a person, but does not mention the truck or the trash can, which are present in the image."
london,"context-v1, no echo",000016,1,5,3,4,5,"Two steps ahead, there's a person. Keep walking straight.","Free space: left=partly blocked, centre=partly blocked, right=partly blocked. Obstacles: person (right, far); person (centre, far); person (centre, far); person (centre, far).","safety: The instruction directs the pedestrian into a potential collision with a person ahead, which is a safety hazard. actionability: The instruction uses a concrete verb 'keep walking' and a body-relative direction 'straight', making it actionable. spatial_accuracy: The instruction states 'two steps ahead', but the person is actually further away, indicating a spatial inaccuracy. conciseness: The instruction is concise, containing only two sentences without any scene description. hallucination: The instruction mentions a person ahead, which is supported by the image and cues."
london,"context-v1, no echo",000020,5,5,5,4,5,"Two steps ahead, there's a person. Move slowly.","Free space: left=partly blocked, centre=partly blocked, right=partly blocked. Obstacles: person (right, near); person (right, near); person (centre, mid); person (right, mid).","safety: The instruction warns the pedestrian to move slowly due to a person ahead, which is a safety-critical hazard. actionability: The instruction uses a concrete verb 'move' and a body-relative direction 'slowly', indicating a clear action. spatial_accuracy: The instruction states 'Two steps ahead', which matches the image and the cues provided. conciseness: The instruction is brief and to the point, containing only two sentences. hallucination: The instruction mentions a person ahead, which is supported by the image and the cues provided."
london,"context-v1, no echo",000024,3,3,3,4,5,A person is directly ahead. Move slowly.,"Free space: left=partly blocked, centre=partly blocked, right=partly blocked. Obstacles: person (left, mid); bus (centre, far); trash can (left, far); car (right, far).","safety: The instruction does not mention any immediate hazards and simply tells the pedestrian to move slowly, which is a safe action but does not address the person directly ahead. actionability: The instruction uses a concrete verb 'move' and a body-relative direction 'slowly', but it does not specify which side or distance the person is ahead of. spatial_accuracy: The instruction does not mention any specific side or distance, so it cannot be scored accurately in this dimension. conciseness: The instruction is brief and clear, containing only one sentence. hallucination: The instruction mentions a person directly ahead, which is supported by the image and cues."
london,"context-v1, no echo",000028,3,3,3,4,5,"The bus is close ahead, so watch your step. Move forward slowly.","Free space: left=blocked, centre=blocked, right=blocked. Obstacles: bus (right, near); person (centre, near); person (right, near); person (left, mid).","safety: The instruction warns about the bus, which is a relevant hazard, but does not mention the person in the center, who is close and could pose a risk. actionability: The instruction uses a concrete verb 'move' and a body-relative direction 'forward', but it lacks a specific action related to the person in the center. spatial_accuracy: The instruction mentions the bus ahead, which is correct, but does not specify the distance or side, which is not clear from the image. conciseness: The instruction is concise, containing only two sentences. hallucination: The instruction mentions the bus and a person, both of which are supported by the image and cues."
london,"context-v1, no echo",000032,4,4,4,4,5,The bus is directly ahead and partly blocked. Move forward slowly.,"Free space: left=blocked, centre=partly blocked, right=blocked. Obstacles: bus (right, near); truck (left, near); person (centre, mid); person (centre, far).","safety: The instruction directs the pedestrian to move forward slowly, which is a safe action given the presence of the bus that is partly blocked ahead. actionability: The instruction uses a concrete verb 'move' and a body-relative direction 'forward', which is clear and actionable. spatial_accuracy: The instruction mentions the bus as being 'directly ahead' and 'partly blocked', which matches the image and the cues provided. conciseness: The instruction is brief and to the point, containing only two sentences without any unnecessary details. hallucination: The instruction mentions the bus and the bus being partly blocked, which are both supported by the image and the cues provided."
london,"context-v1, no echo",000036,1,5,3,4,5,A person is directly ahead and to your right. Move forward carefully.,"Free space: left=partly blocked, centre=partly blocked, right=partly blocked. Obstacles: person (left, far); person (right, far); person (left, far); person (right, far).","safety: The instruction directs the pedestrian into a potentially dangerous situation by not mentioning the person ahead and to the right, who is a significant obstacle. actionability: The instruction uses a concrete verb 'move' and a body-relative direction 'ahead and to your right', making it actionable. spatial_accuracy: The instruction mentions the correct side and distance, but it does not account for the partial blockage of the free space, which could be a concern. conciseness: The instruction is concise, containing only two sentences without any unnecessary details. hallucination: The instruction mentions a person ahead and to the right, which is supported by the image and cues."
london,"context-v1, no echo",000040,1,5,3,4,3,A bicycle is directly ahead. Move forward.,"Free space: left=blocked, centre=partly blocked, right=clear. Obstacles: bicycle (left, near); person (centre, far); bicycle (centre, far); person (centre, far).","safety: The instruction does not mention the immediate obstacle ahead, which is a safety hazard. actionability: The instruction is clear and concise, using a concrete verb and a body-relative direction. spatial_accuracy: The instruction does not specify the distance or side of the obstacle, which is a relevant hazard. conciseness: The instruction is brief and to the point, using only one sentence. hallucination: The instruction mentions a bicycle, which is a supported object in the image, but does not mention any other objects or directions."
london,"context-v1, no echo",000044,3,5,3,4,5,The street is clear ahead. Continue straight.,"Free space: left=clear, centre=clear, right=blocked. Obstacles: person (left, far); motorcycle (left, far); person (centre, far); person (centre, far).","safety: The instruction does not mention any immediate hazards, but the person is not directed away from a potential obstacle. actionability: The instruction is clear and concise, providing a concrete action and direction. spatial_accuracy: The instruction does not mention any specific sides or distances, but it is clear that the person should continue straight. conciseness: The instruction is brief and to the point, without any unnecessary details. hallucination: The instruction does not mention any objects, hazards, or directions that are not supported by the image or cues."
london,"context-v1, no echo",000048,3,5,5,5,3,The street is clear ahead. Continue straight.,"Free space: left=clear, centre=clear, right=blocked. Obstacles: person (left, far); bus (right, far); bus (centre, far); car (right, far).","safety: The instruction does not mention any immediate hazards and directs the pedestrian into a clear path, but it does not account for the person walking in front of the speaker. actionability: The instruction is clear and concise, providing a concrete action and direction. spatial_accuracy: The instruction states 'continue straight,' which aligns with the image showing a clear path ahead. conciseness: The instruction is brief and to the point, containing only one sentence. hallucination: The instruction mentions 'the street is clear ahead,' which is supported by the image, but it does not mention the person walking in front of the speaker."
london,"context-v1, no echo",000052,1,5,3,4,5,"Two steps ahead, there's a car. Keep walking straight.","Free space: left=clear, centre=clear, right=blocked. Obstacles: car (right, near); person (left, far); person (left, far); person (centre, far).","safety: The instruction directs the pedestrian into a hazardous area where a car is located, which is not safe. actionability: The instruction is clear and concise, providing a concrete verb and a body-relative direction. spatial_accuracy: The instruction mentions a car ahead, but does not specify the distance, which is not accurate. conciseness: The instruction is brief and to the point, containing only two sentences. hallucination: The instruction mentions a car, which is supported by the image and cues."
london,"context-v1, no echo",000056,1,5,3,4,3,The bicycle is directly ahead. Walk straight ahead.,"Free space: left=clear, centre=clear, right=partly blocked. Obstacles: bicycle (right, mid); person (centre, far); person (left, far); trash can (centre, far).","safety: The instruction does not mention any immediate hazards and directs the pedestrian into the path of the bicycle, which is a safety risk. actionability: The instruction uses a concrete verb 'walk' and a body-relative direction 'straight ahead', making it actionable. spatial_accuracy: The instruction states 'directly ahead', which matches the image and the cues, but it does not specify distance, which is a minor error. conciseness: The instruction is brief and clear, containing only one sentence. hallucination: The instruction mentions the bicycle, which is supported by the image and the cues, but does not mention any other objects or hazards."
london,"context-v1, no echo",000060,1,2,3,3,3,"Two steps ahead, there's a car. Keep walking straight.","Free space: left=clear, centre=clear, right=blocked. Obstacles: car (right, near); person (centre, far); person (left, far); person (left, far).","safety: The instruction directs the pedestrian into a hazardous area where a car is present, which is a significant safety risk. actionability: The instruction is vague and does not specify a clear action or direction, making it difficult to follow. spatial_accuracy: The instruction mentions a car ahead, but does not specify the distance or side, which is not clear from the image. conciseness: The instruction is brief but lacks specific details about the car's location, making it unclear and potentially unsafe. hallucination: The instruction mentions a car, which is supported by the image, but does not mention any other objects or hazards."
london,"context-v1, no echo",000064,1,3,3,4,3,A person is close ahead on your left. Move forward.,"Free space: left=partly blocked, centre=blocked, right=blocked. Obstacles: person (left, near); person (right, far); person (right, far); person (right, far).","safety: The instruction does not mention the person close ahead, which is a safety-critical hazard. actionability: The instruction uses a concrete verb 'Move' and a body-relative direction 'forward', but it does not specify the distance or side. spatial_accuracy: The instruction mentions 'left', but the person close ahead is not specified in terms of distance or side. conciseness: The instruction is concise, containing only one sentence. hallucination: The instruction mentions a person close ahead, but does not mention any other objects or hazards."
london,"context-v1, no echo",000068,3,3,3,4,5,"A person is directly ahead, partially blocking the path. Move forward carefully.","Free space: left=partly blocked, centre=partly blocked, right=partly blocked. Obstacles: person (right, far); person (centre, far); bicycle (centre, far); person (centre, far).","safety: The instruction mentions a person partially blocking the path, which is a relevant hazard, but it does not specify the direction of the person or the distance, making it unclear whether the person is ahead or behind the pedestrian. actionability: The instruction uses the verb 'move' and specifies 'carefully', which is a concrete action but lacks a clear direction. spatial_accuracy: The instruction mentions 'directly ahead', which is consistent with the image, but it does not specify the distance, which could be misleading. conciseness: The instruction is brief and clear, containing only one sentence. hallucination: The instruction mentions a person partially blocking the path, which is supported by the image and cues."
london,"context-v1, no echo",000072,1,3,3,4,3,"Two steps ahead, there's a person. Move forward.","Free space: left=partly blocked, centre=partly blocked, right=partly blocked. Obstacles: person (centre, mid); person (left, far); person (centre, far); bicycle (centre, far).","safety: The instruction does not mention any immediate hazards and directs the pedestrian into the path of a person, which could be dangerous. actionability: The instruction uses a concrete verb 'move forward' and provides a clear direction ahead, but it does not specify the distance or the side. spatial_accuracy: The instruction mentions 'two steps ahead,' but the image shows a person closer than two steps, indicating a spatial inaccuracy. conciseness: The instruction is concise, consisting of a single sentence. hallucination: The instruction mentions a person ahead, which is supported by the image, but it does not mention any other objects or directions."
london,"context-v1, no echo",000076,1,3,1,4,5,A person is close to you on your right. Walk straight ahead.,"Free space: left=clear, centre=clear, right=partly blocked. Obstacles: person (right, near); person (centre, far); person (centre, far); car (right, far).","safety: The instruction directs the pedestrian into a potential hazard without mentioning the person close to them on the right. actionability: The instruction uses a concrete verb 'walk' and a body-relative direction 'straight ahead', but it does not specify the distance or the side. spatial_accuracy: The instruction does not mention the side or distance of the person close to the pedestrian, which is a relevant hazard. conciseness: The instruction is concise, containing only two sentences. hallucination: The instruction mentions a person close to the pedestrian on the right, which is supported by the image and cues."
london,"context-v1, no echo",000080,1,5,3,4,5,"Two steps ahead, there's a trash can. Keep walking straight.","Free space: left=blocked, centre=clear, right=blocked. Obstacles: person (left, near); trash can (centre, mid); person (left, far); car (centre, far).","safety: The instruction directs the pedestrian into a hazardous area, as the trash can is mentioned but not avoided. actionability: The instruction uses a concrete verb 'keep walking' and a body-relative direction 'straight', making it actionable. spatial_accuracy: The instruction states 'two steps ahead', which is consistent with the image, but it does not mention the trash can's location, which is a relevant near hazard. conciseness: The instruction is concise, containing only two sentences. hallucination: The instruction mentions a trash can, which is supported by the image and cues."
london,"context-v1, no echo",000084,1,3,1,4,5,"Two steps ahead, there's a person. Move forward.","Free space: left=clear, centre=blocked, right=clear. Obstacles: person (left, far); person (centre, far); trash can (right, far); person (centre, far).","safety: The instruction directs the pedestrian into the path of a person who is ahead, which could be dangerous. actionability: The instruction uses a concrete verb 'move forward' and a body-relative direction 'ahead', but it does not specify the distance or the side. spatial_accuracy: The instruction states 'Two steps ahead', but the image shows a person far ahead, not two steps. conciseness: The instruction is concise, containing only one sentence. hallucination: The instruction mentions a person ahead, which is supported by the image and cues."
london,"context-v1, no echo",000088,,,,,,"Two steps ahead, there's a person. Move forward carefully.","Free space: left=clear, centre=clear, right=partly blocked. Obstacles: person (centre, mid); person (centre, mid); person (centre, mid); person (left, far).","PARSE_ERROR: Expecting ',' delimiter: line 3 column 167 (char 432)"
london,"context-v1, no echo",000092,1,5,3,4,5,"Two steps ahead, there's a person. Move forward.","Free space: left=partly blocked, centre=clear, right=blocked. Obstacles: person (right, near); person (centre, far); person (right, far); person (right, far).","safety: The instruction directs the pedestrian into the path of a person who is close by, which is a safety hazard. actionability: The instruction uses a concrete verb 'move forward' and a body-relative direction 'ahead', making it actionable. spatial_accuracy: The instruction states 'Two steps ahead', which is consistent with the image, but it does not mention the person, which is a relevant near hazard. conciseness: The instruction is concise, containing only two sentences. hallucination: The instruction mentions a person ahead, which is supported by the image and cues."
london,"context-v1, no echo",000096,3,3,3,4,3,A person is two steps ahead on your right. The path is clear ahead.,"Free space: left=blocked, centre=clear, right=partly blocked. Obstacles: person (right, near); person (right, far); person (centre, far); person (centre, far).","safety: The instruction mentions a person ahead but does not warn about the person on the right, which is a potential hazard. actionability: The instruction uses a concrete verb 'is' and a body-relative direction 'ahead', but it lacks a clear action command. spatial_accuracy: The instruction states the person is 'two steps ahead' but does not match the actual distance in the image, which is closer. conciseness: The instruction is concise, containing only two sentences without any scene description. hallucination: The instruction mentions a person ahead and a person on the right, but only one person is visible on the right, and the distance is not accurately described."
london,"context-v1, no echo",000100,1,3,3,4,3,"Two steps ahead, there's a person. Continue straight.","Free space: left=partly blocked, centre=clear, right=clear. Obstacles: person (right, far); person (right, far); person (right, far); person (centre, far).","safety: The instruction directs the pedestrian into a potential collision path with a person who is not far ahead, which is a safety concern. actionability: The instruction uses a concrete verb 'continue' and a body-relative direction 'straight', but the distance is vague and the action is not clear. spatial_accuracy: The instruction mentions 'two steps ahead', but the actual distance and direction are not clear, and the person is not far ahead. conciseness: The instruction is concise, containing only two sentences without any scene description. hallucination: The instruction mentions a person far ahead, but the actual distance and direction are not clear, and the person is not far ahead."
london,"context-v1, no echo",000104,3,3,3,4,5,The sidewalk is clear ahead. Continue straight.,"Free space: left=blocked, centre=blocked, right=clear. Obstacles: person (right, far); person (right, far); person (right, far); car (right, far).","safety: The instruction does not mention any immediate hazards, but it does not direct the person into a clear path either. actionability: The instruction uses a concrete verb 'continue' and a body-relative direction 'straight', but it does not specify the distance or the side. spatial_accuracy: The instruction does not mention any specific side or distance, but it does not contradict the image or cues. conciseness: The instruction is brief and clear, consisting of one sentence. hallucination: The instruction mentions 'sidewalk' and 'straight', which are supported by the image and cues."
london,"context-v1, no echo",000108,3,5,5,5,5,The path ahead is clear. Continue straight.,"Free space: left=blocked, centre=clear, right=clear. Obstacles: person (centre, far); person (right, far); motorcycle (right, far); person (centre, far).","safety: The instruction does not mention any immediate hazards, but the path ahead is clear, which is a safe action. actionability: The instruction uses a concrete verb 'continue' and a body-relative direction 'straight', making it clear and actionable. spatial_accuracy: The instruction states 'the path ahead is clear', which matches the image and the cues, indicating clear free space ahead. conciseness: The instruction is brief and to the point, containing only one sentence. hallucination: The instruction mentions 'the path ahead is clear', which is supported by the image and the cues, indicating clear free space ahead."
london,"context-v1, no echo",000112,1,3,1,4,3,A person is directly ahead. Walk forward.,"Free space: left=partly blocked, centre=clear, right=blocked. Obstacles: person (left, near); car (centre, far); person (centre, far); traffic light (centre, far).","safety: The instruction does not mention any immediate hazards and directs the pedestrian forward, which could lead to a collision with the person ahead. actionability: The instruction uses a concrete verb 'walk' and a body-relative direction 'forward', but it does not specify the distance or the side. spatial_accuracy: The instruction does not mention any specific side or distance, which could lead to confusion with the person ahead. conciseness: The instruction is concise, consisting of only one sentence. hallucination: The instruction mentions a person ahead, which is supported by the image, but does not mention any other objects or hazards."
london,"context-v1, no echo",000116,1,3,3,4,3,"The person ahead is close, so be cautious. Keep moving forward.","Free space: left=partly blocked, centre=partly blocked, right=partly blocked. Obstacles: person (centre, near); person (left, near); car (right, mid); person (left, mid).","safety: The instruction does not mention any specific hazards and only advises caution, which is not enough given the near obstacles. actionability: The instruction uses a concrete verb 'keep moving forward' but does not specify a body-relative direction, making it vague. spatial_accuracy: The instruction does not mention any specific sides or distances, so it cannot be scored accurately. conciseness: The instruction is brief and clear, containing only one sentence. hallucination: The instruction mentions 'the person ahead' but does not mention any other objects or hazards, which are present in the image."
london,"context-v1, no echo",000120,1,5,3,4,5,A person is directly ahead. Move forward.,"Free space: left=partly blocked, centre=clear, right=blocked. Obstacles: person (left, mid); person (left, mid); person (centre, far).","safety: The instruction does not mention any immediate hazards and does not guide the pedestrian away from them. actionability: The instruction is clear and concise, using a concrete verb and a body-relative direction. spatial_accuracy: The instruction does not mention any specific side or distance, but it does not contradict the image or cues. conciseness: The instruction is brief and to the point, consisting of only one sentence. hallucination: The instruction mentions a person directly ahead, which is supported by the image and cues."
london,"context-v1, no echo",000124,1,5,3,4,3,A car is two steps ahead on your right. Continue straight ahead.,"Free space: left=blocked, centre=clear, right=clear. Obstacles: person (left, near); car (right, far); car (left, far).","safety: The instruction directs the pedestrian into a potentially dangerous situation by not mentioning the car ahead, which is a significant hazard. actionability: The instruction is clear and concise, providing a concrete verb and a body-relative direction. spatial_accuracy: The instruction mentions a car on the right, but the car is far ahead, not two steps ahead as stated. conciseness: The instruction is brief and to the point, containing only two sentences. hallucination: The instruction mentions a car on the right, but the image shows a car far ahead, not two steps ahead."
london,"context-v1, no echo",000128,3,5,5,4,5,The road ahead is clear. Continue straight.,"Free space: left=clear, centre=clear, right=clear. Obstacles: bus (right, far); person (centre, far); person (centre, far); person (centre, far).","safety: The instruction does not mention any immediate hazards, but the road ahead is clear, which is a safe action. actionability: The instruction uses a concrete verb 'continue' and a body-relative direction 'straight', making it clear and actionable. spatial_accuracy: The instruction states 'the road ahead is clear', which matches the image and the cues provided by the depth estimator and object detector. conciseness: The instruction is brief and to the point, containing only one sentence. hallucination: The instruction mentions 'the road ahead is clear', which is supported by the image and the cues provided by the depth estimator and object detector."
london,"context-v1, no echo",000132,1,3,1,3,3,A person is directly ahead. Walk straight ahead.,"Free space: left=clear, centre=clear, right=clear. Obstacles: person (centre, far); person (left, far); person (left, far); bus (centre, far).","safety: The instruction does not mention any immediate hazards and directs the pedestrian into the path of a person who is far ahead, which could be dangerous. actionability: The instruction uses a concrete verb 'walk' and a body-relative direction 'straight ahead', but the distance is vague and the action could be misinterpreted. spatial_accuracy: The instruction does not specify the distance or side, which could lead to confusion. The person ahead is far, not directly ahead. conciseness: The instruction is concise but lacks specific spatial details, making it unclear. hallucination: The instruction mentions a person ahead, which is supported by the image, but does not mention any other objects or hazards."
london,"context-v1, no echo",000136,1,5,3,4,3,The bus is directly ahead. Walk straight.,"Free space: left=partly blocked, centre=clear, right=clear. Obstacles: bus (centre, far); traffic light (centre, far); person (centre, far); person (right, far).","safety: The instruction does not mention any immediate hazards and directs the pedestrian into the path of a bus, which is a significant safety risk. actionability: The instruction is clear and concise, using a concrete verb and a body-relative direction. spatial_accuracy: The instruction states 'directly ahead,' which matches the image, but it does not specify the distance, which is a critical detail. conciseness: The instruction is brief and to the point, containing only one sentence. hallucination: The instruction mentions a bus, which is supported by the image, but does not mention any other objects or hazards."
london,"context-v1, no echo",000140,1,3,3,4,5,The traffic light ahead is green. Cross the street.,"Free space: left=clear, centre=clear, right=clear. Obstacles: traffic light (centre, far); person (centre, far); person (centre, far); traffic light (right, far).","safety: The instruction does not mention any potential hazards, such as the person crossing the street far ahead, which could be a risk for a blind pedestrian. actionability: The instruction uses a concrete verb 'cross' and a body-relative direction 'ahead', but it does not specify the distance or the side of the street. spatial_accuracy: The instruction mentions the traffic light ahead, but it does not specify the side of the street or the distance, which could be misleading. conciseness: The instruction is concise, consisting of two sentences without any additional scene description. hallucination: The instruction mentions the traffic light and the action of crossing the street, which are both supported by the image and cues."
london,"context-v1, no echo",000144,3,5,3,4,5,The path is clear ahead. Walk straight.,"Free space: left=partly blocked, centre=clear, right=clear. Obstacles: trash can (right, mid); person (right, far); person (right, far); bicycle (centre, far).","safety: The instruction does not mention any immediate hazards, but the path is clear ahead, which is a safe action. actionability: The instruction uses a concrete verb 'walk' and a body-relative direction 'straight', making it actionable. spatial_accuracy: The instruction does not mention any specific sides or distances, but it is clear that the path is ahead, which matches the image. conciseness: The instruction is brief and to the point, containing only one sentence. hallucination: The instruction does not mention any objects, hazards, or directions that are not supported by the image or cues."
london,"context-v1, no echo",000148,1,3,3,4,3,There's a car directly ahead. Move forward slowly.,"Free space: left=clear, centre=clear, right=clear. Obstacles: car (right, near); bicycle (left, mid); person (left, far); truck (centre, far).","safety: The instruction directs the pedestrian into the path of a car, which is a significant safety hazard. actionability: The instruction uses a concrete verb 'move' and a body-relative direction 'forward', but it does not specify the speed or the need to be cautious. spatial_accuracy: The instruction mentions 'directly ahead', but the car is not directly ahead; it is to the right and near, not far. conciseness: The instruction is concise, containing only one sentence. hallucination: The instruction mentions a car, but does not mention any other objects or hazards in the image."
london,"context-v1, no echo",000152,1,3,1,4,5,A person is directly ahead. Move forward.,"Free space: left=partly blocked, centre=blocked, right=clear. Obstacles: person (centre, near); person (centre, mid); person (left, mid); bicycle (left, mid).","safety: The instruction does not mention any immediate hazards and directs the pedestrian forward, which could lead to a collision with the person directly ahead. actionability: The instruction uses a concrete verb 'move' and a body-relative direction 'forward', but it does not specify the distance or the side, making it vague. spatial_accuracy: The instruction does not mention the side or distance, which is not clear from the image or cues provided. conciseness: The instruction is concise, consisting of only one sentence. hallucination: The instruction mentions a person directly ahead, which is supported by the image and cues."
london,"context-v1, no echo",000156,3,3,1,4,5,A person is near directly ahead. Move slowly.,"Free space: left=clear, centre=clear, right=clear. Obstacles: person (centre, near); person (right, mid); motorcycle (right, mid); bicycle (right, mid).","safety: The instruction directs the pedestrian to move slowly, which is a safe action but does not mention the person near directly ahead, which is a relevant hazard. actionability: The instruction uses a concrete verb 'move' and a body-relative direction 'slowly', but it does not specify which side or distance the person is near. spatial_accuracy: The instruction does not mention the side or distance of the person, which is a relevant hazard. conciseness: The instruction is concise, consisting of one sentence. hallucination: The instruction mentions a person as a hazard, which is supported by the image and cues."
london,"context-v1, no echo",000160,1,1,1,5,1,A person is directly ahead. Move slowly.,"Free space: left=partly blocked, centre=partly blocked, right=partly blocked. Obstacles: person (left, mid); person (right, far); person (left, far); person (centre, far).","safety: The instruction does not mention any immediate hazards and does not guide the pedestrian away from them. actionability: The instruction is vague and does not specify a clear action or direction. spatial_accuracy: The instruction does not mention any specific side or distance, making it unclear where the person is located. conciseness: The instruction is a single sentence, which is concise. hallucination: The instruction mentions a person directly ahead, but there is no person in that position in the image."
london,"context-v1, no echo",000164,1,3,1,4,5,A person is near on your left. Walk straight ahead.,"Free space: left=partly blocked, centre=clear, right=blocked. Obstacles: person (left, near); person (centre, far); person (right, far); bicycle (centre, far).","safety: The instruction does not mention the person near on the left, which is a safety-critical hazard. actionability: The instruction only provides a vague direction 'walk straight ahead' without specifying a body-relative direction. spatial_accuracy: The instruction does not mention the person near on the left, which is a relevant obstacle. conciseness: The instruction is concise, containing only one sentence. hallucination: The instruction mentions a person near on the left, which is supported by the image and cues."
london,"context-v1, no echo",000168,3,3,3,4,5,"Two steps ahead, there's a person. Move slowly.","Free space: left=partly blocked, centre=partly blocked, right=partly blocked. Obstacles: person (centre, far); person (centre, far); truck (right, far); motorcycle (centre, far).","safety: The instruction does not mention any immediate hazards and only directs the pedestrian to move slowly, which is a safe action but does not address the person ahead. actionability: The instruction uses a concrete verb 'move' and a body-relative direction 'slowly', but it does not specify which side or distance the person is located. spatial_accuracy: The instruction does not mention any specific side or distance, so it cannot be scored accurately in this dimension. conciseness: The instruction is brief and clear, containing only one sentence. hallucination: The instruction mentions a person ahead, which is supported by the image and the cues."
london,"context-v1, no echo",000172,1,3,3,4,5,There's a car on your right. Keep walking straight ahead.,"Free space: left=partly blocked, centre=clear, right=clear. Obstacles: car (right, mid); bus (right, far); car (right, far); person (centre, far).","safety: The instruction does not mention any immediate hazards and directs the pedestrian into the path of a car, which is a safety concern. actionability: The instruction uses a concrete verb 'keep walking' and a body-relative direction 'straight ahead', but it does not specify the distance or the side, making it less actionable. spatial_accuracy: The instruction mentions a car on the right, but does not specify the distance or side, which is not accurate in the image. conciseness: The instruction is concise, containing only two sentences. hallucination: The instruction mentions a car on the right, which is supported by the image and cues."
london,"context-v1, no echo",000176,1,5,3,4,5,"Two steps ahead, there's a person. Continue straight.","Free space: left=partly blocked, centre=clear, right=partly blocked. Obstacles: person (left, mid); person (right, mid); person (right, mid); person (right, far).","safety: The instruction directs the pedestrian into a potentially hazardous situation by not mentioning the person ahead, which could be a significant obstacle. actionability: The instruction is clear and concise, providing a concrete verb and a body-relative direction. spatial_accuracy: The instruction mentions 'two steps ahead', which is consistent with the image, but it does not specify the side, which is a critical detail. conciseness: The instruction is brief and to the point, containing only two sentences. hallucination: The instruction mentions a person ahead, which is supported by the image and the cues."
london,"context-v1, no echo",000180,1,3,3,4,5,"Two steps ahead, there's a person. Move forward.","Free space: left=partly blocked, centre=clear, right=clear. Obstacles: person (left, mid); person (centre, far); traffic light (right, far); person (left, far).","safety: The instruction directs the pedestrian into the path of a person who is close by, which could be dangerous. actionability: The instruction uses a concrete verb 'move forward' and a body-relative direction 'ahead', but it does not specify the distance or the side. spatial_accuracy: The instruction mentions 'two steps ahead', but the image shows a person closer than two steps, indicating a spatial inaccuracy. conciseness: The instruction is concise, containing only one sentence. hallucination: The instruction mentions a person ahead, which is supported by the image and cues."
london,"context-v1, no echo",000184,,,,,,"Two steps ahead, there's a person. Move forward carefully.","Free space: left=partly blocked, centre=partly blocked, right=partly blocked. Obstacles: person (left, mid); person (left, mid); person (right, far); person (centre, far).","PARSE_ERROR: Expecting ',' delimiter: line 3 column 167 (char 332)"
london,"context-v1, no echo",000188,1,3,1,4,1,"Two steps ahead, there's a person. Move forward.","Free space: left=partly blocked, centre=partly blocked, right=partly blocked. Obstacles: person (centre, far); person (left, far); person (centre, far); person (left, far).","safety: The instruction directs the pedestrian into the path of a person who is far ahead, which could be dangerous if the pedestrian does not have enough time to react. actionability: The instruction uses a concrete verb 'move forward' and a body-relative direction 'ahead', but it does not specify the distance or the side, making it less actionable. spatial_accuracy: The instruction mentions 'two steps ahead', but the image shows a person far ahead, not within two steps. conciseness: The instruction is concise, consisting of only two sentences. hallucination: The instruction mentions a person far ahead, which is not supported by the image or the cues."
london,"context-v1, no echo",000192,1,5,3,4,5,A person is directly ahead. Walk straight ahead.,"Free space: left=partly blocked, centre=partly blocked, right=partly blocked. Obstacles: person (centre, far); bus (right, far); car (right, far); car (right, far).","safety: The instruction does not mention any immediate hazards and directs the pedestrian into the path of a person who is directly ahead, which could be dangerous. actionability: The instruction is clear and concise, using a concrete verb and a body-relative direction. spatial_accuracy: The instruction does not mention any specific side or distance, but it does not contradict the image or cues. conciseness: The instruction is brief and to the point, consisting of only one sentence. hallucination: The instruction mentions a person who is directly ahead, which is supported by the image and cues."
london,"context-v1, no echo",000196,1,3,1,4,3,The bus is directly ahead. Walk straight.,"Free space: left=partly blocked, centre=partly blocked, right=clear. Obstacles: bus (centre, far); car (right, far); person (centre, far); person (centre, far).","safety: The instruction does not mention any immediate hazards and directs the pedestrian into the path of the bus, which is a safety risk. actionability: The instruction uses a concrete verb 'walk' and a body-relative direction 'straight', but it does not specify the distance or the side, making it less actionable. spatial_accuracy: The instruction states 'walk straight', but the bus is not directly ahead; it is far ahead and to the right. conciseness: The instruction is concise, consisting of only one sentence. hallucination: The instruction mentions the bus, but does not mention any other objects or hazards in the image."
london,"context-v1, no echo",000200,3,3,3,4,5,The path ahead is partly blocked. Step carefully around the person.,"Free space: left=partly blocked, centre=partly blocked, right=blocked. Obstacles: person (centre, far); person (centre, far); person (centre, far); person (centre, far).","safety: The instruction directs the pedestrian to step carefully around a person, which is a safe action but does not mention the most immediate hazard, which is the partly blocked path ahead. actionability: The instruction uses a concrete verb 'step' and a body-relative direction 'carefully around', but it is vague about the specific side and distance. spatial_accuracy: The instruction mentions 'partly blocked' but does not specify the side or distance, which is partly blocked in the image. conciseness: The instruction is concise, containing only two sentences without any scene description. hallucination: The instruction mentions 'partly blocked' and 'person', which are supported by the image and cues."
london,"context-v1, no echo",000204,1,3,3,4,3,The bus is directly ahead and partly blocked. Walk two steps ahead.,"Free space: left=partly blocked, centre=partly blocked, right=clear. Obstacles: bus (right, far); person (centre, far); person (centre, far); person (centre, far).","safety: The instruction directs the pedestrian into the path of the bus, which is partly blocked and not the most immediate hazard. actionability: The instruction uses a concrete verb 'walk' and a body-relative direction 'two steps ahead', but it does not specify which side of the pedestrian to walk towards. spatial_accuracy: The instruction mentions the bus as being 'directly ahead', but it does not specify the distance or whether it is partly blocked. conciseness: The instruction is concise, containing only two sentences. hallucination: The instruction mentions the bus and the pedestrian, but does not mention any other objects or hazards."
london,"context-v1, no echo",000208,1,3,3,3,5,A person is directly ahead. Move slowly and watch your step.,"Free space: left=partly blocked, centre=partly blocked, right=partly blocked. Obstacles: person (centre, mid); person (left, mid); person (right, far); person (centre, far).","safety: The instruction does not mention any specific hazards and only advises to move slowly, which is not sufficient given the presence of people ahead. actionability: The instruction uses a concrete verb 'move' and a body-relative direction 'ahead', but it lacks precision in terms of speed and does not specify what to watch out for. spatial_accuracy: The instruction mentions 'a person is directly ahead', which matches the image, but it does not specify the distance or the side, which could be important for navigation. conciseness: The instruction is brief, consisting of two sentences, but it could be more precise in terms of the action and the specific hazard. hallucination: The instruction mentions 'a person is directly ahead', which is supported by the image and the cues, but it does not mention any other objects or hazards."
london,"context-v1, no echo",000212,1,1,1,5,1,A person is directly ahead. Walk carefully.,"Free space: left=clear, centre=clear, right=blocked. Obstacles: person (centre, far); person (left, far); person (left, far); bicycle (centre, far).","safety: The instruction does not mention any hazards and does not guide the pedestrian away from them. actionability: The instruction is vague and does not specify a clear action or direction. spatial_accuracy: The instruction does not mention any specific sides or distances, making it unclear. conciseness: The instruction is a single sentence, which is concise. hallucination: The instruction mentions a person directly ahead, but there is no person in the image."
london,"context-v1, no echo",000216,1,3,1,5,5,There's a person directly ahead. Move forward carefully.,"Free space: left=clear, centre=clear, right=partly blocked. Obstacles: person (left, mid); person (centre, mid); person (left, mid); bus (centre, far).","safety: The instruction does not mention any hazards and does not guide the pedestrian away from them. actionability: The instruction uses a concrete verb 'move' and a body-relative direction 'forward', but it does not specify the distance or the side. spatial_accuracy: The instruction does not mention any specific side or distance, which is not supported by the image or cues. conciseness: The instruction is a single sentence, which is concise. hallucination: The instruction mentions a person directly ahead, which is supported by the image and cues."
london,"context-v1, no echo",000220,1,3,3,4,3,A person is directly ahead. Walk carefully.,"Free space: left=partly blocked, centre=partly blocked, right=partly blocked. Obstacles: person (centre, near); bus (left, far); person (right, far); person (right, far).","safety: The instruction does not mention any immediate hazards and does not guide the pedestrian away from them. actionability: The instruction uses a concrete verb 'walk' and a body-relative direction 'ahead', but it does not specify the distance or the type of action. spatial_accuracy: The instruction mentions 'a person is directly ahead', but it does not specify the distance or the type of person, which could be misleading. conciseness: The instruction is brief and clear, containing only one sentence. hallucination: The instruction mentions 'a person' but does not specify the type of person, which could be misleading."
london,"context-v1, no echo",000224,1,3,1,4,5,A person is directly ahead. Move forward.,"Free space: left=partly blocked, centre=partly blocked, right=blocked. Obstacles: person (centre, far); bus (centre, far); person (left, far); trash can (left, far).","safety: The instruction does not mention any immediate hazards and directs the pedestrian forward, which could lead to a collision with the person ahead. actionability: The instruction uses a concrete verb 'Move' and a body-relative direction 'forward', but it does not specify the distance or the side, making it vague. spatial_accuracy: The instruction does not mention the side or distance, which is not supported by the image or cues. conciseness: The instruction is brief and clear, containing only one sentence. hallucination: The instruction mentions a person ahead, which is supported by the image and cues."
london,"context-v1, no echo",000228,1,3,1,4,5,The bus is partly blocked ahead. Walk two steps ahead.,"Free space: left=partly blocked, centre=partly blocked, right=partly blocked. Obstacles: bus (right, far); person (centre, far); trash can (centre, far); person (centre, far).","safety: The instruction does not mention the bus as a hazard, which is a safety-critical element in the scene. actionability: The instruction uses a concrete verb 'walk' and a body-relative direction 'ahead', but it is vague about the distance. spatial_accuracy: The instruction mentions 'two steps ahead', but the image shows the bus is partly blocked ahead, not two steps. conciseness: The instruction is concise, containing only two sentences. hallucination: The instruction mentions the bus as a hazard, which is supported by the image and cues."
london,"context-v1, no echo",000232,1,3,3,4,3,The bus is directly ahead and partly blocked. Walk straight ahead.,"Free space: left=partly blocked, centre=partly blocked, right=partly blocked. Obstacles: bus (right, far); person (centre, far); person (left, far); person (centre, far).","safety: The instruction does not mention the bus as a hazard, which is a safety-critical issue. actionability: The instruction uses a concrete verb 'walk' and a body-relative direction 'straight ahead', but it does not specify the distance or the side. spatial_accuracy: The instruction mentions the bus as being 'directly ahead', but it does not specify the distance or the side, which is partly blocked. conciseness: The instruction is concise, containing only one sentence. hallucination: The instruction mentions the bus as a hazard, but it does not mention any other objects or directions."
london,"context-v1, no echo",000236,1,5,3,4,5,A person is directly ahead. Walk forward.,"Free space: left=partly blocked, centre=partly blocked, right=partly blocked. Obstacles: person (right, mid); bus (right, far); person (centre, far); person (right, far).","safety: The instruction does not mention any immediate hazards and does not guide the pedestrian away from them. actionability: The instruction is clear and concise, using a concrete verb and a body-relative direction. spatial_accuracy: The instruction does not mention any specific side or distance, but it does not contradict the image or cues. conciseness: The instruction is brief and to the point, containing only one sentence. hallucination: The instruction mentions a person directly ahead, which is supported by the image and cues."
london,"context-v1, no echo",000240,1,5,3,4,5,A person is close ahead on your right. Walk straight ahead.,"Free space: left=blocked, centre=partly blocked, right=partly blocked. Obstacles: person (right, near); person (centre, far); person (centre, far); person (centre, far).","safety: The instruction directs the pedestrian into a potentially hazardous situation by not mentioning the person close ahead on the right. actionability: The instruction is clear and concise, providing a concrete verb and a body-relative direction. spatial_accuracy: The instruction mentions the right side, but the person close ahead is not described in terms of distance, which could be misleading. conciseness: The instruction is brief and to the point, containing only one sentence. hallucination: The instruction mentions a person close ahead on the right, which is supported by the image and cues."
london,"context-v1, no echo",000244,1,3,1,4,5,A person is close ahead. Move slowly.,"Free space: left=blocked, centre=blocked, right=partly blocked. Obstacles: person (left, near); person (left, near); motorcycle (centre, far).","safety: The instruction does not mention the person close ahead, which is a relevant near hazard. actionability: The instruction uses a concrete verb 'Move' and a body-relative direction 'slowly', but it does not specify which side to move. spatial_accuracy: The instruction does not mention any specific side or distance, which is not supported by the image or cues. conciseness: The instruction is concise, containing only one sentence. hallucination: The instruction mentions a person close ahead, which is supported by the image and cues."
london,"context-v1, no echo",000248,1,5,3,4,5,A person is directly ahead. Walk forward.,"Free space: left=partly blocked, centre=partly blocked, right=partly blocked. Obstacles: person (left, mid); bus (right, mid); person (centre, far); person (right, far).","safety: The instruction does not mention any immediate hazards and does not guide the pedestrian away from them. actionability: The instruction is clear and concise, providing a concrete action and direction. spatial_accuracy: The instruction does not specify any distance or side, but it correctly indicates the presence of a person ahead. conciseness: The instruction is brief and to the point, consisting of only one sentence. hallucination: The instruction mentions a person ahead, which is supported by the image and cues."
london,"context-v1, no echo",000252,1,3,3,4,5,The bus is directly ahead and partly blocked. Walk two steps ahead.,"Free space: left=partly blocked, centre=partly blocked, right=partly blocked. Obstacles: bus (left, far); person (centre, far); person (right, far); person (right, far).","safety: The instruction directs the pedestrian into the path of the bus, which is a safety hazard. actionability: The instruction uses a concrete verb 'walk' and a body-relative direction 'ahead', but it does not specify the distance in relation to the bus. spatial_accuracy: The instruction mentions the bus being 'partly blocked', but it does not specify the distance or the side, which is not clear from the image. conciseness: The instruction is concise, containing only two sentences. hallucination: The instruction mentions the bus and the action of walking, which are supported by the image and cues."
london,"context-v1, no echo",000256,1,3,3,4,3,The bus is far ahead and to your left. Walk straight ahead.,"Free space: left=partly blocked, centre=clear, right=clear. Obstacles: bus (left, far); trash can (centre, far); person (right, far); person (right, far).","safety: The instruction directs the pedestrian into the path of the bus, which is a safety hazard. actionability: The instruction uses a concrete verb 'walk' and a body-relative direction 'straight ahead', but it does not specify the distance or the side. spatial_accuracy: The instruction mentions the bus is far ahead and to the left, but the bus is not far ahead; it is far left. conciseness: The instruction is concise, containing only two sentences. hallucination: The instruction mentions the bus, which is supported by the image, but does not mention the trash can, person, or the right side."
london,"context-v1, no echo",000260,1,3,1,4,5,"Two steps ahead, there's a person. Move forward.","Free space: left=partly blocked, centre=partly blocked, right=partly blocked. Obstacles: person (right, far); trash can (centre, far); person (centre, far); traffic light (left, far).","safety: The instruction directs the pedestrian into the path of a person who is ahead, which could be dangerous. actionability: The instruction uses a concrete verb 'move forward' and a body-relative direction 'ahead', but it does not specify the distance or side. spatial_accuracy: The instruction states 'Two steps ahead', but the image shows a person far ahead, not two steps. conciseness: The instruction is concise, containing only one sentence. hallucination: The instruction mentions a person ahead, which is supported by the image and cues."
london,"context-v1, no echo",000264,3,3,1,4,5,"Two steps ahead, there's a trash can. Move forward.","Free space: left=clear, centre=clear, right=blocked. Obstacles: trash can (right, near); trash can (centre, mid); person (centre, far); person (centre, far).","safety: The instruction directs the pedestrian forward, but does not mention the trash can, which is a potential hazard. actionability: The instruction uses a concrete verb 'move' and a body-relative direction 'forward', but it is vague and does not specify the distance. spatial_accuracy: The instruction states 'Two steps ahead', but the trash can is not two steps ahead; it is closer and to the right. conciseness: The instruction is concise, containing only one sentence. hallucination: The instruction mentions a trash can, which is supported by the image and cues."
london,"context-v1, no echo",000268,1,3,3,4,1,A person is close ahead on your right. Move forward.,"Free space: left=partly blocked, centre=partly blocked, right=partly blocked. Obstacles: person (right, near); person (right, near); person (centre, far); person (left, far).","safety: The instruction does not mention any immediate hazards and directs the pedestrian into a potentially dangerous situation. actionability: The instruction uses a concrete verb 'Move' and a body-relative direction 'forward', but it does not specify the distance or the side. spatial_accuracy: The instruction mentions 'right' but does not specify the distance, which is partly blocked in the image. conciseness: The instruction is concise, consisting of only one sentence. hallucination: The instruction mentions 'A person is close ahead on your right', but there is no person close ahead in the image."
london,"context-v1, no echo",000272,3,5,3,4,5,The path is clear ahead. Walk forward.,"Free space: left=blocked, centre=clear, right=clear. Obstacles: person (right, far); person (centre, far); person (centre, far); person (left, far).","safety: The instruction does not mention any hazards, but it is safe to walk forward as there are no immediate obstacles. actionability: The instruction is clear and concise, using a concrete verb and a body-relative direction. spatial_accuracy: The instruction does not mention any specific sides or distances, but it is clear that the path is ahead. conciseness: The instruction is brief and to the point, consisting of only one sentence. hallucination: The instruction does not mention any objects, hazards, or directions that are not supported by the image or cues."
london,"context-v1, no echo",000276,1,5,3,4,5,A person is directly ahead. Walk straight ahead.,"Free space: left=blocked, centre=clear, right=blocked. Obstacles: person (left, near); person (left, mid); car (left, far); person (centre, far).","safety: The instruction does not mention any immediate hazards and does not guide the person away from them. actionability: The instruction is clear and concise, providing a concrete verb and a body-relative direction. spatial_accuracy: The instruction does not mention any specific sides or distances, but it does not contradict the image or cues. conciseness: The instruction is brief and to the point, consisting of only one sentence. hallucination: The instruction mentions a person directly ahead, which is supported by the image and cues."
london,"context-v1, no echo",000280,1,2,1,3,3,There's a car directly ahead. Move forward.,"Free space: left=partly blocked, centre=clear, right=clear. Obstacles: car (right, mid); car (centre, mid); car (left, mid); car (right, far).","safety: The instruction does not mention any hazards and does not guide the pedestrian away from the car, which is a safety concern. actionability: The instruction only provides a verb 'move' without specifying a direction, making it unclear what action to take. spatial_accuracy: The instruction does not mention the car, which is a relevant obstacle in the image. conciseness: The instruction is brief but lacks specific spatial information and action details. hallucination: The instruction mentions a car, which is present in the image, but does not mention any other objects or directions."
london,"context-v1, no echo",000284,1,3,3,4,3,The car on your left is close. Move two steps ahead.,"Free space: left=blocked, centre=clear, right=clear. Obstacles: car (left, near); car (right, far); car (centre, far); car (centre, far).","safety: The instruction directs the pedestrian into the path of a close car, which is a safety hazard. actionability: The instruction uses a concrete verb 'move' and a body-relative direction 'ahead', but it does not specify the distance or side, making it vague. spatial_accuracy: The instruction mentions the car on the left, which is correct, but it does not specify the distance, which is not clear from the image. conciseness: The instruction is concise, containing only two sentences. hallucination: The instruction mentions a car on the left, which is supported by the image, but it does not mention any other objects or hazards."
london,"context-v2, no echo",000000,1,5,3,4,5,Continue walking. There's a person ahead and to the right.,"Free space: left=clear, centre=clear, right=clear. Obstacles: person (right, mid); traffic light (right, mid); person (centre, mid); traffic light (right, mid).","safety: The instruction does not mention any immediate safety hazards, such as the traffic light or the person ahead, which could pose a risk. actionability: The instruction uses a concrete verb 'Continue walking' and a body-relative direction 'ahead and to the right', which is clear and actionable. spatial_accuracy: The instruction mentions a person ahead and to the right, which matches the image and the cues provided. conciseness: The instruction is concise, containing only two sentences without any unnecessary details. hallucination: The instruction mentions a person ahead and to the right, which is supported by the image and the cues provided."
london,"context-v2, no echo",000004,1,2,3,3,3,Continue walking. There's a person directly ahead.,"Free space: left=clear, centre=clear, right=clear. Obstacles: traffic light (right, mid); person (centre, mid); traffic light (right, mid); person (right, mid).","safety: The instruction does not mention any immediate hazards and does not guide the pedestrian away from them. actionability: The instruction is vague and does not specify a clear action or direction. spatial_accuracy: The instruction does not mention any specific side or distance, only a person ahead. conciseness: The instruction is brief but lacks clear action and direction. hallucination: The instruction mentions a person ahead, but does not mention any other objects or hazards."
london,"context-v2, no echo",000008,5,5,3,4,5,Continue. There's a person far ahead on the right.,"Free space: left=partly blocked, centre=clear, right=clear. Obstacles: person (right, far); person (right, far); person (right, far); person (right, far).","safety: The instruction does not mention any immediate hazards and directs the pedestrian to continue, which is safe. actionability: The instruction uses a concrete verb 'Continue' and a body-relative direction 'ahead', making it actionable. spatial_accuracy: The instruction mentions a person far ahead on the right, which matches the image and cues. conciseness: The instruction is concise, containing only two sentences. hallucination: The instruction mentions a person far ahead on the right, which is supported by the image and cues."
london,"context-v2, no echo",000012,4,4,3,4,3,The centre is partly blocked. Slow down and keep to the left.,"Free space: left=blocked, centre=partly blocked, right=partly blocked. Obstacles: person (left, near); truck (left, far); trash can (centre, far); person (left, far).","safety: The instruction directs the pedestrian to keep to the left, which is a safe action given the partly blocked center due to the truck and person. actionability: The instruction uses a concrete verb 'slow down' and a body-relative direction 'left', making it actionable. spatial_accuracy: The instruction mentions the center being partly blocked, which matches the image and cues. However, it does not specify the distance or side of the person, which is a minor error. conciseness: The instruction is concise, containing only two sentences without any scene description. hallucination: The instruction mentions a truck and a person, which are supported by the image and cues. However, it does not mention the trash can, which is a relevant near hazard."
london,"context-v2, no echo",000016,1,3,1,4,5,Continue walking. There are people ahead.,"Free space: left=partly blocked, centre=partly blocked, right=partly blocked. Obstacles: person (right, far); person (centre, far); person (centre, far); person (centre, far).","safety: The instruction does not mention any immediate hazards and does not guide the pedestrian away from them. actionability: The instruction uses a concrete verb 'Continue walking' and a body-relative direction 'ahead', but it does not specify the distance or the side. spatial_accuracy: The instruction does not mention any specific side or distance, which is a problem given the obstacles ahead. conciseness: The instruction is concise, consisting of only two sentences. hallucination: The instruction mentions 'people ahead', which is supported by the image and cues."
london,"context-v2, no echo",000020,1,5,3,4,5,Continue walking. There's a person ahead and to the right.,"Free space: left=partly blocked, centre=partly blocked, right=partly blocked. Obstacles: person (right, near); person (right, near); person (centre, mid); person (right, mid).","safety: The instruction does not mention the person ahead, which is a safety-critical hazard. actionability: The instruction uses a concrete verb 'Continue walking' and a body-relative direction 'ahead and to the right', making it actionable. spatial_accuracy: The instruction mentions 'ahead and to the right', but the person ahead is not clearly defined in terms of distance or side, which is a spatial error. conciseness: The instruction is concise, containing only two sentences without any scene description. hallucination: The instruction mentions a person ahead and to the right, which is supported by the image and cues."
london,"context-v2, no echo",000024,3,5,5,4,5,"The person ahead is close, so slow down and keep to the left.","Free space: left=partly blocked, centre=partly blocked, right=partly blocked. Obstacles: person (left, mid); bus (centre, far); trash can (left, far); car (right, far).","safety: The instruction does not mention any immediate hazards and only advises slowing down, which is a general safety recommendation but not specific to the immediate environment. actionability: The instruction uses a concrete verb 'slow down' and a body-relative direction 'left', making it actionable. spatial_accuracy: The instruction mentions 'the person ahead' and advises keeping to the left, which aligns with the image and cues. conciseness: The instruction is brief and to the point, containing only two sentences. hallucination: The instruction mentions 'the person ahead' and advises keeping to the left, which are supported by the image and cues."
london,"context-v2, no echo",000028,5,5,5,4,5,STOP. There's a person directly ahead and a bus close to the right.,"Free space: left=blocked, centre=blocked, right=blocked. Obstacles: bus (right, near); person (centre, near); person (right, near); person (left, mid).","safety: The instruction warns of a person ahead and a bus to the right, which are both safety-critical hazards. It is a safe action to stop. actionability: The instruction uses a concrete verb 'STOP' and a clear direction 'ahead' and 'right', making it actionable. spatial_accuracy: The instruction correctly mentions a person ahead and a bus to the right, matching the image and cues. conciseness: The instruction is brief and to the point, containing only two sentences. hallucination: The instruction mentions a person ahead and a bus to the right, which are both supported by the image and cues."
london,"context-v2, no echo",000032,5,5,5,4,5,The bus is near on the right. Slow down and keep to the left.,"Free space: left=blocked, centre=partly blocked, right=blocked. Obstacles: bus (right, near); truck (left, near); person (centre, mid); person (centre, far).","safety: The instruction directs the pedestrian to keep to the left, which is safe given the presence of the bus on the right. actionability: The instruction uses a concrete verb 'slow down' and a body-relative direction 'left', making it actionable. spatial_accuracy: The instruction correctly states that the bus is on the right and the pedestrian should keep to the left, which matches the image. conciseness: The instruction is brief and to the point, containing only two sentences. hallucination: The instruction mentions the bus and the pedestrian should keep to the left, which are both supported by the image and cues."
london,"context-v2, no echo",000036,1,3,3,4,3,Continue. There's a person far ahead on the left and right.,"Free space: left=partly blocked, centre=partly blocked, right=partly blocked. Obstacles: person (left, far); person (right, far); person (left, far); person (right, far).","safety: The instruction does not mention the person far ahead, which is a safety-critical hazard. actionability: The instruction uses a concrete verb 'Continue' and a body-relative direction 'ahead', but it is vague about the sides. spatial_accuracy: The instruction mentions a person far ahead on the left and right, but the image shows people far ahead only on the left. conciseness: The instruction is concise, containing only two sentences. hallucination: The instruction mentions a person far ahead on the left and right, but the image only shows people far ahead on the left."
london,"context-v2, no echo",000040,4,4,3,4,3,The centre is partly blocked. Slow down and keep to the right.,"Free space: left=blocked, centre=partly blocked, right=clear. Obstacles: bicycle (left, near); person (centre, far); bicycle (centre, far); person (centre, far).","safety: The instruction directs the pedestrian to keep to the right, which is a safe action given the partly blocked center due to the bicycle and person. actionability: The instruction uses a concrete verb 'slow down' and a body-relative direction 'to the right', making it actionable. spatial_accuracy: The instruction mentions the center as partly blocked, which aligns with the image and cues, but does not specify the distance or side of the person, which is a minor error. conciseness: The instruction is concise, containing only two sentences without any scene description. hallucination: The instruction mentions a person and a bicycle, which are supported by the image and cues, but does not mention the tree or the van, which are not part of the instruction."
london,"context-v2, no echo",000044,1,2,1,3,1,Continue. There's a person far ahead on the left.,"Free space: left=clear, centre=clear, right=blocked. Obstacles: person (left, far); motorcycle (left, far); person (centre, far); person (centre, far).","safety: The instruction does not mention any immediate hazards and does not guide the pedestrian away from them. actionability: The instruction is vague and does not specify a clear action or direction. spatial_accuracy: The instruction mentions a person far ahead on the left, but the image shows a person far ahead on the right. conciseness: The instruction is brief but does not provide enough information to be actionable. hallucination: The instruction mentions a person far ahead on the left, but the image shows a person far ahead on the right."
london,"context-v2, no echo",000048,1,3,3,4,5,Continue. There's a person ahead and a bus far ahead.,"Free space: left=clear, centre=clear, right=blocked. Obstacles: person (left, far); bus (right, far); bus (centre, far); car (right, far).","safety: The instruction does not mention the person ahead, which is a safety-critical hazard. actionability: The instruction uses a concrete verb 'Continue' and a body-relative direction 'ahead', but it does not specify which side. spatial_accuracy: The instruction mentions a person ahead and a bus far ahead, but it does not specify which side the person is on. conciseness: The instruction is concise, containing only two sentences. hallucination: The instruction mentions a person and a bus, which are supported by the image and cues."
london,"context-v2, no echo",000052,1,3,3,4,5,Continue. There's a car close on your right.,"Free space: left=clear, centre=clear, right=blocked. Obstacles: car (right, near); person (left, far); person (left, far); person (centre, far).","safety: The instruction directs the pedestrian into a hazardous area where a car is close on their right, which could lead to a collision. actionability: The instruction uses a concrete verb 'Continue' and a body-relative direction 'right', but it does not specify the distance or the immediate danger. spatial_accuracy: The instruction mentions a car close on the right, but it does not specify the distance or the immediate danger, which could be misleading. conciseness: The instruction is concise, containing only two sentences without any scene description. hallucination: The instruction mentions a car close on the right, which is supported by the image and the cues."
london,"context-v2, no echo",000056,1,4,3,4,5,Continue. There's a bicycle parked on the right.,"Free space: left=clear, centre=clear, right=partly blocked. Obstacles: bicycle (right, mid); person (centre, far); person (left, far); trash can (centre, far).","safety: The instruction does not mention any immediate safety hazards, such as the parked bicycle, which could pose a risk to the pedestrian. actionability: The instruction uses a concrete verb 'Continue' and a body-relative direction 'right', making it actionable. spatial_accuracy: The instruction mentions the right side, which matches the image, but does not specify the distance, which is a minor error. conciseness: The instruction is brief and to the point, containing only one sentence. hallucination: The instruction mentions a bicycle, which is supported by the image and cues."
london,"context-v2, no echo",000060,1,3,5,4,5,Continue walking. There's a car close ahead on the right.,"Free space: left=clear, centre=clear, right=blocked. Obstacles: car (right, near); person (centre, far); person (left, far); person (left, far).","safety: The instruction does not mention the car close ahead, which is a safety-critical hazard. actionability: The instruction uses a concrete verb 'Continue walking' and a body-relative direction 'right', but it does not specify the distance or the side. spatial_accuracy: The instruction mentions a car close ahead on the right, which matches the image and cues. conciseness: The instruction is concise, containing only two sentences. hallucination: The instruction mentions a car close ahead on the right, which is supported by the image and cues."
london,"context-v2, no echo",000064,5,5,5,5,5,STOP. There's a person close ahead.,"Free space: left=partly blocked, centre=blocked, right=blocked. Obstacles: person (left, near); person (right, far); person (right, far); person (right, far).","safety: The instruction warns the pedestrian to stop due to a close person ahead, which is a crucial safety measure. actionability: The instruction uses a clear verb 'STOP' and specifies 'close ahead', which is actionable. spatial_accuracy: The instruction correctly states 'close ahead', which aligns with the image and the cues provided. conciseness: The instruction is brief and to the point, containing only one sentence. hallucination: The instruction mentions a person close ahead, which is supported by the image and the cues provided."
london,"context-v2, no echo",000068,3,5,3,4,3,The centre is partly blocked. Slow down and keep to the right.,"Free space: left=partly blocked, centre=partly blocked, right=partly blocked. Obstacles: person (right, far); person (centre, far); bicycle (centre, far); person (centre, far).","safety: The instruction directs the pedestrian to keep to the right, which is a safe action given the partly blocked center and right sides. However, it does not mention the person walking far ahead, which could be a hazard. actionability: The instruction uses a concrete verb 'slow down' and a body-relative direction 'to the right', making it actionable. spatial_accuracy: The instruction mentions the center and right sides, which match the partly blocked areas in the image. However, it does not mention the person walking far ahead, which is a relevant hazard. conciseness: The instruction is concise, containing only two sentences without any scene description. hallucination: The instruction mentions the center and right sides, which are supported by the image. However, it does not mention the person walking far ahead, which is a relevant hazard."
london,"context-v2, no echo",000072,5,5,3,4,5,The centre is partly blocked. There's a person directly ahead. Slow down and keep to the right.,"Free space: left=partly blocked, centre=partly blocked, right=partly blocked. Obstacles: person (centre, mid); person (left, far); person (centre, far); bicycle (centre, far).","safety: The instruction warns the pedestrian to slow down and keep to the right, which is a safe action given the presence of a person directly ahead. actionability: The instruction uses a concrete verb 'slow down' and a body-relative direction 'to the right', making it actionable. spatial_accuracy: The instruction mentions the center as partly blocked and a person directly ahead, which matches the image and cues. conciseness: The instruction is concise, containing only two sentences without any scene description. hallucination: The instruction mentions a person directly ahead and the center being partly blocked, which are supported by the image and cues."
london,"context-v2, no echo",000076,3,5,5,4,5,Continue walking. There's a person near on the right.,"Free space: left=clear, centre=clear, right=partly blocked. Obstacles: person (right, near); person (centre, far); person (centre, far); car (right, far).","safety: The instruction does not mention any immediate hazards and directs the pedestrian to continue walking, which is safe if the person near on the right is not a threat. actionability: The instruction uses a concrete verb 'Continue walking' and a body-relative direction 'right', making it actionable. spatial_accuracy: The instruction mentions a person near on the right, which matches the image and cues. conciseness: The instruction is brief and to the point, containing only one sentence. hallucination: The instruction mentions a person near on the right, which is supported by the image and cues."
london,"context-v2, no echo",000080,1,5,3,4,5,Continue walking. There's a person close ahead on your left.,"Free space: left=blocked, centre=clear, right=blocked. Obstacles: person (left, near); trash can (centre, mid); person (left, far); car (centre, far).","safety: The instruction directs the pedestrian into the path of a close person, which is a safety hazard. actionability: The instruction uses a concrete verb 'Continue walking' and a body-relative direction 'left', making it actionable. spatial_accuracy: The instruction mentions a person close ahead on the left, which matches the image and cues. conciseness: The instruction is concise, containing only two sentences. hallucination: The instruction mentions a person close ahead on the left, which is supported by the image and cues."
london,"context-v2, no echo",000084,1,2,1,4,1,Continue. There's a person far ahead on the left.,"Free space: left=clear, centre=blocked, right=clear. Obstacles: person (left, far); person (centre, far); trash can (right, far); person (centre, far).","safety: The instruction directs the pedestrian into a potentially hazardous area where a person is far ahead, which could lead to a collision. actionability: The instruction is vague and does not specify a clear action, only stating 'Continue.' spatial_accuracy: The instruction mentions a person far ahead on the left, but the image shows a person far ahead on the right, indicating a spatial inaccuracy. conciseness: The instruction is concise, containing only two sentences. hallucination: The instruction mentions a person far ahead on the left, but the image shows a person far ahead on the right, indicating a hallucination."
london,"context-v2, no echo",000088,1,3,1,4,5,Continue walking. There's a person ahead.,"Free space: left=clear, centre=clear, right=partly blocked. Obstacles: person (centre, mid); person (centre, mid); person (centre, mid); person (left, far).","safety: The instruction does not mention any immediate hazards and simply tells the pedestrian to continue walking, which could lead to a collision with the person ahead. actionability: The instruction uses a concrete verb 'Continue' and a body-relative direction 'ahead', but it does not specify the distance or the side, making it less actionable. spatial_accuracy: The instruction does not mention any specific side or distance, which is a spatial error. conciseness: The instruction is concise, consisting of only two sentences. hallucination: The instruction mentions a person ahead, which is supported by the image and the cues."
london,"context-v2, no echo",000092,1,3,1,4,1,Continue walking. There's a person close ahead on the right.,"Free space: left=partly blocked, centre=clear, right=blocked. Obstacles: person (right, near); person (centre, far); person (right, far); person (right, far).","safety: The instruction directs the pedestrian into a hazardous area where a person is close ahead, which could lead to a collision. actionability: The instruction uses a concrete verb 'Continue walking' and a body-relative direction 'right', but it does not specify the distance or the exact location of the person. spatial_accuracy: The instruction mentions a person close ahead on the right, but the image shows a person far ahead, not close. conciseness: The instruction is concise, containing only two sentences. hallucination: The instruction mentions a person close ahead on the right, but the image shows a person far ahead, not close."
london,"context-v2, no echo",000096,1,5,3,4,5,Continue walking. There's a person ahead and to the right.,"Free space: left=blocked, centre=clear, right=partly blocked. Obstacles: person (right, near); person (right, far); person (centre, far); person (centre, far).","safety: The instruction does not mention the person ahead, which is a safety-critical hazard. actionability: The instruction uses a concrete verb 'Continue walking' and a body-relative direction 'ahead and to the right', making it actionable. spatial_accuracy: The instruction mentions a person ahead and to the right, which matches the image and cues. conciseness: The instruction is concise, containing only two sentences. hallucination: The instruction mentions a person ahead and to the right, which is supported by the image and cues."
london,"context-v2, no echo",000100,5,5,3,4,5,Continue walking. There's a person a few steps ahead on the right.,"Free space: left=partly blocked, centre=clear, right=clear. Obstacles: person (right, far); person (right, far); person (right, far); person (centre, far).","safety: The instruction does not mention any immediate hazards and directs the pedestrian to continue walking, which is safe. actionability: The instruction uses a concrete verb 'Continue walking' and a clear direction 'right', making it actionable. spatial_accuracy: The instruction mentions a person a few steps ahead on the right, which matches the image and the cues provided. conciseness: The instruction is concise, containing only two sentences without any unnecessary details. hallucination: The instruction mentions a person, which is supported by the image and the cues provided."
london,"context-v2, no echo",000104,5,5,3,4,5,Continue walking. There's a person far ahead on the right.,"Free space: left=blocked, centre=blocked, right=clear. Obstacles: person (right, far); person (right, far); person (right, far); car (right, far).","safety: The instruction does not mention any immediate hazards and directs the pedestrian to continue walking, which is safe given the current scene. actionability: The instruction uses a concrete verb 'Continue' and a body-relative direction 'ahead', making it actionable. spatial_accuracy: The instruction mentions a person far ahead on the right, which matches the image and the cues provided. conciseness: The instruction is brief and to the point, containing only one sentence. hallucination: The instruction mentions a person far ahead on the right, which is supported by the image and the cues provided."
london,"context-v2, no echo",000108,1,1,3,2,3,Continue. There's a person far ahead.,"Free space: left=blocked, centre=clear, right=clear. Obstacles: person (centre, far); person (right, far); motorcycle (right, far); person (centre, far).","safety: The instruction does not mention any immediate hazards and only directs the pedestrian to continue, which could lead to a collision with the person far ahead. actionability: The instruction is vague and does not specify a clear action or direction, only stating 'Continue.' spatial_accuracy: The instruction mentions a person far ahead, but does not specify which side or distance, which could be misleading. conciseness: The instruction is brief but lacks specific details, making it unclear and potentially unsafe. hallucination: The instruction mentions a person far ahead, which is supported by the image, but does not mention any other objects or hazards."
london,"context-v2, no echo",000112,1,5,5,4,5,Continue walking. There's a person close ahead on your left.,"Free space: left=partly blocked, centre=clear, right=blocked. Obstacles: person (left, near); car (centre, far); person (centre, far); traffic light (centre, far).","safety: The instruction does not mention any immediate safety hazards, such as the person close ahead, which could pose a risk to the pedestrian. actionability: The instruction uses a concrete verb 'Continue walking' and a body-relative direction 'left', making it actionable. spatial_accuracy: The instruction mentions a person close ahead on the left, which matches the image and cues. conciseness: The instruction is concise, containing only two sentences. hallucination: The instruction mentions a person close ahead, which is supported by the image and cues."
london,"context-v2, no echo",000116,3,5,3,4,3,The person in the centre is close. Slow down and keep to the right.,"Free space: left=partly blocked, centre=partly blocked, right=partly blocked. Obstacles: person (centre, near); person (left, near); car (right, mid); person (left, mid).","safety: The instruction directs the pedestrian to slow down and keep to the right, which is a safe action given the presence of a person in the center who is close. However, it does not mention the car on the right, which is a relevant near hazard. actionability: The instruction uses a concrete verb 'slow down' and a body-relative direction 'to the right', which is clear and actionable. spatial_accuracy: The instruction mentions the person in the center and tells the pedestrian to keep to the right, which matches the image. However, it does not mention the car on the right, which is a relevant obstacle. conciseness: The instruction is concise, containing only two sentences without any scene description. hallucination: The instruction mentions the person in the center and the right side, which are supported by the image. However, it does not mention the car on the right, which is a relevant obstacle."
london,"context-v2, no echo",000120,1,3,3,4,1,Continue walking. There's a person ahead and to the right.,"Free space: left=partly blocked, centre=clear, right=blocked. Obstacles: person (left, mid); person (left, mid); person (centre, far).","safety: The instruction does not mention the person ahead, which is a safety-critical hazard. actionability: The instruction uses a concrete verb 'Continue walking' and a body-relative direction 'ahead and to the right', but it does not specify the distance or the person's position. spatial_accuracy: The instruction mentions 'ahead and to the right', but the person is not in the center of the right side; they are closer to the left side. conciseness: The instruction is concise, containing only two sentences. hallucination: The instruction mentions a person ahead and to the right, but there is no person in that specific location in the image."
london,"context-v2, no echo",000124,1,3,3,4,5,Continue. There's a person close ahead on your left.,"Free space: left=blocked, centre=clear, right=clear. Obstacles: person (left, near); car (right, far); car (left, far).","safety: The instruction directs the pedestrian into a potential hazard by not mentioning the person close ahead. actionability: The instruction uses a concrete verb 'Continue' and a body-relative direction 'left', but it lacks precision in terms of distance or proximity. spatial_accuracy: The instruction mentions a person close ahead on the left, which matches the image and cues. conciseness: The instruction is concise, containing only two sentences without any scene description. hallucination: The instruction mentions a person close ahead, which is supported by the image and cues."
london,"context-v2, no echo",000128,3,3,3,4,5,Continue. There's a bus far ahead on the right.,"Free space: left=clear, centre=clear, right=clear. Obstacles: bus (right, far); person (centre, far); person (centre, far); person (centre, far).","safety: The instruction does not mention any immediate hazards and directs the pedestrian into a clear path, but it does not warn about the bus far ahead, which could be a safety concern. actionability: The instruction uses a concrete verb 'Continue' and a body-relative direction 'right', but it lacks a specific distance or landmark to guide the pedestrian. spatial_accuracy: The instruction mentions a bus far ahead on the right, which is consistent with the image, but it does not specify the distance or a landmark, which could be misleading. conciseness: The instruction is brief and clear, containing only two sentences without any additional scene description. hallucination: The instruction mentions a bus far ahead on the right, which is supported by the image and the cues."
london,"context-v2, no echo",000132,1,3,3,4,5,Continue. There's a person far ahead on the left.,"Free space: left=clear, centre=clear, right=clear. Obstacles: person (centre, far); person (left, far); person (left, far); bus (centre, far).","safety: The instruction does not mention any immediate hazards and directs the pedestrian ahead, which could be dangerous if there is a person far ahead. actionability: The instruction uses a concrete verb 'Continue' and a body-relative direction 'left', but it is vague about the distance and the specific action to take. spatial_accuracy: The instruction mentions a person far ahead on the left, which matches the image and the cues provided. conciseness: The instruction is concise, containing only two sentences. hallucination: The instruction mentions a person far ahead on the left, which is supported by the image and the cues provided."
london,"context-v2, no echo",000136,1,1,3,2,3,Continue. There's a bus far ahead.,"Free space: left=partly blocked, centre=clear, right=clear. Obstacles: bus (centre, far); traffic light (centre, far); person (centre, far); person (right, far).","safety: The instruction does not mention any immediate hazards and directs the pedestrian to continue, which could be unsafe if there are other nearby obstacles or traffic. actionability: The instruction is vague and does not specify a clear action or direction, making it difficult for the pedestrian to follow. spatial_accuracy: The instruction mentions a bus far ahead, but does not specify which side of the street it is on, which could be misleading. conciseness: The instruction is brief but lacks specific spatial information, making it unclear and potentially unsafe. hallucination: The instruction mentions a bus far ahead, which is supported by the image, but does not mention any other objects or hazards."
london,"context-v2, no echo",000140,1,3,3,4,3,Continue. There's a green light ahead.,"Free space: left=clear, centre=clear, right=clear. Obstacles: traffic light (centre, far); person (centre, far); person (centre, far); traffic light (right, far).","safety: The instruction does not mention any potential hazards, such as the person crossing the street or the traffic light being far away. actionability: The instruction uses a concrete verb 'Continue' and a body-relative direction 'ahead', but it does not specify the distance or the side. spatial_accuracy: The instruction mentions 'ahead', but it does not specify the distance or the side, which could be misleading. conciseness: The instruction is concise, consisting of only two sentences. hallucination: The instruction mentions a green light, which is supported by the image, but it does not mention any other objects or hazards."
london,"context-v2, no echo",000144,5,5,3,4,5,Continue. There's a trash can to your right.,"Free space: left=partly blocked, centre=clear, right=clear. Obstacles: trash can (right, mid); person (right, far); person (right, far); bicycle (centre, far).","safety: The instruction directs the pedestrian to avoid a trash can, which is a safety-critical hazard. actionability: The instruction uses a concrete verb 'Continue' and a body-relative direction 'to your right', making it actionable. spatial_accuracy: The instruction mentions a trash can to the right, which matches the image and cues. conciseness: The instruction is concise, containing only two sentences. hallucination: The instruction mentions a trash can, which is supported by the image and cues."
london,"context-v2, no echo",000148,1,2,1,3,1,Continue. There's a car near on the right.,"Free space: left=clear, centre=clear, right=clear. Obstacles: car (right, near); bicycle (left, mid); person (left, far); truck (centre, far).","safety: The instruction does not mention the car as a hazard, which could pose a risk to the pedestrian. actionability: The instruction is vague and does not specify a clear action or direction. spatial_accuracy: The instruction mentions a car on the right, but the car is not visible in the image, indicating a mismatch between the instruction and the scene. conciseness: The instruction is brief but does not provide enough information to be actionable. hallucination: The instruction mentions a car, which is not present in the image, indicating a hallucination."
london,"context-v2, no echo",000152,5,5,5,4,5,STOP. There's a person directly ahead.,"Free space: left=partly blocked, centre=blocked, right=clear. Obstacles: person (centre, near); person (centre, mid); person (left, mid); bicycle (left, mid).","safety: The instruction directs the pedestrian to stop and mentions a person directly ahead, which is a safety-critical hazard. actionability: The instruction uses a concrete verb 'STOP' and a body-relative direction 'ahead', making it actionable. spatial_accuracy: The instruction states 'STOP. There's a person directly ahead.' which matches the image and cues, indicating the person is indeed directly ahead. conciseness: The instruction is concise, containing only two sentences without any scene description. hallucination: The instruction mentions a person directly ahead, which is supported by the image and cues."
london,"context-v2, no echo",000156,1,3,3,4,5,Continue. There's a person near directly ahead.,"Free space: left=clear, centre=clear, right=clear. Obstacles: person (centre, near); person (right, mid); motorcycle (right, mid); bicycle (right, mid).","safety: The instruction does not mention any immediate hazards and does not guide the pedestrian away from a potential obstacle. actionability: The instruction uses a concrete verb 'Continue' and a body-relative direction 'ahead', but it does not specify the distance or the side. spatial_accuracy: The instruction does not mention any specific side or distance, but it does not contradict the image or cues. conciseness: The instruction is brief and does not contain any unnecessary details or descriptions. hallucination: The instruction mentions a person near directly ahead, which is supported by the image and cues."
london,"context-v2, no echo",000160,4,4,4,4,5,The centre is partly blocked. Slow down and keep to the left.,"Free space: left=partly blocked, centre=partly blocked, right=partly blocked. Obstacles: person (left, mid); person (right, far); person (left, far); person (centre, far).","safety: The instruction directs the pedestrian to keep to the left, which is a safe action given the partly blocked center and left sides. actionability: The instruction uses a concrete verb 'slow down' and a body-relative direction 'keep to the left', making it actionable. spatial_accuracy: The instruction mentions the center and left sides, which match the partly blocked areas in the image and cues. conciseness: The instruction is concise, containing only two sentences without any scene description. hallucination: The instruction mentions 'the centre' and 'the left', which are supported by the image and cues."
london,"context-v2, no echo",000164,3,3,2,4,3,The person on the left is close. Slow down and keep to the right.,"Free space: left=partly blocked, centre=clear, right=blocked. Obstacles: person (left, near); person (centre, far); person (right, far); bicycle (centre, far).","safety: The instruction directs the pedestrian to slow down and keep to the right, which is a safe action given the presence of a person close by. However, it does not mention the person on the left, which is a relevant near hazard. actionability: The instruction uses a concrete verb 'slow down' and a body-relative direction 'to the right', but it does not specify the distance or the side of the person. spatial_accuracy: The instruction mentions the person on the left, but does not specify the distance or side, which is not clear from the image. The action 'keep to the right' is not spatially accurate as there is no indication of a right side. conciseness: The instruction is concise, containing only two sentences without any scene description. hallucination: The instruction mentions a person on the left, which is supported by the image. However, it does not mention the person in the center or the right, which are present in the image."
london,"context-v2, no echo",000168,3,3,3,4,3,The centre is partly blocked. Slow down and keep to the left.,"Free space: left=partly blocked, centre=partly blocked, right=partly blocked. Obstacles: person (centre, far); person (centre, far); truck (right, far); motorcycle (centre, far).","safety: The instruction advises the pedestrian to slow down and keep to the left, which is a safe action given the partly blocked center and right sides. However, it does not mention the motorcycle in the center, which is a relevant near hazard. actionability: The instruction uses a concrete verb 'slow down' and a body-relative direction 'left', but it does not specify the distance or the side of the road. spatial_accuracy: The instruction mentions the center and right sides as partly blocked, which matches the image and cues. However, it does not mention the motorcycle in the center, which is a relevant near hazard. conciseness: The instruction is concise, containing only two sentences without any scene description. hallucination: The instruction mentions the center and right sides as partly blocked, which are supported by the image and cues. However, it does not mention the motorcycle in the center, which is a relevant near hazard."
london,"context-v2, no echo",000172,1,3,1,4,1,Continue. There's a car a few steps away on the right.,"Free space: left=partly blocked, centre=clear, right=clear. Obstacles: car (right, mid); bus (right, far); car (right, far); person (centre, far).","safety: The instruction does not mention any immediate hazards and directs the pedestrian into a potentially dangerous area. actionability: The instruction uses a concrete verb 'Continue' and a body-relative direction 'right', but it does not specify the distance or the type of obstacle. spatial_accuracy: The instruction mentions a car on the right, but the image shows a bus and a car on the right, not a car a few steps away. conciseness: The instruction is concise, containing only two sentences. hallucination: The instruction mentions a car on the right, but the image shows a bus and a car on the right, not a car a few steps away."
london,"context-v2, no echo",000176,1,5,3,4,5,Continue walking. There are people ahead and to the right.,"Free space: left=partly blocked, centre=clear, right=partly blocked. Obstacles: person (left, mid); person (right, mid); person (right, mid); person (right, far).","safety: The instruction does not mention any immediate hazards, such as the person in the foreground who is partially blocking the path. actionability: The instruction uses a concrete verb 'Continue walking' and a body-relative direction 'ahead and to the right', which is clear and actionable. spatial_accuracy: The instruction mentions 'ahead and to the right', which aligns with the image, but it does not specify the distance, which could be misleading. conciseness: The instruction is concise, consisting of two sentences without any unnecessary details. hallucination: The instruction mentions 'people ahead and to the right', which is supported by the image and the cues."
london,"context-v2, no echo",000180,1,5,3,4,5,Continue walking. There's a person ahead and to the left.,"Free space: left=partly blocked, centre=clear, right=clear. Obstacles: person (left, mid); person (centre, far); traffic light (right, far); person (left, far).","safety: The instruction does not mention any immediate safety hazards, such as the person ahead who is partially blocking the path. actionability: The instruction uses a concrete verb 'Continue walking' and a body-relative direction 'ahead and to the left', which is clear and actionable. spatial_accuracy: The instruction mentions a person ahead and to the left, which matches the image and the cues provided. conciseness: The instruction is concise, containing only two sentences without any unnecessary details. hallucination: The instruction mentions a person ahead and to the left, which is supported by the image and the cues provided."
london,"context-v2, no echo",000184,4,4,3,4,5,The centre is partly blocked. Slow down and keep to the right.,"Free space: left=partly blocked, centre=partly blocked, right=partly blocked. Obstacles: person (left, mid); person (left, mid); person (right, far); person (centre, far).","safety: The instruction warns about a partly blocked center, which is a relevant hazard, and advises to keep to the right, which is a safe action. actionability: The instruction uses a concrete verb 'slow down' and a body-relative direction 'to the right', making it actionable. spatial_accuracy: The instruction mentions the center as partly blocked and advises to keep to the right, which aligns with the image and cues. However, it does not specify the distance, which is a minor error. conciseness: The instruction is brief and to the point, containing only two sentences without any scene description. hallucination: The instruction mentions a partly blocked center and advises to keep to the right, which are both supported by the image and cues. There are no unsupported objects, hazards, or directions."
london,"context-v2, no echo",000188,3,4,3,4,5,"Continue, but keep an eye out for people ahead.","Free space: left=partly blocked, centre=partly blocked, right=partly blocked. Obstacles: person (centre, far); person (left, far); person (centre, far); person (left, far).","safety: The instruction does not mention any immediate hazards and only advises to be cautious of people ahead, which is a good safety practice but not specific to the immediate environment. actionability: The instruction uses a concrete verb 'keep an eye out' and a body-relative direction 'ahead', which is clear and actionable. spatial_accuracy: The instruction does not mention any specific sides or distances, but it is clear that the person should be cautious of people ahead, which aligns with the image and cues. conciseness: The instruction is brief and to the point, containing only one sentence. hallucination: The instruction mentions people ahead, which is supported by the image and cues."
london,"context-v2, no echo",000192,4,4,3,4,5,The centre is partly blocked. Slow down and keep to the right.,"Free space: left=partly blocked, centre=partly blocked, right=partly blocked. Obstacles: person (centre, far); bus (right, far); car (right, far); car (right, far).","safety: The instruction warns about a partly blocked center, which is a relevant hazard, and advises to keep to the right, which is a safe action. actionability: The instruction uses a concrete verb 'slow down' and a body-relative direction 'to the right', making it actionable. spatial_accuracy: The instruction mentions the center as partly blocked and advises to keep to the right, which aligns with the image and cues. However, it does not specify the distance, which is a minor error. conciseness: The instruction is brief and to the point, containing only two sentences without any scene description. hallucination: The instruction mentions the center being partly blocked and advises to keep to the right, which are supported by the image and cues. It does not mention any unsupported objects or hazards."
london,"context-v2, no echo",000196,4,4,3,4,5,The centre is partly blocked. Slow down and keep to the left.,"Free space: left=partly blocked, centre=partly blocked, right=clear. Obstacles: bus (centre, far); car (right, far); person (centre, far); person (centre, far).","safety: The instruction directs the pedestrian to slow down and keep to the left, which is a safe action given the partly blocked center and the presence of a bus and car in the far center. actionability: The instruction uses a concrete verb 'slow down' and a body-relative direction 'left', making it actionable. spatial_accuracy: The instruction mentions the center being partly blocked and directs the pedestrian to keep to the left, which aligns with the image and cues. However, it does not specify the distance, which is a minor error. conciseness: The instruction is concise, containing only two sentences without any scene description. hallucination: The instruction mentions the center being partly blocked and directs the pedestrian to keep to the left, which are supported by the image and cues. It does not mention any unsupported objects or hazards."
london,"context-v2, no echo",000200,4,4,3,4,5,The centre is partly blocked. Slow down and keep to the right.,"Free space: left=partly blocked, centre=partly blocked, right=blocked. Obstacles: person (centre, far); person (centre, far); person (centre, far); person (centre, far).","safety: The instruction warns about a partly blocked center, which is a relevant hazard, and advises to keep to the right, which is a safe action. actionability: The instruction uses a concrete verb 'slow down' and a body-relative direction 'to the right', making it actionable. spatial_accuracy: The instruction mentions the center being partly blocked and advises to keep to the right, which aligns with the image and cues. However, it does not specify the distance, which is a minor error. conciseness: The instruction is brief and to the point, containing only two sentences without any scene description. hallucination: The instruction mentions a partly blocked center and advises to keep to the right, which are both supported by the image and cues. There are no unsupported objects, hazards, or directions."
london,"context-v2, no echo",000204,1,3,3,4,5,Continue walking. There's a bus far ahead on the right.,"Free space: left=partly blocked, centre=partly blocked, right=clear. Obstacles: bus (right, far); person (centre, far); person (centre, far); person (centre, far).","safety: The instruction does not mention any immediate hazards and directs the pedestrian into the path of a bus far ahead, which could be dangerous. actionability: The instruction uses a concrete verb 'Continue walking' and a body-relative direction 'right', but it lacks precision in terms of distance and the specific action required. spatial_accuracy: The instruction mentions a bus far ahead on the right, which aligns with the image and the cues provided, but it does not specify the distance, which is crucial for a blind pedestrian. conciseness: The instruction is concise, consisting of two sentences without any unnecessary details. hallucination: The instruction mentions a bus far ahead on the right, which is supported by the image and the cues provided."
london,"context-v2, no echo",000208,5,5,3,4,5,The centre is partly blocked. There's a person directly ahead. Slow down and keep to the right.,"Free space: left=partly blocked, centre=partly blocked, right=partly blocked. Obstacles: person (centre, mid); person (left, mid); person (right, far); person (centre, far).","safety: The instruction directs the pedestrian to slow down and keep to the right, which is a safe action given the presence of a person directly ahead. actionability: The instruction uses a concrete verb 'slow down' and a body-relative direction 'to the right', making it actionable. spatial_accuracy: The instruction mentions the center as partly blocked and there's a person directly ahead, which matches the image and cues. conciseness: The instruction is concise, containing only two sentences without any scene description. hallucination: The instruction mentions a person directly ahead and the center being partly blocked, which are supported by the image and cues."
london,"context-v2, no echo",000212,1,3,1,4,5,Continue walking. There's a person ahead.,"Free space: left=clear, centre=clear, right=blocked. Obstacles: person (centre, far); person (left, far); person (left, far); bicycle (centre, far).","safety: The instruction does not mention any immediate hazards and directs the pedestrian ahead, which could lead to a collision with the person ahead. actionability: The instruction uses a concrete verb 'continue' and a body-relative direction 'ahead', but it does not specify the distance or the side. spatial_accuracy: The instruction does not mention any specific side or distance, which could be misleading. conciseness: The instruction is concise, consisting of only two sentences. hallucination: The instruction mentions a person ahead, which is supported by the image and cues."
london,"context-v2, no echo",000216,1,3,1,4,1,Continue walking. There's a person ahead and to the left.,"Free space: left=clear, centre=clear, right=partly blocked. Obstacles: person (left, mid); person (centre, mid); person (left, mid); bus (centre, far).","safety: The instruction does not mention any immediate safety hazards, such as the closed entrance or the person ahead, which could pose a risk. actionability: The instruction uses a concrete verb 'Continue walking' and a body-relative direction 'ahead', but it does not specify the distance or the side. spatial_accuracy: The instruction mentions a person ahead and to the left, but the image shows a person ahead and to the right, indicating a mismatch. conciseness: The instruction is concise, containing only two sentences without any scene description. hallucination: The instruction mentions a person ahead and to the left, but the image shows a person ahead and to the right, and there is no mention of a person to the left."
london,"context-v2, no echo",000220,3,5,3,4,3,The person ahead is close. Slow down and keep to the right.,"Free space: left=partly blocked, centre=partly blocked, right=partly blocked. Obstacles: person (centre, near); bus (left, far); person (right, far); person (right, far).","safety: The instruction directs the pedestrian to slow down and keep to the right, which is a safe action given the presence of a person ahead. However, it does not mention the bus as a potential hazard, which is a relevant near obstacle. actionability: The instruction uses a concrete verb 'slow down' and a body-relative direction 'to the right', which is clear and actionable. spatial_accuracy: The instruction mentions the person ahead, which is correct, but does not specify the distance or side, which is not clear from the image. The bus is not mentioned at all. conciseness: The instruction is concise, containing only two sentences without any unnecessary details. hallucination: The instruction mentions a person ahead and a bus, but does not mention any other objects or hazards. The bus is not visible in the image, but the person ahead is."
london,"context-v2, no echo",000224,4,4,3,4,3,The centre is partly blocked. There's a person far ahead. Slow down and keep to the right.,"Free space: left=partly blocked, centre=partly blocked, right=blocked. Obstacles: person (centre, far); bus (centre, far); person (left, far); trash can (left, far).","safety: The instruction directs the pedestrian to slow down and keep to the right, which is a safe action given the partly blocked center and a person far ahead. actionability: The instruction uses a concrete verb 'slow down' and a body-relative direction 'to the right', which is clear and actionable. spatial_accuracy: The instruction mentions the center being partly blocked and a person far ahead, which matches the image and cues. However, the bus is not mentioned, which is a relevant near hazard. conciseness: The instruction is concise, containing only two sentences without any scene description. hallucination: The instruction mentions a person far ahead and the center being partly blocked, which are supported by the image and cues. However, it does not mention the bus, which is a relevant near hazard."
london,"context-v2, no echo",000228,4,4,4,4,4,The centre is partly blocked. Slow down and keep to the left.,"Free space: left=partly blocked, centre=partly blocked, right=partly blocked. Obstacles: bus (right, far); person (centre, far); trash can (centre, far); person (centre, far).","safety: The instruction directs the pedestrian to slow down and keep to the left, which is a safe action given the partly blocked center and the presence of a bus and a person in the far center. actionability: The instruction uses a concrete verb 'slow down' and a body-relative direction 'left', making it actionable. spatial_accuracy: The instruction mentions the center being partly blocked and directs the pedestrian to keep to the left, which aligns with the image and the cues provided. conciseness: The instruction is concise, containing only two sentences without any unnecessary description. hallucination: The instruction mentions the bus and the person in the far center, which are supported by the image and the cues provided."
london,"context-v2, no echo",000232,1,3,3,4,3,Continue walking. There's a bus far ahead on the right.,"Free space: left=partly blocked, centre=partly blocked, right=partly blocked. Obstacles: bus (right, far); person (centre, far); person (left, far); person (centre, far).","safety: The instruction does not mention any immediate hazards and directs the pedestrian to continue walking, which could be dangerous if there are obstacles or traffic in the immediate vicinity. actionability: The instruction uses a concrete verb 'Continue walking' and a body-relative direction 'ahead', but it does not specify which side of the street the pedestrian should walk on, which is crucial for safety. spatial_accuracy: The instruction mentions a bus far ahead on the right, which is consistent with the image, but it does not specify the distance or the side of the street, which could be misleading. conciseness: The instruction is concise, consisting of two sentences without any unnecessary details. hallucination: The instruction mentions a bus far ahead on the right, which is supported by the image and the cues. However, it does not mention any other objects or hazards."
london,"context-v2, no echo",000236,1,3,3,4,5,Continue walking. There's a person ahead and to the right.,"Free space: left=partly blocked, centre=partly blocked, right=partly blocked. Obstacles: person (right, mid); bus (right, far); person (centre, far); person (right, far).","safety: The instruction does not mention the person ahead, which is a safety-critical hazard. actionability: The instruction uses a concrete verb 'Continue walking' and a body-relative direction 'ahead and to the right', but it is vague about the distance. spatial_accuracy: The instruction mentions a person ahead and to the right, which matches the image, but it does not specify the distance. conciseness: The instruction is concise, containing only two sentences. hallucination: The instruction mentions a person ahead and to the right, which is supported by the image and cues."
london,"context-v2, no echo",000240,1,5,3,4,5,Continue walking. There's a person close ahead on your right.,"Free space: left=blocked, centre=partly blocked, right=partly blocked. Obstacles: person (right, near); person (centre, far); person (centre, far); person (centre, far).","safety: The instruction directs the pedestrian into a potentially hazardous situation by not mentioning the person close ahead on the right. actionability: The instruction uses a concrete verb 'Continue walking' and a body-relative direction 'right', making it actionable. spatial_accuracy: The instruction mentions a person close ahead on the right, which matches the image and cues. conciseness: The instruction is concise, containing only two sentences. hallucination: The instruction mentions a person close ahead on the right, which is supported by the image and cues."
london,"context-v2, no echo",000244,5,5,3,4,5,STOP. There's a person close ahead.,"Free space: left=blocked, centre=blocked, right=partly blocked. Obstacles: person (left, near); person (left, near); motorcycle (centre, far).","safety: The instruction clearly warns of a person close ahead, which is a critical safety hazard. actionability: The instruction uses a concrete verb 'STOP' and a clear direction 'ahead', making it actionable. spatial_accuracy: The instruction mentions 'close ahead', which aligns with the image showing a person near the pedestrian. conciseness: The instruction is brief and to the point, containing only one sentence. hallucination: The instruction mentions a person, which is supported by the image and cues."
london,"context-v2, no echo",000248,4,4,4,4,5,The centre is partly blocked. Slow down and keep to the left.,"Free space: left=partly blocked, centre=partly blocked, right=partly blocked. Obstacles: person (left, mid); bus (right, mid); person (centre, far); person (right, far).","safety: The instruction directs the pedestrian to slow down and keep to the left, which is a safe action given the partly blocked center due to the bus and people. actionability: The instruction uses a concrete verb 'slow down' and a body-relative direction 'left', making it actionable. spatial_accuracy: The instruction mentions the center being partly blocked and directs the pedestrian to keep to the left, which aligns with the image and cues. conciseness: The instruction is concise, containing only two sentences without any scene description. hallucination: The instruction mentions the bus and people, which are supported by the image and cues."
london,"context-v2, no echo",000252,1,3,3,4,3,Continue. There's a person a few steps ahead on the right.,"Free space: left=partly blocked, centre=partly blocked, right=partly blocked. Obstacles: bus (left, far); person (centre, far); person (right, far); person (right, far).","safety: The instruction does not mention any immediate hazards and does not guide the pedestrian away from them. actionability: The instruction uses a concrete verb 'Continue' and a body-relative direction 'ahead', but it is vague about the distance and the side. spatial_accuracy: The instruction mentions a person ahead on the right, but the image shows a person far ahead and not specifically on the right. conciseness: The instruction is concise, containing only one sentence. hallucination: The instruction mentions a person ahead on the right, but the image shows a person far ahead and not specifically on the right."
london,"context-v2, no echo",000256,1,3,3,4,3,Continue. There's a person a few steps away on the right.,"Free space: left=partly blocked, centre=clear, right=clear. Obstacles: bus (left, far); trash can (centre, far); person (right, far); person (right, far).","safety: The instruction does not mention any immediate hazards and does not guide the pedestrian away from them. actionability: The instruction uses a concrete verb 'Continue' and a body-relative direction 'right', but it is vague about the distance and the specific action. spatial_accuracy: The instruction mentions a person on the right, but the distance is not specified, and the person is not the most immediate obstacle. conciseness: The instruction is concise, containing only two sentences. hallucination: The instruction mentions a person, which is supported by the image, but does not mention any other objects or hazards."
london,"context-v2, no echo",000260,1,3,3,4,5,Continue. There's a person far ahead on the right.,"Free space: left=partly blocked, centre=partly blocked, right=partly blocked. Obstacles: person (right, far); trash can (centre, far); person (centre, far); traffic light (left, far).","safety: The instruction does not mention any immediate hazards and does not guide the pedestrian away from them. actionability: The instruction uses a concrete verb 'Continue' and a body-relative direction 'ahead', but it is vague about the distance and the side. spatial_accuracy: The instruction mentions a person far ahead on the right, which matches the image and cues. conciseness: The instruction is concise, containing only two sentences. hallucination: The instruction mentions a person far ahead on the right, which is supported by the image and cues."
london,"context-v2, no echo",000264,1,2,3,3,5,Continue. There's a trash can directly ahead.,"Free space: left=clear, centre=clear, right=blocked. Obstacles: trash can (right, near); trash can (centre, mid); person (centre, far); person (centre, far).","safety: The instruction does not mention any immediate hazards, which could be dangerous for a blind pedestrian. actionability: The instruction is vague and does not specify a clear action or direction. spatial_accuracy: The instruction mentions a trash can ahead, but does not specify the distance or side, which could be misleading. conciseness: The instruction is brief but lacks specific spatial information. hallucination: The instruction mentions a trash can ahead, which is supported by the image and cues."
london,"context-v2, no echo",000268,1,3,3,4,5,Continue walking. There's a person close ahead.,"Free space: left=partly blocked, centre=partly blocked, right=partly blocked. Obstacles: person (right, near); person (right, near); person (centre, far); person (left, far).","safety: The instruction does not mention any immediate hazards and does not guide the pedestrian away from them. actionability: The instruction uses a concrete verb 'Continue walking' and a body-relative direction 'ahead', but it does not specify the distance or side. spatial_accuracy: The instruction does not mention any specific side or distance, but it does not contradict the image or cues. conciseness: The instruction is brief and clear, containing only one sentence. hallucination: The instruction mentions a person close ahead, which is supported by the image and cues."
london,"context-v2, no echo",000272,5,5,3,4,5,Continue walking. There's a person far ahead on the right.,"Free space: left=blocked, centre=clear, right=clear. Obstacles: person (right, far); person (centre, far); person (centre, far); person (left, far).","safety: The instruction does not mention any immediate hazards and directs the pedestrian to continue walking, which is safe. actionability: The instruction uses a concrete verb 'Continue' and a body-relative direction 'ahead', making it actionable. spatial_accuracy: The instruction mentions a person far ahead on the right, which matches the image and cues. conciseness: The instruction is brief and clear, containing only one sentence. hallucination: The instruction mentions a person far ahead on the right, which is supported by the image and cues."
london,"context-v2, no echo",000276,1,3,3,4,5,Continue walking. There's a person ahead and to the left.,"Free space: left=blocked, centre=clear, right=blocked. Obstacles: person (left, near); person (left, mid); car (left, far); person (centre, far).","safety: The instruction does not mention the person ahead, which is a safety-critical hazard. actionability: The instruction uses a concrete verb 'Continue walking' and a body-relative direction 'left', but it does not specify the distance or the person's position. spatial_accuracy: The instruction mentions 'left', but does not specify the distance or the person's position, which is not accurate. conciseness: The instruction is concise, containing only two sentences. hallucination: The instruction mentions a person ahead and to the left, which is supported by the image and cues."
london,"context-v2, no echo",000280,1,1,1,2,5,Continue walking. There's a car directly ahead.,"Free space: left=partly blocked, centre=clear, right=clear. Obstacles: car (right, mid); car (centre, mid); car (left, mid); car (right, far).","safety: The instruction does not mention any immediate hazards and does not guide the pedestrian away from a car, which is a safety concern. actionability: The instruction is vague and does not specify a clear action or direction, making it unclear what the pedestrian should do next. spatial_accuracy: The instruction mentions a car directly ahead, but does not specify the distance or side, which is not accurate in the image. conciseness: The instruction is brief but lacks specific action and direction, making it unclear and potentially confusing. hallucination: The instruction mentions a car directly ahead, which is supported by the image and cues."
london,"context-v2, no echo",000284,1,2,3,4,5,Continue. There's a car close ahead.,"Free space: left=blocked, centre=clear, right=clear. Obstacles: car (left, near); car (right, far); car (centre, far); car (centre, far).","safety: The instruction does not mention the car close ahead, which is a safety-critical hazard. actionability: The instruction only provides a vague direction 'Continue' without specifying a body-relative direction. spatial_accuracy: The instruction mentions a car close ahead, but does not specify the distance or side, which is not clear from the image. conciseness: The instruction is concise, containing only one sentence. hallucination: The instruction mentions a car close ahead, which is supported by the image and cues."
